genotype,tpm
BTx3197,6.75
BTx378,10.87
BTx399,7.34
BTx645,15.11
Comb7078,11.29
Day,12.07
ElMota,8.88
FeteritaGishesh,8.4
PI152651,3.48
PI153844,7.13
PI153846,11.19
PI22326,6.16
PI24969,14.11
PI260213,8.44
PI276837,4.77
PI34911,6.77
PI533745,6.2
PI533746,5.59
PI533747,5.63
PI533749,7.47
PI533750,5.24
PI533751,4.16
PI533752,10.17
PI533753,7.94
PI533754,14.86
PI533755,7.23
PI533756,5.12
PI533757,10.31
PI533758,7.78
PI533759,13.29
PI533760,7.22
PI533761,8.31
PI533762,9.17
PI533764,4.12
PI533765,3.27
PI533766,15.97
PI533767,13.35
PI533769,8.28
PI533770,11.52
PI533771,15.13
PI533773,10.32
PI533774,17.99
PI533775,8.51
PI533776,6.93
PI533777,28.62
PI533778,5.74
PI533783,14.35
PI533784,13.5
PI533785,10.52
PI533786,12.48
PI533789,13.2
PI533790,6.11
PI533791,15.81
PI533792,6.58
PI533793,13.07
PI533794,11.18
PI533795,6.29
PI533796,11.08
PI533797,5.71
PI533798,15.65
PI533799,6.73
PI533800,3.79
PI533801,16.89
PI533802,10.74
PI533803,7.84
PI533804,11.65
PI533805,3.78
PI533807,2.65
PI533808,13.71
PI533809,7.69
PI533810,21.5
PI533811,17.97
PI533812,16.09
PI533813,14.16
PI533814,8.9
PI533815,11.73
PI533816,8.46
PI533817,12.34
PI533818,11.75
PI533819,13.08
PI533821,5.21
PI533822,4.51
PI533823,8.57
PI533824,5.69
PI533825,14.54
PI533827,14.02
PI533828,10.84
PI533829,10.86
PI533831,6.58
PI533833,5.14
PI533835,10.77
PI533836,6.77
PI533837,4.24
PI533838,14.31
PI533840,8.13
PI533842,13
PI533843,12.98
PI533844,6.11
PI533845,5.18
PI533846,10.78
PI533847,3.57
PI533848,5.8
PI533850,8.96
PI533851,4.92
PI533852,10.21
PI533853,10.22
PI533855,6.27
PI533857,23.67
PI533859,10.14
PI533860,6.18
PI533861,6.08
PI533864,5.68
PI533865,9.36
PI533866,9.65
PI533867,5.28
PI533869,4.99
PI533870,7.47
PI533871,9.36
PI533872,9.18
PI533873,14.35
PI533874,15.64
PI533877,9.11
PI533878,8.5
PI533880,22.53
PI533881,16.39
PI533882,11.02
PI533883,9.21
PI533884,9.38
PI533885,16.06
PI533886,10.25
PI533887,10.23
PI533888,10.33
PI533889,15.15
PI533891,10.23
PI533893,9.69
PI533894,5.52
PI533897,23.21
PI533898,12.02
PI533899,12.92
PI533900,12.35
PI533901,11.44
PI533903,33.13
PI533904,13.62
PI533905,14.47
PI533906,11.48
PI533907,13.48
PI533908,8.11
PI533909,8.32
PI533911,7.63
PI533912,10.17
PI533913,10.49
PI533914,6.26
PI533915,9.29
PI533916,6
PI533917,11.79
PI533918,7.06
PI533919,4.32
PI533920,12.39
PI533921,17.1
PI533922,10.51
PI533923,9.12
PI533924,9.87
PI533925,8.38
PI533926,6.93
PI533928,9.72
PI533929,4.79
PI533930,6.38
PI533931,10.31
PI533933,9.39
PI533934,8.68
PI533935,7.6
PI533936,9.01
PI533937,11.61
PI533939,11.82
PI533940,9.59
PI533941,12.4
PI533942,8.19
PI533944,6.54
PI533946,10.94
PI533947,12.79
PI533949,7.37
PI533950,9.55
PI533951,11.79
PI533953,11.11
PI533955,14.01
PI533956,6.2
PI533957,6.9
PI533958,9.63
PI533960,4.43
PI533961,7.48
PI533962,7.48
PI533963,10.73
PI533964,4.89
PI533965,8.17
PI533966,11.16
PI533967,7.05
PI533968,7.09
PI533969,10.56
PI533970,7.26
PI533971,3.64
PI533974,15.64
PI533975,7.06
PI533976,6.07
PI533977,11.96
PI533978,10.75
PI533979,5.97
PI533980,8.45
PI533981,6.71
PI533982,9.79
PI533983,9.08
PI533984,7.81
PI533985,10.34
PI533986,11.97
PI533987,11.37
PI533988,17.75
PI533989,6.03
PI533990,3.03
PI533991,17.09
PI533992,12.31
PI533993,8.24
PI533995,8.33
PI533997,6.11
PI533998,9.98
PI533999,10.4
PI534000,9.61
PI534001,11.81
PI534002,6.34
PI534003,8.04
PI534004,11.2
PI534005,12.58
PI534006,12.16
PI534007,4.62
PI534008,11.21
PI534010,8.21
PI534011,13.25
PI534013,7.49
PI534014,12.3
PI534015,15.96
PI534016,11.71
PI534017,8.76
PI534018,5.07
PI534019,6.9
PI534020,5.31
PI534024,4.43
PI534025,18.5
PI534028,18.96
PI534030,9.89
PI534032,12.72
PI534035,10.19
PI534036,11.58
PI534037,10.35
PI534038,10.32
PI534039,10.52
PI534040,7.57
PI534043,10.14
PI534045,7.83
PI534046,10.79
PI534047,13.62
PI534048,9.47
PI534049,11.06
PI534050,10.5
PI534051,12.35
PI534053,13.29
PI534054,10.42
PI534055,10.78
PI534056,11.41
PI534057,8.16
PI534058,9.14
PI534059,9.75
PI534060,7.26
PI534062,5.92
PI534064,13.05
PI534065,12.29
PI534066,8.64
PI534067,8.46
PI534068,12.52
PI534069,11.32
PI534070,8.79
PI534071,14.48
PI534072,15.68
PI534073,9.69
PI534074,8.94
PI534076,11.93
PI534077,7.98
PI534078,13.1
PI534080,14.84
PI534081,11.17
PI534082,10.19
PI534083,7.85
PI534084,18.18
PI534085,16.96
PI534087,7.99
PI534088,12.85
PI534089,7.67
PI534090,10.5
PI534091,8.84
PI534092,18.94
PI534094,10.02
PI534095,9.17
PI534097,6.48
PI534098,7.25
PI534099,9.15
PI534100,4.88
PI534101,8.34
PI534102,9.47
PI534103,9.43
PI534104,8.57
PI534105,8.17
PI534106,7.68
PI534107,6.86
PI534108,6.03
PI534109,11.45
PI534110,4.86
PI534112,5.24
PI534113,6.64
PI534114,13.92
PI534115,8.39
PI534117,6.09
PI534118,5.56
PI534120,6.2
PI534122,8.12
PI534125,11.03
PI534126,9.92
PI534128,9.68
PI534129,17.55
PI534130,20.42
PI534132,8.61
PI534133,8.39
PI534134,4.71
PI534136,9.01
PI534137,15.47
PI534141,6.98
PI534142,4.92
PI534144,17.18
PI534146,9.63
PI534147,14.2
PI534150,6.06
PI534151,20.97
PI534153,11.1
PI534154,10.83
PI534155,10.56
PI534157,7.08
PI534159,8.38
PI534160,14.48
PI534161,10.42
PI534162,7.39
PI534163,16.07
PI534164,6.77
PI534165,6.07
PI534167,11.57
PI542406,3.01
PI542718,7.06
PI548797,8.81
PI552861,11.25
PI561071,6.39
PI561073,7.63
PI564163,4.804285714285714
PI564164,6.52
PI564165,8.89
PI565121,4.26
PI574455,5.65
PI576328,9.94
PI576329,10.08
PI576330,6.62
PI576331,2.4
PI576332,4.94
PI576333,11.43
PI576336,17.98
PI576338,8.49
PI576339,7.57
PI576340,13.51
PI576343,7.4
PI576344,4.36
PI576345,8.68
PI576347,8.3
PI576349,6.02
PI576351,26.31
PI576352,7.63
PI576353,4.34
PI576356,9.6
PI576358,3.73
PI576359,8.87
PI576360,8.63
PI576361,10.55
PI576362,12.71
PI576363,10.15
PI576364,15.54
PI576365,16.73
PI576367,14.38
PI576368,8.19
PI576369,14.44
PI576370,11.91
PI576371,4.86
PI576372,10.12
PI576373,8.82
PI576374,5.11
PI576375,6.34
PI576376,14.43
PI576378,10.26
PI576382,6.58
PI576383,12.4
PI576386,10.84
PI576387,9.35
PI576389,9.86
PI576390,8.28
PI576391,4.54
PI576392,7.69
PI576393,6.1
PI576394,9.38
PI576395,9.64
PI576396,10.41
PI576397,15.31
PI576398,9.14
PI576399,7.89
PI576400,5.13
PI576401,5.55
PI576402,12.2
PI576403,16.35
PI576404,8.75
PI576405,8.46
PI576406,6.8
PI576407,7.17
PI576409,8.57
PI576410,5.03
PI576411,10.61
PI576412,10.64
PI576413,14.86
PI576414,4.73
PI576415,17.34
PI576416,6.32
PI576417,17.29
PI576418,9.19
PI576419,10.58
PI576420,7.15
PI576421,7.53
PI576424,17.9
PI576425,10.01
PI576426,15.65
PI576427,9.24
PI576429,8.77
PI576430,12.02
PI576431,13.94
PI576432,14.52
PI576433,6
PI576434,7.49
PI576435,6.57
PI576436,8.6
PI576437,8.99
PI595699,18.62
PI595700,5.35
PI595701,10.29
PI595704,5.94
PI595705,6.29
PI595706,6.39
PI595708,8.4
PI595710,4.23
PI595711,11.39
PI595713,14.35
PI595714,8.13
PI595716,7.73
PI595717,6.3
PI595718,9.89
PI595719,4.55
PI595720,4.42
PI595721,11.98
PI595722,9.87
PI595724,20.52
PI595725,11.03
PI595726,6.98
PI595727,13.49
PI595728,9.73
PI595729,6.94
PI595731,15.96
PI595732,10.66
PI595733,4.72
PI595734,6.15
PI595735,3.54
PI595736,5.36
PI595737,5.69
PI595738,7.3
PI595739,6.61
PI595741,10.39
PI595743,4.69
PI595744,11.07
PI595746,9.97
PI595747,8.18
PI595748,12.61
PI597943,7.12
PI597946,8.49
PI597947,9.89
PI597949,12.66
PI597951,9.16
PI597952,7.18
PI597953,9.93
PI597954,8.24
PI597955,3.06
PI597957,13.8
PI597958,4.38
PI597959,3.76
PI597961,7.36
PI597962,13.22
PI597963,7.82
PI597965,15.4
PI597966,4.91
PI597967,9.12
PI597968,16.64
PI597969,18.58
PI597970,11.69
PI597971,7.73
PI597972,14.76
PI597973,5.91
PI597974,8.11
PI597975,12.21
PI597976,15.65
PI597978,7.44
PI597980,4.61
PI597981,13.26
PI597982,7.98
PI607931,6.82
PI609456,14.62
PI613536,15.89
PI629034,5
PI629040,6.31
PI629059,7.55
PI641849,10.33
PI642998,8.87
PI651496,7.34
PI655970,6.11
PI655972,14.02
PI655974,9.6
PI655975,6.76
PI655977,5.74
PI655978,7.32
PI655979,7.62
PI655981,16.06
PI655986,12.57
PI655987,7.11
PI655992,6.84
PI655993,12.37
PI655994,14.62
PI655995,3.85
PI655999,4.3
PI656000,10.31
PI656001,11.15
PI656002,8.77
PI656003,6.38
PI656004,10.84
PI656005,6.83
PI656006,7.59
PI656007,7.77
PI656008,5.81
PI656009,7.05
PI656010,5.35
PI656011,7.22
PI656012,11.68
PI656013,9.46
PI656014,2.98
PI656016,4.39
PI656017,13.43
PI656018,11.57
PI656019,8.13
PI656020,10.34
PI656024,7.23
PI656025,8.54
PI656027,9.08
PI656028,14.39
PI656029,13.12
PI656030,10.38
PI656031,7.9
PI656032,10.04
PI656034,6.5
PI656035,4.91
PI656036,5.83
PI656037,5.65
PI656039,8.64
PI656040,13.82
PI656041,8.9
PI656044,8.72
PI656046,5.35
PI656048,3.21
PI656050,8.65
PI656051,3.84
PI656053,9.26
PI656055,8.32
PI656056,3.55
PI656057,10.39
PI656058,9.38
PI656059,9.78
PI656060,11.41
PI656061,8.01
PI656062,9.31
PI656063,5.28
PI656068,10.04
PI656069,13.41
PI656070,14.15
PI656071,8.73
PI656072,11.89
PI656074,16.56
PI656076,8.96
PI656077,13.28
PI656078,6.3
PI656079,8.86
PI656080,9.08
PI656083,10.76
PI656084,2.93
PI656085,10.96
PI656087,8.5
PI656089,8.62
PI656091,20.03
PI656092,13.6
PI656093,11.97
PI656094,14.36
PI656095,16.88
PI656096,12.14
PI656097,8.03
PI656098,24.06
PI656099,5.69
PI656100,11.4
PI656101,5.77
PI656102,3.5
PI656103,8.49
PI656105,6.04
PI656106,5
PI656107,8.86
PI656108,8.14
PI656109,13.56
PI656110,9.82
PI656112,13.14
PI656115,9.05
PI656116,11.32
PI656118,6.81
PI656119,16.25
PI656121,10.52
PI659691,11.68
PI659693,6
PI659694,7.4
PI659695,10.92
PI659696,6.36
PI659753,14.17
RTAM2566,4.65
RTX2737,13.35
RTx2917,8.48
RTx430,6.83
SC0003,7.18
SC0027,5.74
SC0041,7.51
SC0092,15.08
SC0138,21.69
SC0150,14.97
SC0156,16.83
SC0157,8.15
SC0159,12.63
SC0178,5.1
SC0179,7.68
SC0190,9.4
SC0191,13.81
SC0201,10.09
SC0235,11.82
SC0236,5.12
SC0247,6.5
SC0249,8.66
SC0263,4.99
SC0266,10
SC0297,13.77
SC0314,11.29
SC0371,12.52
SC0409,8.83
SC0436,10.85
SC0438,9.1
SC0445,4.92
SC0448,6.97
SC0456,5.98
SC0458,12.31
SC0470,5.43
SC0479,20.28
SC0505,10.81
SC0517,6.3
SC0540,10.64
SC0542,10
SC0547,12.61
SC0550,7.15
SC0551,9.43
SC0556,12.9
SC0581,15.22
SC0582,4.24
SC0618,11.17
SC0631,11.17
SC0636,7.24
SC0640,9.88
SC0685,10.43
SC0713,7
SC0741,6.78
SC0747,7.99
SC0753,6.17
SC0759,14.41
SC0777,8.14
SC0814,14.07
SC0823,4.23
SC0834,20.59
SC0847,23.99
SC0848,1.92
SC0854,11.85
SC0858,6.04
SC0860,7.68
SC0868,7.87
SC0870,7.45
SC0871,3.25
SC0878,11.99
SC0893,14.15
SC0914,6.14
SC0921,4.23
SC0999,9.91
SC1021,9.28
SC1023,5.98
SC1024,9.87
SC1058,8.81
SC1082,14.91
SC1097,12.71
SC1107,10.42
SC1114,13.44
SC1119,6.79
SC1120,13.64
SC1133,9.1
SC1166,9.45
SC1170,25.22
SC1193,8.82
SC1216,7.34
SanChiSan,6.31
Segaolane,6.82
