POS,r2
60480003,0.004411715215941835
60480051,0.04610292334412413
60480056,0.3696675703778996
60480082,0.005203621428363613
60480093,0.02979693051330167
60480284,0.00607957113363075
60480500,0.041048601694849245
60480515,0.37702409561214284
60480574,0.37665868624355753
60480658,0.36193295298449785
60480770,0.36727448877909313
60480817,0.36277515478441574
60480888,0.36686376138451005
60480894,0.3704270440789849
60480895,0.36998186747844736
60480949,0.0002945577843132541
60480962,0.00016845309982004946
60481059,5.648374104839657e-05
60481060,1.8506503895703527e-06
60481078,0.021499907310516608
60481117,0.001050021131674525
60481124,0.011216283206344933
60481246,0.3684751927139466
60481251,0.36402123478468
60481304,0.04012027541064958
60481328,0.3726666682432159
60481364,0.35670271439934553
60481516,0.3491050081211223
60481527,0.3527261565667612
60481563,0.33126588276736746
60481610,0.3083110566808394
60481611,0.00227258216232555
60481614,0.3118764715414394
60481624,0.0482272492912834
60481635,0.00010957972279322382
60481645,0.02108007454699124
60481650,0.023271473908490655
60481653,0.011643611314551867
60481654,0.011658765897163479
60481666,0.008149721926679156
60481776,0.0003384003082635728
60481783,0.0010208025575353771
60481814,0.012900278025199304
60481851,0.0012099803787448769
60481852,0.007517611889430345
60481920,0.12374405182583526
60481926,0.14471904585996667
60481928,0.00539788443815072
60482018,0.37940164675278254
60482248,0.3627230504029248
60482249,0.004735414506913759
60482255,0.004350063940371124
60482308,0.3670673214322794
60482583,0.00018650965249444634
60482601,0.001538881669371664
60482631,0.0010069688955954333
60482663,0.001615044143500513
60482800,0.3635236598428201
60482823,0.3681884906128395
60482904,0.04137415911612422
60482933,0.3778256848825455
60482936,0.37422418887843906
60482988,0.3689923175473913
60483038,0.3709510919424286
60483063,0.3746310720433994
60483068,0.3671604439511002
60483079,0.3675183361594063
60483082,0.3690145820582528
60483093,0.37140891897091355
60483192,0.37148072173546104
60483238,0.37212278456129094
60483287,0.41349241496228056
60483496,0.3614089084763537
60483584,0.00015857520095732686
60483700,0.0014018343592876392
60483704,0.0013917096346581688
60484197,0.10923340088549892
60484311,0.006555371530595181
60484341,0.005101863665588958
60484707,0.33979940743799186
60484778,0.3501543372093775
60484794,0.12591376011450192
60484864,0.005674847655579836
60484889,0.14223721059268396
60484988,0.018472371556229272
60485000,0.006599523503842092
60485026,0.04130363967130136
60485039,0.0008004824310644463
60485253,0.006762516438819223
60485343,0.0007590584595658686
60485855,0.00523161344670632
60486173,0.0009473044371592574
60486518,0.04020369939108852
60486554,0.0016886840710917891
60486665,0.38161666746388734
60486891,0.006701374958059357
60487042,0.006342045870942974
60487044,0.0058677758503439875
60487100,0.006173905942007087
60487154,0.356887282406535
60487527,0.0005924523689220109
60487584,0.000560788685345074
60487614,0.04314769566645942
60487821,0.0003814880990360338
60487892,0.005874823841756694
60487903,0.006138442674485583
60487960,0.0057973322117350155
60487993,0.004322351458149328
60488159,0.006413890812884021
60488358,0.005442780323767116
60488436,0.001434466887027401
60489045,0.116830144870599
60489197,0.005885707746330217
60489198,0.0005689326629170832
60489497,0.11659814681234647
60489605,0.3646067086395277
60489867,0.14148157893238966
60489868,0.14148157893238966
60490039,0.04028110731144099
60490040,0.005884169689455662
60490165,0.02877388730309464
60490260,0.1143336449702742
60490332,0.006618879644504932
60490703,0.04122831899092155
60490827,0.011353521590530118
60490857,0.12635409323860355
60490950,0.029702137601734825
60491063,0.4063637067526128
60491085,0.3900755348658845
60491267,0.007627754048202621
60492182,0.12435402195810184
60492233,0.00620946817714394
60492317,0.006192743694283344
60492828,0.2999826904495729
60492835,0.3423083352664654
60492858,0.33009300980826806
60492928,0.33507791582639096
60492930,0.3350779158263908
60492946,0.3333462466112902
60492954,0.3300314311269296
60492963,0.43102738212193265
60492980,0.3295089111914076
60493025,0.3943461739677264
60493047,0.11809316650410161
60493049,0.3367700749186289
60493064,0.35799477630255633
60493081,0.360392842708702
60493096,0.14386728428679404
60493194,0.11684408082618279
60493220,0.1298465738326453
60493372,0.1423042444235117
60493420,0.1447777122514963
60493425,0.1565750718654327
60493500,0.1769498638909594
60493525,0.04187424508484018
60493615,0.012186992705025945
60493620,0.03840570611190278
60493635,0.03859407658523597
60493684,0.057658018740476505
60493722,0.19583082677613475
60493733,0.15253177316372146
60493758,0.16745374766430576
60493760,0.1551091030984577
60493860,0.014198674976039287
60494014,0.04348221696465871
60494169,0.3634514866382597
60494226,0.3562747790443254
60494344,0.006174921697632223
60494538,0.1210028682438475
60494681,0.009786194016103934
60494863,0.4512163424333632
60495334,0.010769862210652277
60495359,0.011550591277385221
60495476,0.3839408885819471
60495479,0.00484538364515973
60495484,0.004632600202527919
60495500,0.3438860832722428
60495662,0.37405370059379406
60496069,0.00482327858095128
60496459,0.005422403535312866
60496530,1.4183603604477655e-05
60496541,0.11902295356481972
60496578,0.0005045328971962489
60496637,0.4383359569812073
60496660,0.3869522855727468
60496744,1.6958223923538938e-05
60496850,0.35788256354247716
60496908,0.10888064911425807
60497044,0.12006453397017196
60497045,0.12006453397017196
60497347,0.007755466588345577
60497508,0.04594852528097117
60497571,0.12541547202229944
60497671,0.04702758787812509
60497725,0.12512541693879523
60497760,0.4624289435725174
60497769,0.00576723998329168
60497804,0.009162552137807764
60497837,0.009605088228383725
60497864,0.009712967057737568
60498242,0.008191126354458046
60498271,0.0465574708741681
60498287,0.005974380282029462
60498328,0.013036369034812343
60498348,0.480444752914788
60498358,0.006339751250575477
60498433,0.0059910861278942885
60498450,0.002342856934419707
60498708,0.005508387305570628
60498877,0.12312081694077184
60499026,0.009541370583751941
60499388,0.0013047061337811833
60499635,0.003319865883438563
60499814,0.004968060234451234
60499852,0.008439573912648955
60499981,0.04500609946812085
60500397,0.1399542040306416
60500462,0.009383822559133165
60500537,0.04757975640106757
60500598,0.12001974003092827
60501061,0.0045388723967644245
60501159,0.16816234063673943
60501160,0.16816234063673943
60501281,0.004273945044228929
60506590,0.17887844447116946
60506626,0.00023349752043105263
60506920,0.04283416280930705
60508114,0.14490963350492617
60508273,0.1071501104105825
60508276,0.016525819137349452
60508301,0.022998668493831385
60508344,0.0007581674716647196
60508345,0.42774055253959076
60508367,0.1317311952404762
60508390,0.005688667516374396
60508436,0.009644562129755268
60508464,0.48445702976292726
60508490,0.46990967526329047
60508500,0.04899800349043594
60508566,0.010266244041046113
60508574,0.48798539660560586
60508603,0.006143674260280861
60508736,0.00043226162967990834
60508891,0.12435260290343962
60509175,0.12289915879718558
60509196,0.0008696525397240404
60509284,0.006495678196715796
60509446,0.00862908769823555
60509520,0.005736868034629128
60509525,0.1229702683541065
60509546,0.00035721467296748904
60509548,0.04397011756394848
60509568,0.0011861149779077104
60509599,0.11742567488446216
60509728,0.12110566654829925
60509813,0.0006884691473936369
60509922,0.3200322023742246
60510091,0.1253631674048032
60510209,0.04477765114770761
60510330,0.0002637006631577166
60510356,0.4887389366211852
60510499,0.047535358418941694
60510501,0.047535358418941694
60510537,0.4864811468552059
60510569,0.49171619486087087
60510570,0.12422910069673823
60510578,0.0002757490946028741
60510605,0.034100760356493294
60510643,0.005775999144696214
60510718,0.04371814432643439
60511530,0.006415853636683441
60511672,0.008146421132995081
60512432,0.3486751799210128
60512608,0.014606677745909211
60512633,0.04456182299324294
60512818,0.006195975327878467
60512971,0.04746175050573251
60513011,0.016123814042240503
60513068,0.1061843500291784
60513078,0.3227559636212219
60513250,0.06396566728023044
60513294,0.33058225290647814
60513361,0.05073303400909176
60513463,0.09810312951743295
60513603,0.06073368447405881
60513640,0.00614646158120705
60513652,0.012727497218928633
60513708,0.3262174015078253
60513809,0.05278587520752913
60514066,0.048099667403716934
60514126,0.0620392285963736
60514185,0.06281351874326596
60514195,0.049891156840674175
60514224,0.33037977964226606
60514247,0.0068317964941739945
60514256,0.3285191833158275
60514299,0.04789155618360893
60514515,0.3307536553548839
60514595,0.32729486597670204
60514620,0.048276702199923326
60514647,0.10394907205082417
60514706,0.049272384049378164
60514740,0.049303502641307166
60514766,0.05111844188115258
60514974,0.09727586134127203
60515011,0.328978504564703
60515100,0.018104416149793162
60518221,7.3152776479253835e-06
60518592,0.00017099292912066427
60518715,0.003902115118959033
60518716,0.0038961411832105653
60518722,0.00396111919544015
60518726,0.003961119195440152
60518734,0.005954490957351711
60518738,0.006289742948735516
60518746,0.004809417337319808
60518748,0.00662078623927588
60518755,0.007479665187664551
60518758,0.008307739214042932
60518759,0.008181446850366546
60518761,0.007937550562352652
60518802,0.006290606913706155
60518809,0.0039567248151219
60518815,0.003951608026267702
60518817,0.003951608026267702
60518821,0.003951608026267702
60518823,0.003951608026267702
60518826,0.003951608026267702
60518829,0.003946466802118165
60518833,0.003951608026267702
60518835,0.003946466802118165
60518848,0.012608305276810233
60518855,0.009239925829712592
60518857,0.012854794471326385
60518863,0.011669884894630729
60518864,0.011669884894630729
60518871,0.010936892939723976
60518895,0.010288234595137774
60518900,0.01022878108974997
60518904,0.010190833818404488
60518913,0.010203975646403587
60518919,0.01021704929615856
60518928,0.010515944551953095
60518939,0.00963730536714201
60518940,0.00966257437548839
60518941,0.00963730536714201
60518943,0.009677202955543711
60518949,0.00963730536714201
60518961,0.0056611150809363795
60518968,0.009587311169092413
60518970,0.009587311169092413
60518979,0.009704708930834704
60518988,0.009880311482138327
60518991,0.00948899351308086
60518994,0.009625300581546545
60518997,0.009597281758887926
60519000,0.009737195873858033
60519003,0.00861681821154502
60519006,0.00888161493915989
60519010,0.007813611380893308
60519012,0.007899635196582074
60519033,0.001912820218638517
60519036,0.00190859768861802
60519838,0.00016073169417081494
60519867,2.4274147888613856e-05
60519873,2.1649521212198146e-05
60519876,2.1919588185485402e-05
60519897,3.172396581369784e-06
60520175,0.0002434946889501015
60520181,0.0017384959875217478
60520184,0.0015162164041719265
60520202,0.0012007618796747671
60520212,0.00018003344672030174
60520217,0.00010029040456209047
60520220,0.00010029040456209047
60520221,0.00010029040456209047
60520232,0.0010062111386942001
60520238,0.0010657436894107282
60520248,0.0010180762860642681
60520250,0.0010200157832228748
60520262,0.0008767408638352021
60520265,0.0009386079886056867
60520268,0.0009889455485510578
60520269,0.0009889455485510578
60520272,0.0009263489718173422
60520284,0.0001665964433459447
60520293,0.0006398354708459754
60520295,0.00013799904183675623
60520828,0.04118012977713961
60520831,0.04069411435303701
60520832,0.04035184510945302
60520837,0.04210149565984353
60520842,0.0424873228369765
60520861,0.04270279568510543
60520866,0.040664894946468584
60520871,0.037325943960557495
60520876,0.03709987761970816
60520883,0.0024255501265748837
60526997,3.468725928180244e-06
60526999,9.49627809257417e-06
60529909,0.001986035109343189
60529912,0.0019846724628452737
60529950,0.0002919821157565378
60529963,0.0019082636840189425
60530505,0.01621545843785777
60530509,0.01885419753494287
60530512,0.02068141677001121
60530514,0.019843274918719858
60530523,0.02004074686895192
60530531,0.018378851607486046
60530532,0.018378851607486046
60530533,0.01806627358970197
60530537,0.01822962868581154
60530547,0.019150240832073215
60530552,0.018728982593315964
60530555,0.017428390957463284
60530567,0.02009630108903351
60530573,0.02185822630319407
60530576,0.02272653097923549
60530603,0.029689486263987715
60530609,0.029689486263987715
60530625,0.029020555549794706
60530633,0.013164538591401907
60530686,0.0081831199204777
60531563,8.810391700634854e-06
60535600,0.006284448190268096
60535755,0.09028500679565919
60535932,0.006951817968851378
60536286,0.009582398043174506
60536298,0.0531126434595493
60536348,0.046074278578519125
60536363,0.3356658223005964
60536630,0.04482463701817391
60536686,0.009560297617645177
60537025,0.07457287567591422
60537427,0.009193364736220412
60537723,0.0060134163095824636
60537878,0.006392725577613243
60538034,0.023486276542012095
60539263,0.056959369346319906
60539747,0.0064075259511423505
60540511,0.007409486629560337
60540608,0.007429576471329952
60540684,0.06898258118486053
60540873,0.037607447021238034
60541451,0.033451873927847584
60541514,0.04361962108929112
60545071,0.007001200809770717
60547493,0.006292154624792043
60547804,0.05979491592911538
60547869,0.09813061126054816
60548818,0.011157878470704267
60548819,0.011157703949034072
60548853,0.0070763743631627
60549334,0.34788053969943994
60549568,0.30149637772865123
60549588,0.04554578864899805
60549670,0.3037114601889285
60549674,0.30413735478779735
60549716,0.3100171542794963
60549730,0.30755972615979915
60549747,0.3136216778577201
60549768,0.312042897508403
60549907,0.13524453893126745
60550319,0.052914165744660416
60550322,0.05335369003999441
60550538,0.009235205589368519
60550558,0.294910982853337
60550675,0.014953680713138387
60550796,0.015181759409473874
60551310,0.006091960575194238
60551581,0.005699470379681653
60552054,0.014940675325900722
60552097,0.09914933152993635
60552125,0.009861953418285312
60552209,0.009674814113870524
60552223,0.009589357967082381
60552811,0.010326297150180639
60552947,0.0992608530745738
60553063,0.005722855939900527
60553437,0.015275052667197163
60553657,0.21552050134661163
60554132,0.018711490835401502
60554333,0.009856841347431412
60554966,0.23190558490243782
60555154,0.014276006256942357
60555253,0.014760839228641355
60555863,0.007520436832335179
60556053,0.09745175821542025
60556059,0.09956451932272425
60556068,0.0985329889223113
60556106,0.0037624159711779777
60556325,0.17906792182010672
60556328,0.4313077470381015
60556490,0.003256254927683763
60556526,0.5511896827929872
60556616,0.999999999999994
60556723,0.04718593177985598
60556852,0.0027843871837795815
60556917,0.5299894000628675
60556930,0.5290150941051626
60556949,0.7154622364431013
60557157,0.1512276789470999
60557170,0.03705085086304753
60557815,0.03157441221938226
60557818,0.006159215276051081
60558410,0.006050645478735546
60558483,0.00011876958923705183
60558668,0.015316470562676848
60558978,0.1618758418622758
60558982,0.1613018235130717
60558998,0.515016266926365
60559024,0.6242465091457429
60559028,0.5598427472476398
60559112,0.5727805746375311
60559181,0.012573599216194421
60559382,0.4243392781106362
60559767,0.007372364966157483
60559808,0.00889495842208636
60559966,0.01063348529162821
60560328,0.048346193068129005
60560629,0.00881541104801374
60561115,0.0066370799398055265
60561207,0.6481747852483231
60561262,0.009756306520388064
60561377,0.33438291097742606
60561633,0.04536018756601803
60561780,0.008736541962511625
60561839,0.04641268645236414
60561941,0.0004910096995761526
60562046,0.6740210740824764
60562529,0.005576228781202631
60562542,0.6298206885748252
60562638,0.04635444113274218
60562682,0.009158748626098851
60563112,0.046409261363819745
60563132,0.009161523589831602
60563206,0.00034548143259490653
60563307,0.04791231463800861
60563370,0.14901874608401744
60563458,0.6686341565921167
60563641,0.6575379456031963
60563682,0.03098788310852064
60563706,0.005663692108264703
60563783,0.04724879063672777
60563917,0.04714936110926797
60564035,0.006016470556444655
60564055,0.0060841934483940015
60564288,0.14275462189093707
60564297,0.009597401847212288
60564696,0.05433916796873144
60564959,0.4453391488250991
60565022,0.046899604274749006
60565095,0.04725155226246426
60565344,0.0465121920110972
60565817,0.14950970692307308
60566073,0.6621764601020327
60566185,0.00971002975023873
60566191,0.060938484890641485
60566718,0.008305517601636506
60566884,0.009259294863579511
60567425,0.006050422803282783
60567439,7.62158516406238e-05
60567469,0.04805528920797558
60567949,0.047588211734134765
60568375,0.006801516556313532
60569345,0.005974862423152679
60569363,0.00619342096779099
60569498,0.04263385877692371
60569792,0.007204719615173229
60569937,0.6843159233252119
60570461,0.4690789893049183
60570671,0.04816356422651544
60570709,0.6575315937819401
60570993,0.006019331860203195
60571279,0.6478757171821616
60571836,0.4864499069489955
60571872,0.006070358670263425
60572051,0.14853456066148177
60572291,0.6627843930705377
60572345,0.005828568751086706
60572351,0.009300779598520855
60572471,0.04731509288594482
60572517,0.047309663380271025
60573213,0.005610725207905796
60573368,0.6485182187362539
60573375,0.03404778294965779
60573398,0.03717259882286898
60573652,0.0463583014571977
60573786,0.04510838717007132
60573880,0.6120339825967619
60573886,0.609314791601467
60573889,0.6038107135478328
60573896,0.6088013929480514
60574219,0.009804352928344138
60574267,9.914860821506592e-06
60574392,0.13446424546024827
60574721,0.00973953282791972
60574830,0.008409365930382266
60574994,0.6586222333648156
60575540,0.008589354728520187
60575619,0.6284104805218063
60575627,0.04857348724072863
60576129,0.005733968869838345
60576182,0.0116841545849653
60576975,0.008941245691593883
60577133,0.15598467168361885
60577302,0.6079121375385544
60577315,0.1541389334529695
60577603,0.47077786978033226
60577862,0.4788872542788812
60577896,0.481178346523815
60578276,0.007558857196440022
60578277,0.007558857196440022
60578397,0.4973565139876893
60578778,0.3558836996125876
60578917,0.039395229643056355
60579063,0.49706575821436505
60579080,0.3792450006481296
60579276,0.007539029469536424
60579399,0.6395631064373235
60579787,0.49656775698962974
60579853,0.008316940833837598
60580005,0.4750150800903609
60580245,0.008671248989239514
60580371,0.009042100304958391
60580558,0.0427529318911228
60580701,0.4899049094486152
60580713,0.008852599054806275
60581237,0.6496498012467201
60581345,0.6171634304734689
60581417,0.6502626275830377
60581497,0.0096273191756673
60581576,0.05441467437585315
60581893,0.7453691313920511
60581942,0.07356852066449683
60581994,0.752529327963553
60582077,0.7014439714741515
60582162,0.7136156211800185
60582180,0.7332336621080856
60582195,0.7344359244279806
60582249,0.39615905676609053
60582264,0.3759989374240258
60582271,0.37752712491857415
60582308,0.008619653518478057
60582310,0.7460137968493554
60582319,0.7498014314552656
60582345,0.7499727420776974
60582427,0.7250675221768683
60582474,0.4016189170585665
60592548,0.7040829478836651
60592552,0.7099987247383145
60592565,0.7083109400352948
60592602,0.14795776648809203
60592637,0.7058101588915388
60592639,0.7167655396710836
60592661,0.7300010439025215
60592667,0.7189688434298872
60592708,0.7169134436602012
60592751,0.7155998211073544
60592764,0.7041226926826132
60592771,0.7220887104626629
60592786,0.00857862299620515
60593235,0.018866767440318937
60593313,0.03537916350543993
60593314,0.03534797364629447
60593453,0.005919755314795992
60593635,0.005673243583253905
60593673,0.008026414206786212
60593761,0.5215544351055728
60594042,0.014851388969832565
60594071,0.018635356219719457
60594198,0.012137043189924526
60594219,0.01486684375121609
60594296,0.5940414394635574
60594383,0.017206497082743896
60594460,0.17061693574924963
60594637,0.0006427433822702258
60594650,0.021624526865513544
60594705,0.02443535176403385
60594795,0.02706967615617709
60595010,0.03412329784604757
60595042,0.03602310329159714
60595070,0.035499374469671
60595082,0.035303203246728795
60595084,0.035206076206764816
60595113,0.03465114569276544
60595117,0.0363506221518085
60595130,0.03577276375242742
60595138,0.03571670961721282
60595166,0.03718226231274297
60595184,0.03682959272507297
60595189,0.03605887204466446
60595200,0.03508977931352975
60595256,0.03086159692182446
60595265,0.031725282389912
60595277,0.031321968091952986
60595367,0.032696545871896666
60596000,0.03188319139426587
60596021,0.03261560557592902
60596123,0.03480134466144584
60596348,0.030351945124303552
60596476,0.030372273799912097
60596624,0.00883750426926712
60596706,0.03187479232770709
60596780,0.008572418895363212
60596804,0.03149773955998401
60596829,0.03530077744085351
60596832,0.03338763857201355
60596843,0.03653543785644027
60596877,0.028089933246240713
60597315,0.002622308919244447
60597352,0.00040057053436684385
60597405,0.00037121324910784927
60597445,0.00021700216367218612
60597528,0.00024167950197165477
60597533,0.6014439964622373
60597556,0.0004735308214025309
60597557,0.0004890607865169493
60597575,0.00020158435317515008
60597604,0.00024288676666582104
60597624,0.0002459945174638457
60597625,0.0002459945174638457
60597664,0.00016549998326789245
60597669,0.00016549998326789288
60597774,0.0009878879211001699
60597783,0.0009521570441013123
60597793,0.0008353547278866794
60597803,0.0008741288327983094
60597832,0.0001247954972589398
60597866,0.0017419320853817137
60597935,0.001665676927147249
60598006,0.03689011647453479
60598046,0.033926572826060236
60598324,0.5612433665698753
60598397,0.4439517585212371
60598429,0.3858873591556241
60598458,0.03694902173564008
60598528,0.43211828740901354
60598806,0.6095533178600903
60598917,0.011495883986524714
60599050,0.03677128985840561
60599071,0.012333814579971479
60599149,0.01119428534474905
60599157,0.5919501605795219
60599159,0.010366565523947317
60599174,0.011746656887983263
60599175,0.012309660235821997
60599180,0.010579722407316762
60599185,0.023752332513709545
60599201,0.009716814808296137
60599203,0.009834428337840798
60599211,0.008925883845070176
60599229,0.02475052740550005
60599245,0.0002780385248193629
60599254,0.011401579401676382
60599263,0.012883767812492094
60599280,0.011729105274644117
60599309,0.01408479404500433
60599312,5.711489643571342e-07
60599365,0.012266576836749176
60599471,0.01439472704818857
60599476,0.014555871034622265
60599536,0.013511184242097678
60599712,0.03550849198544711
60599983,0.033411585625995256
60600107,0.035573354719179856
60600134,0.011303075789153095
60600174,0.035377409919919646
60600190,0.03989131575139958
60600261,0.010738562116788598
60600391,0.011098108838827926
60600406,0.14168415357005418
60600412,0.010396768961438103
60600450,0.010830352774415452
60600459,0.010914877261967233
60600570,0.01242540251476178
60600677,0.013099929239439943
60600821,0.011509581245671167
60600914,0.028221635178154562
60600915,0.028221635178154562
60600940,0.02729129730241306
60601302,0.023115237513021948
60601386,0.1413339195404293
60601429,0.1433431833661942
60601472,0.026014026591225314
60601558,0.011689728804579046
60601595,0.011320252414494471
60601608,0.01102471242457713
60601760,0.011396964039162901
60601810,0.013471632301044091
60602742,0.011609274940408204
60602849,0.6172651867317501
60602869,0.012171564950587915
60603117,0.012122569318255477
60603293,0.011942173284942263
60603352,0.011537918491883594
60603383,0.011122981426086385
60603462,0.010706635948149607
60603530,0.14653022631053722
60603536,0.02534969379431052
60603544,0.011376336828041386
60603549,0.011437016895509588
60603623,0.013622075948462422
60603854,0.013479992800233789
60603876,0.012175792362852388
60603909,0.011886692539359447
60604176,0.014268882240270061
60604179,0.012230306740358595
60604221,8.32408348811181e-05
60604312,0.011466154391198817
60604331,0.0404365073583836
60604370,0.011663561597358915
60604758,0.014058251659969004
60604765,0.0123175830163532
60604876,0.03641707972802617
60604952,0.016995049622386273
60605012,0.013640664507245192
60605021,0.02932064658883732
60605038,0.014612191351174258
60605071,0.013135011744799202
60605136,0.012344633687976078
60605145,0.011844307477758326
60605165,0.011765766196001804
60605239,0.012177299387162308
60605280,0.024229260331239007
60605355,0.010022188339192814
60605523,0.025830784028850588
60605712,0.012983533001655688
60605965,0.008839912613358234
60605998,0.011180818900527016
60606063,0.013623794725444333
60606121,0.01329870755496305
60606381,0.012812173239581903
60606414,0.040061775600187935
60606415,0.040061775600187935
60606455,0.012966679446755378
60606457,0.013290992456730674
60606462,0.02782116536707431
60606623,0.012858757342501552
60606687,0.012396319897318996
60606744,0.012139185361704918
60606755,0.01157940485436673
60606840,0.040254976759577454
60606911,0.014278896952886106
60606962,0.014676452727501609
60607019,0.013538394949385267
60607046,0.036502795547387654
60607064,0.14458875370847826
60607185,0.008521342234013378
60607235,0.008672465728387495
60607275,0.008829584618668042
60607295,0.033200471210845406
60607334,0.010890315844102574
60607370,0.16856959604857896
60607371,0.16856959604857896
60607391,0.009825374414250816
60607435,0.008141927938527313
60607444,0.37247249079909955
60607471,0.005834591276573984
60607477,0.007827582114283317
60607482,0.0064077396124655305
60607496,0.006548246030672088
60607542,0.19222498144893457
60607547,0.004759334188890108
60607555,0.0040411221781751425
60607620,0.0027286642305562017
60607640,0.1923279762749833
60607656,0.00024660914067885063
60608675,0.010329520914712316
60608745,0.15782024584427218
60608830,0.1964619804612005
60608993,7.47320476623425e-05
60609020,0.00889406506878343
60609350,0.37731582745606285
60609417,0.6090106159058449
60609565,0.01905541631906335
60609586,0.6122409100169384
60609624,0.03981490258571994
60609728,0.4640260317809106
60609745,0.007802767688533007
60609783,0.47335690606525893
60609789,0.3969493491534573
60609855,0.511373401673516
60609880,0.5297313977626144
60609888,0.00011935096240969123
60609902,0.037177274076616126
60609955,0.4640611128485763
60609961,0.13784695886675646
60609973,0.005502781920006276
60610039,0.0005112844871648204
60610137,4.639098951824474e-05
60610216,0.5849981907051456
60610532,7.295150517478097e-05
60610782,0.12509909439709155
60610921,0.041075715859604484
60610927,0.06609660239434852
60611075,0.11739256590846142
60611153,0.12162194092701308
60611361,0.038406112003911745
60611385,2.9067830491097714e-05
60611413,0.06780508870622123
60611459,0.009884812936081209
60611565,3.051438661958536e-05
60611567,0.035773223974609705
60611582,2.7276312847071546e-05
60611603,0.07223050125382538
60611770,0.0398725881888665
60611828,6.0448791091653124e-05
60612439,0.1401107922159541
60612856,0.0004728876834137183
60613286,6.664343963464345e-05
60613589,1.244518142542064e-05
60613782,0.06647893091955495
60613797,0.06649663897693867
60613817,0.06656810462675908
60613833,0.06672334633974734
60613878,0.06357371325414596
60613912,0.06692938115749321
60613964,0.06837373033019345
60613969,0.06837373033019345
60614048,0.06241412039838882
60614059,0.060925177698393396
60614064,0.06144965198134806
60614086,0.05972780635407867
60614693,5.03582148117064e-05
60614795,4.1506430396496815e-05
60614811,0.11837536356533356
60614827,0.061106526993022825
60614940,0.10925284145063631
60615080,7.2325603993009085e-06
60615135,7.117066276973037e-05
60615517,0.00018957045979108142
60615617,0.05351818944860555
60615630,0.06054670872397593
60615755,0.051614265968013724
60615767,0.0007985555827450699
60615771,0.10364129833923243
60615800,0.05313630481457844
60615808,0.10739889620382365
60615982,0.10304932326018362
60616111,0.06142677604507724
60616185,0.04067844168715213
60616221,0.09025581217111549
60616313,0.11524241179131443
60616327,0.11492673974441232
60616389,0.00739920101050568
60616446,0.00019041668359780293
60616494,5.8868124787128255e-05
60616699,0.05585256944882495
60616734,0.006789966780830753
60617032,0.007741181452121621
60617055,0.0382202315414001
60617090,0.00168145030339969
60617382,7.92609600008794e-07
60617525,0.03818232052331711
60617529,0.03801597442614703
60617546,4.222174004819587e-06
60617560,0.03842272006598329
60617643,0.039233722587251524
60617647,0.03973519780155318
60617685,0.041116559885353836
60617703,0.04060054536841062
60617738,0.09979925250907404
60617760,0.037333769782471896
60617847,0.015470051589757687
60617902,0.041554014566191774
60617930,0.007825074284644084
60617944,0.041739978369863255
60617953,0.012348783298086792
60617966,0.04011080248507373
60617971,0.04066144201009244
60617996,0.04040816956384885
60618011,0.0054714580934918395
60618022,0.03964714779091714
60618040,0.04078473248530678
60618051,0.09793166728220179
60618061,0.04057452961773012
60618070,0.03989973218055822
60618108,0.04062132315143349
60618131,5.7337802179293724e-05
60618139,0.04254561460592178
60618163,0.03898019273340366
60618171,0.008059410189199697
60618216,0.045187759354735166
60618217,0.045913808127736336
60618446,0.04221542143033249
60618463,4.297030011728783e-06
60618468,0.043879236117238804
60618505,0.04294988992317686
60618522,0.04356155413417116
60618587,0.046435403770058364
60618643,0.044271481561658256
60618684,0.043763974303252656
60618689,0.04398786287756038
60618762,0.03963445407173406
60618768,0.04019903284641571
60618830,0.022434440410139745
60619144,0.0126657890720173
60619219,0.08751673030995123
60619393,0.11933867914967894
60619414,0.04397489117032902
60619430,0.044792055726320376
60619460,0.0441306956873132
60619462,0.04464660730425243
60619478,0.04514187483418067
60619514,0.11917852979955587
60619526,0.044855665936946544
60619535,0.04440634390863934
60619627,0.04446676823906127
60619658,0.11246111128664847
60619901,0.042607916793774646
60619940,0.04212416972623255
60620013,0.04323362952595053
60620147,0.04219748874781312
60620190,0.04325371194531495
60620212,0.04235272303794593
60620374,0.043224614214727605
60620419,0.041216485176798934
60620436,0.039680018302618726
60620488,0.04143260276169365
60620503,0.04159215810935607
60620515,0.04088456800182029
60620787,0.04238128182858626
60621292,0.04298336500389149
60621615,0.039959578689925605
60621801,0.041141616650622055
60621813,2.6699680736898075e-06
60621951,0.12024135821400903
60622150,0.04110935847601888
60622352,0.12455331249163053
60622654,0.041442698212935246
60622736,0.04232343958872987
60622925,0.04220687729326687
60623012,0.11993151394066177
60623053,0.04217428152311619
60623180,0.12296045719258121
60623371,0.038835956590962645
60623402,0.042095851889406954
60623749,4.722413896666692e-05
60624156,9.708294763775118e-05
60624207,0.042130942657739895
60624227,7.813395058896351e-10
60624292,0.04261806485986709
60624396,0.11882515168537268
60624478,0.0405690041946586
60624703,8.468214547799702e-06
60625227,0.09539403021765445
60625393,0.10615808601635028
60625499,0.10348993823031674
60625588,0.051264375344345844
60625687,0.10365560866494188
60626006,0.0018773654309913628
60626259,0.007919196456578443
60626273,0.008449928293371562
60626280,0.007002504604762153
60626296,0.007578149371620748
60626308,0.006405706472911922
60626309,0.006398740335740743
60626449,0.05176562757687886
60626454,0.012587043305164771
60626497,0.055631315689936275
60628063,0.05063276544562762
60628278,0.014120058587757426
60628842,0.015601981413975976
60629033,0.006537543056046669
60629567,0.04139535961933854
60629825,0.00012159756432788208
60629832,3.0428503669313617e-05
60630105,0.03966765997467756
60630107,0.03966765997467756
60630126,0.03982311297585561
60630151,0.038472309602890095
60630456,6.691883469468938e-05
60630477,0.045781973339346846
60631103,0.042950333904569635
60631199,8.01634070984853e-05
60631301,0.03992997332557698
60631325,0.04346494643080468
60631329,6.175556754466595e-05
60631360,0.04315949499104843
60631393,0.04024193355845673
60631414,0.037191591089423964
60631436,1.2148263720988936e-05
60631445,0.03929504031030152
60631512,0.041609900598394825
60631547,0.039080454275484976
60631554,0.09688566605829187
60631575,0.03911675466473472
60631701,0.007656390573686049
60631718,0.03329762047112694
60631737,0.03097596546642359
60631752,0.07347376279362798
60631780,0.0700530149260662
60631796,0.02450040518339739
60631812,0.017783205929335456
60631853,0.12028580128184975
60631871,0.04221339430767075
60631881,0.04042721002507556
60631909,0.08718796172281743
60632005,0.0001869284745874002
60632033,0.0003097208722812658
60634612,4.0074333116625155e-05
60635349,0.003191127168046369
60635678,0.009655989602156448
60635895,0.0044633514117031385
60635989,0.003965438068945865
60636034,9.9781488161227e-08
60636081,0.0001454432059911317
60636194,0.00027595663813010296
60636254,0.044828092777061124
60636454,8.428967515422725e-05
60636682,0.04457472339180533
60636720,0.04437226298778831
60636910,0.056967751344693215
60637102,0.06388407809373525
60637221,0.07086257155431655
60637714,0.06949451792131191
60637738,0.07099830901165124
60637741,0.07099830901165124
60638280,0.06296996775732604
60638353,0.06976573964792657
60638358,0.06984838692896031
60638672,0.09692776986198641
60638696,0.008141500983920254
60638719,0.09567379281917758
60638799,0.0011008409901254903
60639311,7.042120812574936e-05
60640274,0.00017479782976423535
60640462,0.00871416628248882
60640632,0.10550909678619946
60640758,0.008773338042451688
60640925,0.008468757860840177
60641572,0.00789511497828243
60642130,0.00011167680104328561
60642266,0.0003101020495384943
60643279,0.008926321843998214
60643410,0.00015858816040299366
60643968,0.008693870590228607
60645219,0.05779342577105357
60645425,0.03837703667844757
60645472,0.029741476862169974
60645566,0.09742753348768113
60645634,0.00780297534995752
60645644,0.11229114500991337
60645709,0.1578296344872361
60645731,0.09282891902623423
60645817,0.008136724674436715
60645953,0.00013699326293366962
60645982,0.00017185178082144056
60646088,0.008229398037661179
60646164,1.9846186832452754e-05
60646210,7.470860217824126e-05
60647472,0.008009304516460543
60647655,0.009947345165802873
60648502,5.186913082616538e-05
60648882,0.037571759782177916
60649200,0.03994922573685937
60649206,0.0001244046533294184
60649210,0.00020744896937894866
60649356,3.646184084495474e-05
60649943,0.007812440358889639
60650158,0.014901029350399447
60650191,0.08504475212645118
60650228,0.0006867296459595288
60650242,5.876997156597428e-05
60650274,5.861599279852729e-06
60650277,0.009438787131333578
60650974,0.040251149483757256
60651067,0.006132378154568484
60652049,0.0007213935231629743
60652098,0.0007690301728798457
60652107,0.0007694863556703421
60652137,0.0007914487431198074
60652146,0.000703512031132218
60652368,0.001790770213869842
60652701,0.10021466406488538
60652973,0.00013350417056864919
60653010,0.0945420525747296
60653047,0.0007696667918048676
60653431,0.034685527058334185
60653467,0.007976487663056048
60653564,0.03809047990895783
60653690,0.03797422161782029
60653701,0.03739264608208901
60653766,0.038527320865653795
60653842,0.03592167223738752
60653912,0.0378927642991872
60653926,0.038116669407894294
60654078,0.03927706935219609
60654117,0.039203111025825736
60654118,0.039203111025825736
60654123,0.03847929704835753
60654225,0.03764067773727757
60654287,0.03999112675237929
60654331,0.03909229074665106
60654332,0.0373335922034448
60654353,0.03717989853487721
60654359,0.03698459633515803
60654363,0.009818425048111005
60654365,0.00012630345552722672
60654374,0.03922004097931841
60654390,0.03856570946153158
60654392,0.03879221599877255
60654395,0.03291096184664015
60654406,0.03882581074495639
60654426,0.03864613051384106
60654429,0.037892584702698975
60654446,0.03882069041592063
60654451,0.038803417277424215
60654486,0.028516369881756744
60654495,0.02957162340684715
60654511,0.03378426984066689
60654530,0.0358527894506105
60654531,0.03585766898316774
60654540,0.03572599416388539
60654545,0.03651561558965139
60654555,0.03672860915564354
60654570,0.03704070098519988
60654572,0.03886506729908141
60654927,0.03662736772048423
60654944,0.03688567178292955
60654945,0.03874579626296726
60654955,0.037437652858172236
60654964,0.04029918599702216
60654965,0.007015445164588961
60654975,0.03700626167241865
60654976,0.037062929279312685
60654993,0.03620544624748792
60655001,0.036446501802199445
60655009,0.05647585408436786
60655012,0.03574507128940816
60655090,0.03561557186651837
60655095,0.034010876522397177
60655121,0.037277321300408825
60655157,0.02742878317919051
60655203,0.028423354179174944
60655222,0.003185214189805571
60655235,0.030876706702193345
60655237,0.03002695446595427
60655239,0.0308835522673269
60655264,0.033209422111720135
60655761,3.168198725520447e-05
60655789,0.021446681529664658
60655790,0.05085157788884517
60655794,0.02210760388314294
60655796,0.022468997027877205
60655801,0.02209984954607405
60655804,0.02204348402397216
60655806,0.02204348402397216
60655809,0.02231720123298559
60655814,0.021931398443803186
60655834,0.0001415084205347858
60655836,0.02481315737345344
60655848,0.0243890827078991
60655865,1.3448003287322789e-05
60655879,0.038920192856269915
60655894,0.0394078740143243
60655920,0.06503068973540771
60655963,0.03905224213687408
60655978,0.03981142604824819
60655996,0.0396708112977126
60656107,0.03863638228496555
60656209,0.031128645749496787
60656226,0.03347321111836654
60656246,0.03438230380456382
60656301,0.02007127930859887
60656423,0.033449898405017324
60656429,0.03292746274388431
60656512,0.03611439029807492
60656517,0.036304561274675934
60656538,0.036968760083873994
60656636,0.035939570981635596
60656644,0.03589468742787372
60656653,0.0350218739896353
60656665,0.0346077262289052
60656678,0.03434792490425673
60656679,0.03449216611136311
60656684,0.032917830220251965
60656685,0.03291783022025169
60656686,0.03465175227707467
60656689,0.05965342634491355
60656703,0.032893715719505404
60656710,0.035230011625752074
60656712,0.035142711187820384
60656725,0.036208672566032156
60656747,0.036133612251889956
60656809,0.037751026315984704
60656818,0.037219716056536
60656827,0.03741932058610145
60656844,0.03864712592415927
60656857,0.002032282878488841
60656875,0.037813725468938755
60656898,0.03790554469328464
60656912,0.041631788476007764
60656923,0.037216292930469776
60656969,0.0383155126518361
60657009,0.006647748145440848
60657011,0.03830582046722536
60657046,0.037100974654749264
60657101,0.01896310133925852
60657140,0.010454794437686005
60657262,0.056989311429432435
60657503,0.004663012186061967
60657506,0.03985910071609097
60657608,0.03882242398977831
60657619,0.03942570467298713
60657623,0.03698736479313742
60657625,0.036567890706642424
60657627,0.03698736479313742
60657637,0.03879725766949308
60657655,7.339133105494281e-05
60657671,0.03868522457409815
60657684,0.034437998932793305
60657717,0.03998360473675769
60657912,0.000797918330326747
60658132,0.0028020777631207407
60658632,0.009874348782702097
60658729,0.0006842836341797334
60658935,0.0007129944689430938
60659065,0.0006242000233876239
60659121,0.000720559071669108
60659122,0.000720559071669108
60659131,0.001122062707503436
60659267,0.0064079690933573465
60659327,0.013600019864445326
60659347,0.05462964941519477
60659444,0.03178259613119235
60659677,0.03251421410292473
60659775,0.03181830205976887
60659805,0.028356207639893317
60659818,0.031456927521874276
60659851,0.03157596358833122
60659866,0.0017236317728818844
60659899,0.0044700761806785215
