genotype,lead_dose
BTx643,0
BTx645,0
PI152651,0
PI153844,2
PI153846,0
PI156549,0
PI17548,0
PI24969,0
PI276837,2
PI329435,0
PI329440,0
PI34911,2
PI35038,2
PI48770,0
PI533745,0
PI533746,0
PI533747,0
PI533751,2
PI533752,0
PI533754,0
PI533756,0
PI533757,0
PI533758,0
PI533759,2
PI533760,0
PI533761,2
PI533762,2
PI533763,0
PI533764,1
PI533765,2
PI533766,2
PI533768,0
PI533769,0
PI533770,0
PI533771,0
PI533774,0
PI533776,0
PI533777,0
PI533778,0
PI533779,0
PI533781,2
PI533782,0
PI533783,0
PI533784,2
PI533785,0
PI533786,0
PI533787,0
PI533788,0
PI533789,2
PI533790,0
PI533791,0
PI533792,2
PI533793,2
PI533794,0
PI533795,0
PI533797,0
PI533798,0
PI533799,0
PI533800,2
PI533802,0
PI533803,0
PI533804,0
PI533807,2
PI533808,0
PI533809,0
PI533810,0
PI533811,0
PI533812,0
PI533813,0
PI533814,0
PI533816,0
PI533818,0
PI533819,0
PI533821,0
PI533822,0
PI533823,0
PI533824,0
PI533825,0
PI533828,0
PI533829,0
PI533830,0
PI533831,0
PI533832,2
PI533833,0
PI533834,2
PI533835,2
PI533836,0
PI533837,0
PI533838,0
PI533839,0
PI533840,0
PI533841,0
PI533842,0
PI533844,2
PI533846,0
PI533849,0
PI533850,0
PI533851,2
PI533853,0
PI533855,2
PI533856,0
PI533857,0
PI533858,0
PI533860,0
PI533861,0
PI533862,0
PI533863,0
PI533864,0
PI533867,0
PI533869,0
PI533870,0
PI533871,0
PI533872,0
PI533873,0
PI533874,0
PI533876,0
PI533877,0
PI533878,0
PI533879,0
PI533880,0
PI533881,0
PI533882,0
PI533884,0
PI533885,2
PI533887,0
PI533888,0
PI533893,0
PI533894,0
PI533895,0
PI533897,0
PI533898,0
PI533899,0
PI533900,0
PI533901,0
PI533902,0
PI533903,0
PI533904,0
PI533905,0
PI533906,0
PI533907,0
PI533908,0
PI533909,0
PI533910,0
PI533911,0
PI533912,2
PI533913,0
PI533914,2
PI533915,2
PI533916,2
PI533917,0
PI533918,2
PI533919,0
PI533920,0
PI533921,0
PI533922,0
PI533923,2
PI533924,0
PI533925,0
PI533927,0
PI533928,0
PI533929,0
PI533930,2
PI533931,0
PI533932,0
PI533934,0
PI533935,0
PI533936,0
PI533937,0
PI533938,0
PI533940,0
PI533941,0
PI533942,0
PI533943,0
PI533944,0
PI533947,0
PI533948,0
PI533949,0
PI533950,0
PI533951,0
PI533953,0
PI533954,0
PI533955,0
PI533956,0
PI533957,0
PI533959,0
PI533960,0
PI533962,2
PI533964,0
PI533965,0
PI533966,2
PI533967,0
PI533968,0
PI533969,2
PI533970,2
PI533971,2
PI533972,2
PI533973,2
PI533974,2
PI533975,0
PI533976,0
PI533977,0
PI533978,0
PI533979,0
PI533980,0
PI533981,0
PI533982,0
PI533983,2
PI533984,0
PI533985,2
PI533986,2
PI533987,0
PI533988,0
PI533989,0
PI533991,0
PI533992,0
PI533993,0
PI533994,0
PI533995,0
PI533996,0
PI533997,0
PI533999,0
PI534001,0
PI534002,0
PI534004,0
PI534005,0
PI534006,0
PI534007,0
PI534008,2
PI534009,0
PI534010,0
PI534011,0
PI534013,0
PI534014,0
PI534015,0
PI534016,0
PI534017,0
PI534019,2
PI534020,2
PI534021,0
PI534022,0
PI534023,0
PI534025,0
PI534026,0
PI534027,0
PI534028,0
PI534030,0
PI534031,0
PI534032,0
PI534033,0
PI534034,0
PI534035,0
PI534036,0
PI534037,0
PI534038,0
PI534040,2
PI534041,0
PI534042,2
PI534043,0
PI534044,0
PI534045,2
PI534046,2
PI534047,2
PI534049,2
PI534050,2
PI534051,0
PI534052,2
PI534053,0
PI534054,0
PI534055,2
PI534057,0
PI534058,0
PI534059,0
PI534061,0
PI534062,0
PI534063,2
PI534065,0
PI534066,0
PI534067,0
PI534069,0
PI534070,0
PI534072,0
PI534073,2
PI534075,0
PI534076,0
PI534077,0
PI534078,0
PI534079,2
PI534080,0
PI534081,0
PI534082,0
PI534083,0
PI534084,0
PI534085,0
PI534086,0
PI534089,0
PI534090,0
PI534091,0
PI534092,0
PI534094,2
PI534096,0
PI534097,0
PI534099,2
PI534100,0
PI534101,0
PI534102,0
PI534103,0
PI534105,2
PI534106,2
PI534107,0
PI534108,2
PI534109,2
PI534111,2
PI534112,2
PI534113,2
PI534114,2
PI534115,0
PI534116,0
PI534117,0
PI534118,0
PI534119,0
PI534120,0
PI534122,0
PI534123,0
PI534124,0
PI534126,0
PI534127,0
PI534128,0
PI534131,0
PI534132,0
PI534133,0
PI534134,0
PI534135,0
PI534136,0
PI534137,0
PI534138,0
PI534139,0
PI534140,0
PI534141,2
PI534142,0
PI534144,0
PI534145,0
PI534146,0
PI534147,0
PI534148,0
PI534149,0
PI534150,0
PI534151,0
PI534153,0
PI534154,2
PI534155,0
PI534156,0
PI534157,2
PI534158,0
PI534159,0
PI534160,0
PI534162,0
PI534163,2
PI534164,0
PI534165,0
PI534167,0
PI540816,2
PI542406,2
PI542718,0
PI543243,0
PI544069,0
PI548797,0
PI552856,0
PI552861,0
PI554647,0
PI554649,0
PI554650,0
PI554652,2
PI554654,0
PI555457,0
PI561071,0
PI561072,0
PI561073,0
PI561926,0
PI562621,0
PI562622,0
PI562623,0
PI562624,0
PI562625,0
PI562730,0
PI564085,0
PI564163,0
PI564164,0
PI564165,0
PI565121,0
PI566819,2
PI574398,0
PI574406,0
PI574407,0
PI576130,0
PI576328,2
PI576329,0
PI576332,2
PI576333,0
PI576334,0
PI576335,0
PI576338,0
PI576339,0
PI576340,0
PI576341,0
PI576342,0
PI576343,0
PI576345,0
PI576346,2
PI576348,0
PI576349,0
PI576351,2
PI576352,0
PI576354,2
PI576357,0
PI576358,0
PI576359,0
PI576360,0
PI576361,0
PI576362,0
PI576363,2
PI576364,2
PI576368,0
PI576369,2
PI576370,0
PI576371,2
PI576372,1
PI576373,0
PI576374,2
PI576375,0
PI576376,0
PI576377,0
PI576378,0
PI576379,0
PI576380,0
PI576381,0
PI576382,0
PI576383,0
PI576386,0
PI576387,0
PI576389,0
PI576390,0
PI576392,0
PI576393,0
PI576395,0
PI576396,0
PI576397,0
PI576398,0
PI576399,2
PI576400,0
PI576401,0
PI576402,0
PI576403,0
PI576405,2
PI576406,0
PI576407,0
PI576409,0
PI576410,2
PI576411,2
PI576412,2
PI576413,0
PI576414,0
PI576415,0
PI576416,0
PI576417,0
PI576418,0
PI576419,0
PI576421,0
PI576422,0
PI576423,0
PI576424,0
PI576425,0
PI576426,0
PI576427,0
PI576428,0
PI576429,0
PI576431,0
PI576432,0
PI576433,0
PI576434,0
PI576435,0
PI576436,0
PI576437,2
PI585295,0
PI594354,0
PI594355,0
PI595221,0
PI595699,0
PI595700,0
PI595701,0
PI595702,0
PI595703,0
PI595704,0
PI595705,0
PI595706,0
PI595708,0
PI595709,0
PI595710,0
PI595711,2
PI595712,0
PI595713,0
PI595714,2
PI595715,0
PI595716,0
PI595717,0
PI595718,0
PI595719,2
PI595720,0
PI595721,0
PI595722,0
PI595723,0
PI595724,0
PI595725,0
PI595726,0
PI595727,0
PI595728,0
PI595730,0
PI595731,0
PI595732,0
PI595733,0
PI595734,0
PI595735,0
PI595736,0
PI595737,0
PI595738,2
PI595739,0
PI595740,2
PI595741,0
PI595742,0
PI595743,1
PI595744,0
PI595745,2
PI595746,0
PI595747,0
PI595748,2
PI596332,0
PI596567,0
PI597943,0
PI597944,0
PI597946,0
PI597947,0
PI597949,2
PI597950,2
PI597951,0
PI597952,2
PI597953,0
PI597955,0
PI597956,0
PI597958,0
PI597959,0
PI597960,0
PI597961,0
PI597962,0
PI597963,2
PI597964,2
PI597965,0
PI597966,2
PI597967,0
PI597968,2
PI597970,0
PI597971,2
PI597972,0
PI597973,0
PI597974,0
PI597975,2
PI597976,0
PI597977,0
PI597978,2
PI597979,0
PI597980,0
PI597981,2
PI597982,2
PI598069,0
PI598070,0
PI601264,0
PI601415,0
PI601552,0
PI601553,2
PI601554,0
PI601555,0
PI601556,0
PI601557,0
PI601716,0
PI601717,0
PI601718,0
PI601719,0
PI601720,0
PI601721,0
PI601743,0
PI601744,0
PI601756,0
PI601816,0
PI602599,0
PI602600,0
PI607931,2
PI609456,0
PI613536,0
PI629034,0
PI629040,0
PI629059,0
PI641824,0
PI641836,2
PI641849,0
PI641874,0
PI642791,0
PI642992,2
PI642998,0
PI651492,0
PI651496,2
PI653616,0
PI653617,0
PI655970,0
PI655971,0
PI655972,0
PI655973,0
PI655974,0
PI655975,0
PI655976,0
PI655977,2
PI655978,0
PI655979,0
PI655980,0
PI655982,0
PI655983,2
PI655984,0
PI655985,0
PI655986,0
PI655987,0
PI655988,0
PI655989,0
PI655990,0
PI655991,0
PI655992,0
PI655993,0
PI655995,0
PI655996,0
PI655997,0
PI655998,0
PI655999,0
PI656000,0
PI656001,0
PI656002,0
PI656003,0
PI656004,0
PI656005,0
PI656006,0
PI656007,0
PI656008,0
PI656010,0
PI656011,0
PI656012,0
PI656015,0
PI656016,0
PI656017,0
PI656018,0
PI656019,0
PI656020,0
PI656021,0
PI656022,0
PI656023,0
PI656024,0
PI656025,0
PI656026,0
PI656027,0
PI656028,0
PI656029,0
PI656031,0
PI656033,0
PI656034,0
PI656035,2
PI656036,0
PI656037,0
PI656038,0
PI656039,0
PI656040,0
PI656041,0
PI656042,0
PI656043,0
PI656044,0
PI656046,0
PI656047,0
PI656048,0
PI656049,0
PI656050,2
PI656051,0
PI656052,2
PI656053,0
PI656054,0
PI656055,0
PI656056,0
PI656057,2
PI656058,0
PI656059,0
PI656060,0
PI656061,0
PI656062,0
PI656064,0
PI656065,0
PI656066,0
PI656067,0
PI656068,0
PI656069,2
PI656070,0
PI656071,2
PI656072,0
PI656073,0
PI656074,0
PI656075,0
PI656076,0
PI656077,0
PI656078,0
PI656079,1
PI656082,0
PI656083,0
PI656085,0
PI656086,0
PI656087,0
PI656088,0
PI656091,0
PI656092,0
PI656093,0
PI656094,0
PI656095,0
PI656096,0
PI656097,0
PI656098,0
PI656099,0
PI656100,0
PI656101,2
PI656102,2
PI656103,0
PI656104,0
PI656105,0
PI656106,2
PI656107,0
PI656108,0
PI656109,0
PI656111,0
PI656112,0
PI656118,0
PI656120,0
PI656121,0
PI659691,2
PI659694,0
PI659695,0
PI659696,2
PI659753,0
SC0003,0
SC0027,0
SC0041,2
SC0092,0
SC0138,0
SC0150,0
SC0156,0
SC0157,0
SC0159,0
SC0178,0
SC0179,0
SC0191,0
SC0201,0
SC0236,0
SC0247,2
SC0263,0
SC0266,1
SC0276,0
SC0287,0
SC0297,0
SC0314,2
SC0343,0
SC0371,0
SC0400,0
SC0409,0
SC0436,0
SC0445,2
SC0448,0
SC0456,0
SC0458,0
SC0470,0
SC0479,0
SC0505,0
SC0517,0
SC0521,0
SC0540,0
SC0542,0
SC0550,0
SC0551,2
SC0556,0
SC0582,0
SC0602,0
SC0616,0
SC0618,0
SC0631,0
SC0636,0
SC0685,0
SC0713,0
SC0741,0
SC0753,2
SC0777,2
SC0814,0
SC0823,2
SC0834,0
SC0837,0
SC0847,0
SC0848,0
SC0854,0
SC0858,0
SC0860,0
SC0864,0
SC0868,0
SC0870,0
SC0871,0
SC0877,0
SC0878,0
SC0893,0
SC0895,0
SC0914,0
SC0921,0
SC0923,0
SC0965,2
SC1021,0
SC1023,0
SC1058,0
SC1082,0
SC1097,0
SC1107,2
SC1114,1
SC1119,0
SC1120,0
SC1133,0
SC1166,2
SC1170,0
SC1178,0
SC1193,0
SC1216,2
SC1442,0
SC1446,0
PI533755,2
PI533772,1
PI533775,0
PI533780,0
PI533854,2
PI533859,0
PI533926,0
PI533952,0
PI533963,0
PI534088,0
PI534098,2
PI534121,0
PI534130,0
PI534166,0
PI543247,0
PI554646,0
PI554648,0
PI576350,0
PI576366,0
PI576385,0
PI576391,2
PI576420,0
PI585291,0
PI595729,0
PI642793,0
PI656090,0
PI656110,0
PI656115,0
SC0412,1
SC0604,0
SC0615,0
SC0652,0
SC0999,0
SC1024,0
PI153852,0
PI533827,0
PI533865,0
PI533883,0
PI533890,0
PI533933,0
PI534018,0
PI534024,0
PI534087,0
PI534093,0
PI534125,0
PI534143,1
PI561472,0
PI574397,0
PI576331,2
PI576353,2
PI576430,0
PI603983,0
PI605723,0
PI605724,0
PI605725,0
PI605726,0
PI606788,0
PI613611,0
PI613613,0
PI619402,0
PI656013,0
PI656014,0
PI656032,0
PI656063,0
PI656113,0
PI656114,0
SC0235,0
SC0249,2
SC0438,0
SC0463,0
SC0547,0
SC0759,0
