genotype,log_mask_pixels_blue,days_to_flower_blue
BTx643,15.144410494509092,62.37896299896726
BTx645,15.32732153395568,64.88744688744671
Border,15.211212849258963,
Check,15.221226278334344,
Fill,15.21420823522984,
Mixed,14.76898946836208,
PI152651,14.752350447410786,48.44214068709725
PI153844,15.032847484749675,67.78555956185386
PI153846,14.919997531907184,61.71154910822011
PI153852,15.025337885889888,61.98077399506348
PI22326,15.152157601063934,69.63508257277977
PI24969,14.608908234940351,69.03231883719893
PI276837,15.08157182624437,
PI329435,15.334803788331364,67.8841143956524
PI329440,15.004829962632945,58.760485209555824
PI34911,15.2025808638487,69.9621399722073
PI35038,15.115475341280824,67.30381627156974
PI48770,15.318764117475457,68.81578531083701
PI533745,14.772939213238086,52.28616586348409
PI533746,15.200370186976604,51.31570898134039
PI533747,14.851221521565645,51.51842368825884
PI533749,15.072120769740565,66.48653169337858
PI533750,15.36636751224974,
PI533751,15.260146091828029,64.72692696877834
PI533752,15.397985706614696,61.65841434968394
PI533753,14.928982633422288,65.85851007122062
PI533754,15.168889852362826,57.04857310774525
PI533755,14.947527002911087,66.93358046912151
PI533756,15.260160455597603,56.52001360465936
PI533757,15.378901815263296,65.23329096872364
PI533758,15.283029044076535,61.1276586285674
PI533759,15.289752856736252,53.30889133875807
PI533760,15.057337825299037,63.80215002567242
PI533761,15.33054697293529,67.52812017999861
PI533762,15.128383885331436,53.958048519789415
PI533763,14.769321137268603,49.08178491066835
PI533764,14.72711385668484,62.56675348796443
PI533765,14.900739802319158,59.01266598994371
PI533766,14.972584451487725,53.22874587366884
PI533767,14.970342885633476,
PI533768,15.090906224811016,55.26616657837441
PI533769,15.131362748928511,54.02296878331361
PI533770,15.057787550726191,53.85957001548772
PI533771,14.909722191841578,54.60728203031732
PI533772,14.810650328427297,55.64549257093221
PI533773,15.021961051348027,
PI533774,15.171756521507898,53.841995936898655
PI533775,15.104029060435565,55.34707100408702
PI533776,15.023041170410536,57.772530578319625
PI533777,14.985914224972884,52.05784683213397
PI533778,14.957122922760291,55.06299822881897
PI533779,14.461223980964142,53.93077794946059
PI533780,14.91949037396678,63.88971943497413
PI533781,14.851326765616744,49.89381088739195
PI533782,14.461223980964142,47.52453843953842
PI533783,15.0630995696162,52.35843374172405
PI533784,15.234624008736526,52.45009460344352
PI533785,15.124785795483964,52.997288129385424
PI533786,14.992563642936824,67.86760026133021
PI533787,14.998515125780706,52.28616586348407
PI533788,14.881162424949334,51.028650152132144
PI533789,15.255525455890997,65.54769669775726
PI533790,14.779020008752612,49.32881429437116
PI533791,14.64561297071964,49.316315282970535
PI533792,15.001015408437478,56.39949225621046
PI533793,15.457656524567335,69.64749975777177
PI533794,15.117548258347826,62.72124559995988
PI533795,15.157878079422334,63.89085570873781
PI533796,15.10674905926897,
PI533797,15.349972899751377,70.72159203781422
PI533798,15.17680101572324,55.829950568134855
PI533799,15.458994631356074,67.5332715766835
PI533800,15.19668063808699,64.78730213724776
PI533801,14.876055415545762,
PI533802,15.033633925532085,53.88237182025836
PI533803,14.723421469469082,47.52453843953842
PI533804,14.50310512545273,47.52453843953842
PI533805,14.787964463763103,
PI533807,15.088178255676937,62.838587115607545
PI533808,15.161360435650629,61.27707567337443
PI533809,15.034264430912716,60.9756989278751
PI533810,15.16617774036263,68.70882291805576
PI533811,14.94238578347907,57.03152900128972
PI533812,14.922054383693167,65.92615652490916
PI533813,15.269863733280149,63.29245353393269
PI533814,15.097894935222811,70.30267999780602
PI533815,15.022523441831636,
PI533816,14.98873129810364,59.83684454021368
PI533817,15.176538186230086,
PI533818,14.775236022792322,52.45577597226201
PI533819,15.13515409762863,51.84252590903219
PI533820,15.13209495667583,65.66924711518739
PI533821,15.356919447899344,59.55076932577601
PI533822,14.77713105672936,60.80836136662458
PI533823,14.982700524316506,53.722381873723606
PI533824,15.407834133365917,68.77646937174428
PI533825,15.001675996427752,61.43331036076376
PI533827,15.083920783759426,62.93706561990924
PI533828,15.015529666762715,53.14583900878657
PI533829,15.079053540682724,65.45691224602574
PI533830,15.042203096871871,48.55311820280001
PI533831,15.40743381694094,65.16094676098709
PI533832,14.962901216695531,59.77874191927168
PI533833,15.0657010733179,59.70192894597694
PI533834,15.382918571196072,70.01781738662865
PI533835,15.34230217815925,66.0317125355688
PI533836,15.018137462249395,67.98539541961483
PI533837,15.268807958632248,66.51781738662869
PI533838,14.952736287640564,48.17265593647846
PI533839,14.925854499409098,58.23094209169966
PI533840,14.74165076770742,52.847071004087
PI533841,15.113973997914185,69.05443801084286
PI533842,15.264966071261592,70.08054143212206
PI533843,15.05609177795188,
PI533844,14.716663439515514,70.43130792159414
PI533845,15.074886062619322,
PI533846,14.93989873690704,60.52716744051401
PI533847,14.91472096153288,59.41759630693309
PI533848,14.839864818369945,61.02148607169553
PI533849,14.69910298830517,55.34078333363831
PI533850,15.197790452931011,66.2947260814601
PI533851,14.736013261952287,62.38237182025836
PI533852,15.192085070878932,
PI533853,15.124333102642998,65.07023863875214
PI533854,14.779305502988016,65.99789443101558
PI533855,15.190719268375874,58.214504286874266
PI533856,15.143494390099349,61.44494320675855
PI533857,15.316036058865466,66.3379808139774
PI533858,15.311775576617372,68.06682981746103
PI533859,15.190739571317057,69.10519301706913
PI533860,15.325489998921377,61.378962998967225
PI533861,15.332043408433911,67.5647408042128
PI533862,14.472917574897329,47.52453843953842
PI533863,15.117383534651868,61.94047444120034
PI533864,14.847116694607411,47.52453843953842
PI533865,14.919348081748444,65.03774034224176
PI533866,14.978264234632396,
PI533867,15.026570251412116,59.31351276330953
PI533869,15.066059829239038,67.56675348796442
PI533870,15.285389170074104,49.28389331595668
PI533871,15.01870883703242,59.46660873776548
PI533872,14.903554396580352,50.875554177676165
PI533873,15.236069077390288,58.74071491293597
PI533874,14.728810520160796,58.365327713802834
PI533876,14.837771127308043,47.52453843953842
PI533877,14.981642897599858,64.08867888274713
PI533878,15.442537582150791,65.34199593689866
PI533879,15.161917979489347,59.20026270007969
PI533880,14.933695336439849,61.3101039420184
PI533881,15.091592408843637,55.041755465162986
PI533882,15.43224285999558,68.28048449466554
PI533883,14.77754780708592,55.325405473080096
PI533884,15.043351820168366,57.844798456559616
PI533885,14.783689153817692,49.41532375940571
PI533886,14.812395118864544,
PI533887,14.568992278098987,51.33623823858351
PI533888,14.954283228364368,62.04489417809632
PI533889,14.795417466512216,
PI533890,14.7835519455745,47.65465909053845
PI533891,14.92479800802163,
PI533893,14.81613686755298,61.67640095104196
PI533894,14.91472749327051,52.22813957203866
PI533895,15.062676740843242,53.77427315371351
PI533896,14.592523926235147,
PI533897,15.122756350671002,55.21101913608655
PI533898,14.762324329735868,48.41994518395711
PI533899,15.079341746846271,52.98565528339063
PI533900,14.977478328899256,54.8226029534191
PI533902,15.340240120149856,70.00497193737353
PI533903,15.133178744925925,57.59254134667516
PI533904,15.202509747456045,66.70526143777145
PI533905,15.20258408389125,63.7867721651142
PI533906,15.15044073363396,69.52357508494376
PI533907,15.377838016026525,73.21216996619584
PI533908,15.250423636978226,70.01509119646431
PI533909,15.055406387391503,59.60773567295429
PI533910,15.189905045366912,59.791923561799166
PI533911,15.2135357713364,56.93183789372768
PI533912,14.864252540272668,47.52453843953842
PI533913,15.100105140992513,59.00524204573134
PI533914,15.090859760603696,61.38979576447075
PI533915,15.186599753999175,56.61716205633626
PI533916,14.685624175606252,62.69450500176458
PI533917,14.654498852961227,57.66776440356931
PI533918,15.360658188148722,59.59864548284467
PI533919,15.081075050494723,66.37896299896725
PI533920,15.175120275267126,69.5356513289935
PI533921,15.21795734764949,59.127734958064
PI533922,15.283558114799492,69.32033040589174
PI533923,15.0524197445843,54.16924711518736
PI533924,15.124248004329916,67.4410044133339
PI533925,15.303274270333876,69.47395635248124
PI533926,14.890409712862567,48.813436433812896
PI533928,15.261059657291602,64.42221773148452
PI533929,15.110247085766812,58.9432769608613
PI533930,15.390085488958812,57.9233540052482
PI533931,15.01321801578528,59.42449027901189
PI533932,15.414300848691942,66.7104128344564
PI533933,15.258247379992293,66.9734263803477
PI533934,15.39326612239199,66.58405745819573
PI533935,15.135012081921568,58.21897305243247
PI533936,15.098148291310364,63.4545633690017
PI533937,15.22657603390982,55.88131187599127
PI533938,15.23490762659038,62.579588692637536
PI533939,14.988075734078908,
PI533940,14.952025745130436,59.92850540193318
PI533941,14.954978715070666,55.337298182850624
PI533942,15.083559621173318,65.3613125908816
PI533943,14.882579232361095,68.22866954417222
PI533944,15.08391010701835,62.36866020559736
PI533946,15.060188078424396,66.61523594666323
PI533947,15.043608269858806,71.32320925504926
PI533948,15.191715221463223,60.23041211956608
PI533949,15.224031718218246,55.96032106731682
PI533950,14.827996607771595,54.66208303475078
PI533951,15.407459247746417,54.083527486062174
PI533952,15.134190900756243,61.13159742199202
PI533953,15.003410769087852,56.66784073306591
PI533954,15.060027396686484,54.33222311566228
PI533955,15.15343605987675,55.73181850168756
PI533956,15.206778710518222,63.23427458349413
PI533957,15.073890282752496,58.997288129385474
PI533958,15.130425715470622,70.22465442125097
PI533959,15.333020640768304,56.96941125742645
PI533960,15.146353181493678,59.6675045397935
PI533961,14.839358471630852,
PI533962,15.061752765077893,65.8595700154877
PI533963,15.045999888258532,58.83510196481985
PI533964,15.103611743589331,67.51948363252588
PI533965,15.157334984839222,60.99221306219711
PI533966,15.169419422510805,68.39653707755633
PI533967,15.31771445252986,59.109478248348175
PI533968,14.887603905314023,52.26457666197373
PI533969,15.248027779027687,68.38168918913249
PI533970,15.307824440460616,58.537816671738334
PI533971,15.175668194077636,56.87100908262136
PI533972,15.11519414891332,69.41986885446052
PI533973,15.386398821593488,64.90403735126532
PI533974,15.09058018990988,66.47690603422315
PI533975,15.136323964976608,53.738366035912
PI533976,15.320379616635238,66.25192499157981
PI533977,15.243207140040262,66.96380621810454
PI533978,15.025029370455414,54.39206831199811
PI533979,15.035032865194475,59.19617124766183
PI533980,15.356991441453404,68.6620067052542
PI533981,15.189153196926856,62.53807653551426
PI533982,15.128089651928075,67.69564127552829
PI533983,15.262041417232789,67.31184651741226
PI533984,15.126759307870136,62.90570359716255
PI533985,15.224904733597583,60.79525605359368
PI533986,15.06461488805434,58.3852506694159
PI533987,14.984100388781588,52.52008993415605
PI533988,15.220650673963558,56.34078333363834
PI533989,15.300984801526118,63.2378415606906
PI533990,15.20607842014098,56.10144800250561
PI533991,15.089099585527284,66.88578064154945
PI533992,15.0770436173179,68.43645931827908
PI533993,15.00627433017935,57.78449961758676
PI533994,15.224142272779964,66.24624362276131
PI533995,14.94797979793872,49.43305049698799
PI533996,14.873936060915597,54.41358118401183
PI533997,14.899032698137733,57.1840186741155
PI533998,15.00944541598458,
PI533999,14.96594970135526,62.89032573660427
PI534000,15.278567645802228,
PI534001,15.270368777244846,68.90971872008382
PI534002,14.923476972416664,53.74684992439147
PI534003,15.095862842360864,
PI534004,15.229758902839691,63.19344505749751
PI534005,15.092507281420415,63.92055148558725
PI534006,15.23643069679222,70.35388864666919
PI534007,15.229497180123992,55.05660335358771
PI534008,14.847251761119727,62.62049454813078
PI534009,15.308566731915244,70.57504359758272
PI534010,15.175106058042074,66.83851078611097
PI534011,15.23347537774463,68.05372450443018
PI534013,15.138612136611355,65.85957001548772
PI534014,15.252275844704217,67.67511201828506
PI534015,15.359706080245417,62.40805247418656
PI534016,15.272522314076342,67.69223245423714
PI534017,15.15405922209172,59.05531442083081
PI534018,15.16358347044445,60.3271480484739
PI534019,14.99336817686024,67.89608343491939
PI534020,15.280550097369362,69.15928051508985
PI534021,15.275593492953677,69.07443729595258
PI534022,15.244711002524026,65.59549652532935
PI534023,15.329256092367094,70.11743216469404
PI534024,15.305674159935217,71.62993117609477
PI534025,15.42051355752266,69.5485731077452
PI534026,15.101604510248125,59.53039272752599
PI534027,15.28654884116574,67.38926579233717
PI534028,15.291151787523184,62.01046977191291
PI534030,15.108879375499765,64.20526143777144
PI534031,15.255676854629414,68.04857310774521
PI534032,15.455063053093005,62.70533776726803
PI534033,15.32374465890598,66.75495649973058
PI534034,15.379296613648236,61.81631528297045
PI534035,15.250655780561717,68.4688812852929
PI534036,15.434327354439516,68.38638694317963
PI534037,14.6369786778626,59.2428348014702
PI534038,15.19720666011226,67.56587707797652
PI534039,15.17783233613766,
PI534040,15.359924021025927,58.78957468477516
PI534041,15.304921914560998,68.07610354184982
PI534042,15.053226694784245,50.374947876046
PI534043,15.171222672429591,61.5463005602178
PI534044,15.149501729936809,54.90911241845362
PI534045,14.958419654384604,53.11962838272487
PI534046,15.102263301790718,53.85328234503904
PI534047,14.811010195487013,49.08046510262544
PI534048,15.350335683401749,
PI534049,15.258548181215197,62.21723047703836
PI534050,15.34163640936545,63.503122157197154
PI534051,15.15788709298652,63.06167842077607
PI534052,15.27674509160944,65.8578274400939
PI534053,14.925381859947215,63.05049921741821
PI534054,15.181283088930856,67.95009460344349
PI534055,15.00351144239938,56.60451038594233
PI534056,15.07172635760266,
PI534057,15.239687036065355,55.44956463130997
PI534058,14.659854694397769,49.57076861088567
PI534059,14.93398362912753,54.625992382670105
PI534060,14.755166500373194,48.601177894147845
PI534061,15.199327043358522,56.44547317889209
PI534062,15.22585774704726,68.54883297152098
PI534063,15.348672701361348,62.8624488646453
PI534064,14.777653465294492,
PI534065,14.90957151754863,56.84025336150479
PI534066,14.72187959759462,56.05198192903631
PI534067,15.058531912368066,57.50933349814922
PI534068,15.382694386906046,
PI534069,14.920147390380423,54.57102847466146
PI534070,14.963772956898564,50.03433152095064
PI534071,14.895986701972625,
PI534072,14.75907374891436,56.11402334340296
PI534073,15.258554436077974,51.14844774958637
PI534074,14.781953061004836,57.22647332614146
PI534075,14.992899457958012,53.04857310774521
PI534076,14.988045093436508,54.97350270984432
PI534077,14.508871071472656,59.5483029993874
PI534078,14.832329303527812,51.50357579983408
PI534079,15.035898755185745,50.55546707982404
PI534080,14.752819407297824,51.25950159478539
PI534081,15.016542417418764,58.8413896352685
PI534082,15.022323110764638,54.73609348838457
PI534083,15.018826626798996,56.38464436778578
PI534084,14.846255025410152,48.92895904457011
PI534086,15.26408456524316,66.57436096645591
PI534087,15.112457353876565,50.794196109326585
PI534088,14.98766678106485,66.60337411217861
PI534089,14.982979819945186,66.26109151118601
PI534090,15.044327567649807,49.48198659832374
PI534091,14.708000892638095,50.12659868430025
PI534092,15.017461477417708,65.04569425858764
PI534093,14.781457713944553,48.921611429854416
PI534094,15.019280721714535,55.97516895574152
PI534095,14.742789473486376,
PI534096,14.93969296602959,49.48145662619021
PI534097,14.94778028049143,63.81457270757658
PI534098,15.024394634428598,62.98259289995389
PI534099,15.183202998935426,62.23783606377842
PI534100,15.295376535281816,60.78730213724776
PI534101,15.34909277496126,60.61576591879682
PI534102,14.92403303245054,56.6797334428365
PI534103,15.05120964424189,57.80828503712796
PI534104,15.199123244529478,
PI534105,15.132181491060749,60.326011774710246
PI534106,14.970664120603727,65.39487083165909
PI534107,15.221546127945285,62.718366750802325
PI534108,15.2773768276355,59.61367690554858
PI534109,15.404931695378776,60.4625172853476
PI534110,15.246974377922196,61.204731465637884
PI534111,15.03480242002422,56.75480384073737
PI534112,15.21712452321498,63.07417743217678
PI534113,15.049521800341177,64.01039344241627
PI534114,14.986496309801389,66.29639232735738
PI534115,15.37870215135417,63.53834664387189
PI534116,14.815012249852634,48.83805714347401
PI534117,15.15556429529227,51.54463431432055
PI534118,15.43469456890071,68.82093670752187
PI534119,15.141565935712965,65.19965639844955
PI534120,15.203460573903223,70.76563660624083
PI534121,15.237776792535884,67.8401770320082
PI534122,14.915053305475146,66.3726753285186
PI534123,15.25671572160228,70.19852012468584
PI534124,15.187722378909246,69.80548251746698
PI534125,15.110627900376638,68.97857777703265
PI534126,15.012137197907752,72.50819722438553
PI534127,15.102814089625978,68.61254063178487
PI534128,15.355784729135609,68.55872324212191
PI534129,15.271645446048083,
PI534130,15.224244558108206,70.40335472013854
PI534131,15.37438416670315,71.34813094835411
PI534132,15.298313121315248,67.50645464899165
PI534133,14.950241212048716,50.75260762270656
PI534134,15.329846098198116,66.60852550886362
PI534135,15.303159615299748,70.02838004377432
PI534136,15.198451792697291,67.42168775935096
PI534137,15.2486930205272,57.00759092275534
PI534138,14.87788471905894,56.4063098987927
PI534139,15.07045266467878,58.59516033205698
PI534140,15.115896951611337,63.0936776204389
PI534141,15.104154690537603,69.39093203823441
PI534142,15.086772308856668,55.32654174684377
PI534143,15.074847435388264,63.01641100450716
PI534144,15.274318066513286,67.51694097664074
PI534146,15.394695262270533,64.56981587140115
PI534147,14.94406886046766,53.85169242863841
PI534148,15.246809576334762,70.86926650722752
PI534149,14.60630652642426,61.716700504905056
PI534150,15.025446034564087,68.29927117651494
PI534151,15.047786826759392,67.38971943497411
PI534152,15.11128031693996,63.200186370583054
PI534153,15.225702503880932,53.52716744051405
PI534154,15.31889853509196,71.53258894555675
PI534155,15.402008196056864,67.64731147582263
PI534156,15.386547165801296,68.51842368825878
PI534157,15.335063141903271,70.29517972409707
PI534158,15.211390594081143,64.14329635290139
PI534159,15.29868003183332,68.84199593689866
PI534160,15.081577483497457,62.14791777745279
PI534161,15.314466739112014,
PI534162,15.20523980592758,62.843132210662354
PI534163,15.05855732047414,65.2554101423675
PI534164,14.872313010345792,61.76328772921681
PI534165,15.209535973841763,63.23321463922704
PI534166,14.921136896831312,51.93986813957018
PI534167,15.067408244299807,64.73435091299076
PI540816,15.256405492336084,68.4620636427107
PI542406,14.94046621190508,73.21216996619584
PI542718,15.337853780416422,55.1342061627918
PI543243,15.074598973715826,64.77227071454386
PI543247,15.11087260226971,68.77113444078016
PI544069,15.146902911585386,55.78817854723571
PI548797,15.209147477566471,66.5982990449903
PI552856,15.329245010412436,59.44721575428596
PI552861,15.259068625745575,68.27078800292583
PI554646,15.302349419056682,63.76999816701647
PI554648,15.167723807513784,69.75409033432463
PI554649,15.198350429816102,70.79158736852683
PI554650,14.9491625998082,54.73022858528693
PI554654,15.204384297178992,60.275679535835
PI555457,15.348934365244729,68.74954523926982
PI561071,15.20393075796276,68.52524133084103
PI561072,14.9719591946504,54.31980043375816
PI561073,15.318601678321508,70.97630522950523
PI561472,15.463204864128864,65.60834197458446
PI561926,15.115347491038976,59.28704227347198
PI562623,15.21897515473774,71.74500014421503
PI564163,15.294752292392326,59.75466676300031
PI564164,15.224194772258777,67.93358046912157
PI564165,15.209782932372605,68.35563122206307
PI565121,15.413839922110954,58.01440856533751
PI574397,15.095513125647775,54.787042273472
PI574398,15.20472087824377,69.29158736852679
PI574407,15.240414747900616,67.74386387045134
PI574455,15.38420219408488,
PI576130,15.094985621379111,73.21216996619584
PI576328,15.221786453807711,62.02751387836842
PI576329,15.145060818517688,66.55940587324864
PI576330,15.064404560307262,
PI576331,14.9379057725255,67.50698462112518
PI576332,15.06184778215353,57.25366756697368
PI576333,15.068612874815871,65.30661879123068
PI576334,15.172720645992804,52.02008993415605
PI576335,15.005742098916375,62.64208374964108
PI576336,14.947522543352584,
PI576337,14.800258117272143,
PI576338,14.904873531576175,63.1412939137318
PI576339,15.375108506551443,56.50524204573135
PI576340,15.252999184896442,63.807831394490975
PI576341,14.733449311846137,52.16689823816336
PI576342,15.07343126758764,51.4210814577208
PI576343,15.017605445115995,55.56273836504317
PI576344,15.330636771089043,
PI576345,15.257309484572868,66.46774501152916
PI576346,14.943231782369118,48.95297345260107
PI576347,14.708813150880305,
PI576348,14.814627153289248,59.40335472013855
PI576350,14.694108684731418,51.76843912590181
PI576351,15.238784386939903,49.75707638826479
PI576352,14.958871423228384,58.122237123524606
PI576353,15.089188471588548,66.79411977982997
PI576354,15.206568367489613,64.30199736667927
PI576355,15.300134744381118,55.90789981519334
PI576356,14.972565116438291,
PI576357,15.087384466616742,60.03887661600542
PI576358,15.062920696158685,68.53327157668353
PI576359,15.1428797602034,66.41593006103587
PI576360,15.087388533691604,66.69905009681939
PI576361,14.951481510662369,59.52183250954988
PI576362,15.208875791683022,65.87502420554257
PI576363,15.157082628900229,61.91994518395711
PI576364,15.099214189545336,59.69223245423717
PI576365,15.007303405575298,
PI576366,15.198751003685086,61.77472679635045
PI576367,14.899048879916592,
PI576368,15.008225249726776,62.81578531083691
PI576369,15.444374090141462,65.99963700640944
PI576370,15.015198767506115,63.28275704219296
PI576371,14.945909308047703,62.54989291578808
PI576372,15.03039349737455,67.46145734108053
PI576373,15.068519936852171,66.72079195732293
PI576374,15.358956870118522,70.66950697896316
PI576375,15.228764372017324,65.9882742687724
PI576376,15.172603420472246,63.83449566318967
PI576377,15.146026322543328,57.51554483910126
PI576378,15.143774872289184,64.64549257093222
PI576379,15.216183096210724,62.18033974446661
PI576380,15.331883661619631,64.1677644035693
PI576381,15.150233602890207,60.87388793177891
PI576382,15.219245732631345,49.94448956412158
PI576383,14.70859689140982,51.04080272567843
PI576385,15.082570081726818,55.82040673538831
PI576386,14.950277683156212,68.01728741449513
PI576387,15.196284957118328,57.85328234503908
PI576389,14.768329456770992,61.819800433758175
PI576390,14.871156053958194,52.038346643871904
PI576391,15.227991883888397,64.39880962508373
PI576392,15.291132427491814,60.606329290832754
PI576393,15.002926531028752,57.36979647936099
PI576394,14.98103833410308,
PI576395,15.129647950070163,55.72874587366883
PI576396,14.461223980964142,66.93418677075167
PI576397,15.259697418940275,62.90396102176869
PI576398,15.428153453479284,67.37146272525828
PI576399,14.851784808976024,58.034861493084165
PI576400,15.164655477156876,67.84873724998425
PI576401,15.389485001163797,68.77699934387785
PI576402,15.259979744530192,69.525241330841
PI576403,15.463204864128864,63.660156925077736
PI576404,14.804905977789884,
PI576405,15.225058719426205,69.6156895893002
PI576406,15.138489115829069,67.64958402335006
PI576407,14.945645862703907,64.5531182028
PI576408,14.699353668526626,61.517741057132056
PI576409,15.08034575827019,48.38237182025836
PI576410,15.164462814866283,60.6398875316103
PI576411,15.029680395317603,67.97368624412346
PI576412,15.084375434230155,70.34479845655959
PI576413,15.009271784221342,54.68033974446661
PI576414,15.07320526858632,59.704201493504335
PI576415,14.853677825359624,49.07978247149872
PI576416,14.92267120714715,49.76264505538861
PI576417,14.948332004363609,58.00610821113722
PI576418,15.156470299506568,68.98994051466968
PI576419,14.6966920040746,51.61193433015471
PI576420,15.238821938791244,52.41880891019344
PI576421,15.381440705508592,59.315708981340286
PI576422,15.229010446674964,61.17151966271479
PI576423,15.18707010072263,66.35328234503905
PI576424,15.39251283898889,72.26109151118604
PI576425,15.061604831387658,65.65072029711376
PI576426,15.156366825503245,68.55879957161854
PI576427,15.141337661091688,50.78275704219295
PI576428,15.359996905706288,64.60678293346974
PI576429,14.876607498705544,52.61917474008789
PI576430,14.919390275658388,49.105993097560415
PI576431,14.76027404479941,59.02375861922292
PI576432,15.17591646802646,49.15508185788944
PI576433,15.375913576003873,65.79586235522382
PI576434,15.463204864128864,70.40797614468994
PI576435,15.026501574129169,65.23321463922704
PI576436,15.203528556423985,62.47229010658398
PI576437,14.983011267699874,65.20647404103171
PI585291,15.270269225559554,68.94895832967981
PI585295,15.253299243745325,65.47562259837851
PI594355,15.285839324989269,71.26999816701647
PI595699,15.245301246546443,68.66864081355723
PI595700,15.079608654867624,67.51327229157384
PI595701,15.079043225949786,58.48259289995391
PI595702,15.256334462058646,58.4512308772072
PI595703,15.129896552283912,67.25942526528877
PI595704,15.332591745325042,64.12564594481573
PI595705,14.660085512470513,54.30942131089168
PI595706,15.3570229462484,57.991683090063525
PI595708,14.719585588504923,55.76283408657986
PI595709,15.080404654803845,57.81517900920675
PI595710,15.348815185601689,68.93017164783043
PI595711,15.051867316123657,67.62223712352463
PI595712,15.049690214861252,57.65412911840485
PI595713,15.240858392996527,66.32154300915201
PI595714,15.181537480165504,59.19511130339472
PI595716,15.238619576111647,52.69204891995802
PI595717,15.315460491299984,66.23435091299079
PI595718,15.05495336106468,50.8157089813403
PI595719,15.322749120855915,69.39888595458032
PI595720,14.95195783653789,56.35843374172402
PI595721,15.06126348671726,53.93926183794002
PI595722,15.114326152654847,64.60266060576592
PI595723,15.194900107050357,54.44660945265578
PI595724,15.254930988479895,59.50190955393683
PI595725,15.070368789373498,50.716094203274906
PI595726,15.042018104816703,60.36244886464527
PI595727,14.954632631384104,57.80033112078201
PI595728,15.402340770108392,69.32767802060748
PI595729,14.804821245036516,49.289574684775175
PI595730,14.97742995356178,63.91714266429614
PI595731,15.196774200785883,59.96024473782021
PI595732,15.463204864128864,65.11708572683968
PI595733,15.387349577677831,59.61488950880885
PI595734,15.43974098208943,59.99850073264571
PI595735,15.42155364732108,58.15185657087745
PI595736,15.402179632056644,53.09155773190467
PI595737,15.355961490102322,59.34934355161438
PI595738,15.297392569495509,62.55766329785482
PI595739,15.23910061123533,70.34479845655963
PI595740,15.36076949999388,69.21268538198377
PI595741,14.791463562775444,58.5612556534251
PI595742,15.11581602193395,67.8994922562105
PI595743,15.037508339178116,69.72351814748727
PI595744,15.27650383533354,54.63849139407085
PI595745,15.153839374822295,59.69503497389813
PI595746,15.118037264929413,68.5764499797042
PI595747,15.162514970920556,56.903431049635145
PI595748,15.009246560138706,67.5867527730741
PI596332,15.2615483665239,63.76545307196166
PI596567,15.160585773966034,73.21216996619584
PI597943,15.3101323033447,67.07269472055872
PI597944,15.387531400897949,66.93698929041264
PI597945,15.080344192836783,52.00330569147632
PI597946,15.10082635555964,55.459714765686655
PI597947,14.985797467600769,50.111404358021154
PI597949,15.045421885637232,71.4199451839571
PI597950,14.701663819388289,65.11629589093035
PI597951,14.750680567291123,53.41767263642972
PI597952,15.201547847763475,50.63352353166504
PI597953,14.857731802241394,47.54481784859969
PI597954,15.078229189228404,
PI597955,15.004744700533749,57.9893342130395
PI597956,15.100763305465566,64.80889133875809
PI597957,15.194818267879183,
PI597958,15.007227447082728,58.793513478199856
PI597959,15.139322098020706,48.59549652532931
PI597960,15.257469577786962,57.704547931358704
PI597961,15.280590321068267,64.57443729595255
PI597962,15.351970668129256,70.19344505749748
PI597963,15.273694888390894,68.8851743399193
PI597965,15.190109382900587,57.29586235522379
PI597966,14.904036804799151,56.71897305243248
PI597967,15.363216658614418,64.42562655277561
PI597968,15.265719697519414,58.92509658064207
PI597969,15.061683908500347,
PI597970,15.118334607613946,58.65561183002296
PI597971,15.23806994561308,55.90744617255637
PI597972,15.08599745666042,49.76344038821004
PI597973,15.207917381875124,67.29919484701833
PI597974,14.720028809999858,48.41259756924136
PI597975,14.80755326567265,51.88115921699804
PI597976,14.890591273991436,60.19564127552826
PI597977,14.871988643023036,48.22632066714823
PI597978,14.814407042399376,59.73889600804556
PI597979,14.461223980964142,53.40683987092624
PI597980,15.149103960845917,53.02637760460471
PI597981,14.799967738030876,47.81980043375816
PI597982,14.565967467755554,48.30146739454574
PI598069,14.588198783195937,
PI598070,14.461223980964142,70.28957468477516
PI601415,15.322154137257074,59.77681580959874
PI601553,15.269381837502635,59.271134440780166
PI601554,15.119395815492064,71.91365751350845
PI601555,14.974226448590269,61.72454721646841
PI601556,15.142423582253532,58.766589345725365
PI601557,15.287847192527302,69.7802246308898
PI601716,14.989503751272428,49.76204425067056
PI601721,15.347029757984782,66.8029501061638
PI601743,15.22099156104513,66.36980197627298
PI601744,14.891184067411752,62.27567953583498
PI601756,15.181979576135474,66.80976774874604
PI601816,15.463204864128864,71.18542030856688
PI602599,15.217985829104515,66.7824971784172
PI602600,15.129255299299656,51.29499618981792
PI603983,15.19165232146852,68.75863542937947
PI605723,15.280756157539168,66.7802246308898
PI605724,15.12113079118996,61.28931482099939
PI605725,15.075624902914871,68.78590599970829
PI605726,15.227193506139654,62.74272759668765
PI606788,15.266879893748818,60.74500014421504
PI607931,15.178588751959726,67.9932730064642
PI609456,14.76542430788428,73.21216996619584
PI613536,15.311593646397734,56.732684667093466
PI613610,15.365469573942937,
PI613611,15.06534652798656,51.78363345218091
PI613612,15.09083331718779,
PI613613,15.184991560304232,66.28136090465348
PI619402,15.212596187209003,64.26090797690689
PI629034,15.168130612485452,63.00819722438548
PI629040,15.213655403377247,63.236699790014754
PI629059,15.382969307446963,65.72298817535368
PI641824,14.979737069537045,71.31283013218274
PI641836,15.007034151372762,63.935929346145535
PI641849,14.843024053482152,48.6421600791377
PI641874,14.828362625471025,64.95830838356518
PI642791,15.167419387057723,69.11996457599719
PI642793,14.91247237410704,61.57417743217676
PI642992,15.257220421864508,56.308967668254695
PI642998,14.461223980964142,61.55258823066645
PI651492,15.26283419882438,66.8288906238678
PI651496,14.764977236760725,73.21216996619584
PI653616,14.961517073745844,70.72526072288112
PI653617,14.907144772728094,58.167764403569294
PI655970,15.241388868634653,68.81457270757662
PI655971,14.872254827974364,55.40736984305978
PI655972,15.295038218219965,62.59357041565633
PI655973,15.080130356653328,69.59932811397141
PI655974,15.107499023630393,71.37669045143984
PI655975,15.308676417202404,63.2623041144463
PI655976,15.216386616252374,59.34025336150478
PI655977,15.247953116646114,60.34085966313495
PI655978,14.920193901158086,60.66549185604188
PI655979,15.35148013666964,55.6505367628346
PI655980,14.486518645863972,61.63814495621646
PI655981,15.015380783270356,
PI655982,15.194546924244124,58.333965691056136
PI655983,15.16687074861137,69.8556312220631
PI655984,15.337843856750974,58.86638765806991
PI655985,15.343845155067944,64.11367690554856
PI655986,15.279229394722798,65.36813023346377
PI655987,15.400371137690405,58.47429254575361
PI655988,14.961284400123464,62.11508328767007
PI655989,15.09675127042442,62.74684992439144
PI655990,15.170706811992934,57.4210814577208
PI655991,15.146055434879962,68.18314226412757
PI655992,15.127617497786693,62.575573569716255
PI655993,15.32992336144956,61.236093488384576
PI655994,15.034999899774,
PI655995,15.152795345213462,69.11594945307596
PI655996,15.184821960049536,61.28162076842925
PI655997,15.241324667715602,66.59235781239599
PI655998,14.880713858983164,68.42441394951533
PI655999,14.461223980964142,71.32654174684377
PI656000,15.302537559555308,63.49509191135462
PI656001,15.277522589579236,66.85502492043292
PI656002,15.13642927495587,67.02008993415605
PI656003,14.924305138513656,68.55224179281205
PI656004,15.07518784571097,61.41418748564201
PI656005,15.047211090249556,59.94433690512838
PI656006,15.130921084280692,66.86472141217266
PI656007,15.056125985000865,67.0622847224062
PI656008,15.463204864128864,66.33964705987465
PI656009,15.446700385949171,
PI656010,14.956110433770125,68.85896371385759
PI656011,15.196977764798913,70.38805318907687
PI656012,15.298824969281776,71.32093670752187
PI656013,14.976044721301651,58.885250669415925
PI656014,15.125045775453032,62.23768340478524
PI656015,15.07626844802475,63.6051166875725
PI656016,15.256080846759964,56.62038734334823
PI656017,15.103433569762176,73.21216996619584
PI656018,15.12934696379738,69.32828432223762
PI656019,14.972567735893508,54.46312358697777
PI656020,15.139012340391224,63.78722580775116
PI656021,14.464166540160416,47.52453843953842
PI656022,14.867965051119665,63.802679997806045
PI656023,15.140469708656225,65.26116784068263
PI656024,14.817368168898945,68.59349408615972
PI656025,15.213106414480434,54.45176084934075
PI656026,15.39321757439394,63.024105057077314
PI656027,15.299485950123676,65.10606942705702
PI656028,14.991784473472372,66.19677754929198
PI656029,15.043952011742618,66.53774034224173
PI656030,14.476247484171672,
PI656031,15.018703608491576,60.11663208420269
PI656032,15.003838320258852,73.21216996619584
PI656033,15.248036081440285,70.01562116859785
PI656034,15.294641768858826,68.82714804847393
PI656035,14.821874861436266,59.51860722253797
PI656036,15.160947636923876,69.86646398756652
PI656037,15.289340809871392,64.67117322486041
PI656038,14.916714359281556,73.03406141259282
PI656039,15.395237539453063,64.84994985324455
PI656040,15.1601770052698,69.75374389647028
PI656041,15.293501952434555,67.96032106731681
PI656042,15.275063420322423,68.83911708774109
PI656043,15.172220565619163,68.93077794946056
PI656044,15.463204864128864,64.96153367057713
PI656046,15.22921867011312,58.67685459367888
PI656047,14.885495072132352,69.4939556375909
PI656048,15.319619899014029,66.21965568355924
PI656049,15.437635718352723,67.49622818511833
PI656050,15.029339237278055,59.85275237290553
PI656051,15.463204864128864,67.75594011450107
PI656052,15.147746352520414,70.30949764038824
PI656053,15.059568512083429,61.88229549076176
PI656054,15.27025692088568,73.21216996619584
PI656055,15.209249053676308,68.11114449424541
PI656056,15.347184281529064,65.02069623578619
PI656057,15.316379481473946,71.47229010658398
PI656058,15.34096681571464,64.7730605504532
PI656059,15.257203225912455,67.06455726993364
PI656060,14.95275570790412,67.64723514632607
PI656061,14.822076090686576,69.04508795695749
PI656062,15.237890349106632,71.29132275708116
PI656063,15.29383507597224,63.50236319657374
PI656064,15.003226173852363,
PI656065,14.973242252493344,58.24745622602161
PI656066,15.349883455190737,
PI656067,15.00226073308736,
PI656068,15.290766109601847,67.94607948052224
PI656069,15.3520620998085,71.97463898360799
PI656070,15.244496135604733,67.70473146563789
PI656071,15.258182952189689,67.79525605359366
PI656072,15.354168329961343,71.20768664429202
PI656073,15.463204864128864,73.19730752142553
PI656074,14.745841885309527,59.43138425109073
PI656075,15.3082374399166,68.99815429479135
PI656076,15.211768775657752,69.16890067733299
PI656077,14.960513825056855,50.81684525510399
PI656078,15.074280323713245,60.96653240826885
PI656079,15.120158664953893,58.7141680936019
PI656080,14.708204546802213,
PI656081,14.589505933066404,
PI656082,15.0261635330309,68.51266598994368
PI656083,15.40106272442305,59.67693092317548
PI656084,15.194142070055978,
PI656085,15.126311980953764,49.97630522950523
PI656086,15.214383184676544,58.81745155673417
PI656087,15.345382651907272,63.29351347819981
PI656088,15.220231021815048,55.8783566973371
PI656089,15.141638006417551,
PI656090,15.085157233595249,55.82479917144992
PI656091,15.368281397763358,71.17518834778164
PI656092,15.34951582460724,72.05887590111513
PI656093,14.960458684202186,67.46774501152919
PI656094,14.971289623644726,67.19791382305569
PI656095,15.114424535989098,53.66208303475078
PI656096,15.242683860716944,54.39888595458032
PI656097,15.372685488815277,67.93979181007359
PI656098,14.885591048690566,49.39373455789539
PI656099,15.103486895256903,50.847677305717184
PI656100,15.271691948491396,69.38805318907687
PI656101,14.661398871683524,48.24806252765177
PI656102,15.018308560531532,61.20988286232284
PI656103,15.169997546536065,58.21844308029892
PI656104,14.719632307406645,60.184884839521416
PI656105,15.091583969756527,57.72291184585715
PI656106,15.261875581443393,63.28965101427177
PI656107,15.446180794476597,66.38350809402205
PI656108,15.20888343604186,50.117615698973225
PI656109,15.093636515372808,50.597769072856735
PI656110,14.99221006988718,66.87669045143983
PI656111,14.989141150031449,65.91138496598106
PI656112,15.304113461795366,59.26177414231277
PI656113,15.203579900842485,55.32487550094652
PI656114,15.177731282697032,60.80381627156974
PI656115,15.036047187882817,62.40168847424132
PI656116,14.888271339110078,
PI656117,15.35049631610964,
PI656118,14.878961640172424,67.20192894597695
PI656119,14.461223980964142,
PI656120,15.260308945983798,57.33563193695338
PI656121,14.77172971330216,52.47630522950523
PI659691,15.043765117076058,71.1529928446412
PI659692,14.461223980964142,
PI659693,15.223651282548127,
PI659694,15.163234582395422,65.28109079629571
PI659695,15.105009696901574,62.65072029711376
PI659696,14.962886744956448,61.00478840309441
PI659753,15.215144445144244,68.74283480147017
SC0003,15.212370852857411,56.819194132128
SC0027,15.26837794482489,66.90911241845363
SC0041,15.027868641126087,60.326088104206825
SC0092,14.933583817097292,70.10292521721159
SC0138,14.99877033622447,65.88752321694332
SC0150,14.9251105193273,65.46100369844358
SC0156,15.060432093719127,68.25374389647027
SC0157,15.138025249669289,66.27419682421689
SC0159,15.084653944754326,67.04080272567842
SC0178,15.228710969168011,68.62397969891846
SC0179,14.97347998539519,61.29813490275126
SC0190,15.269956989908898,
SC0191,15.062987699019006,58.05819326998835
SC0201,15.261629051635628,68.20988286232284
SC0235,15.13930756309513,68.152386543011
SC0236,15.1280540691725,64.69030634456416
SC0247,14.79441259584731,64.34191960740202
SC0249,14.999014146816563,55.92683915603593
SC0263,14.79272658692182,65.8089676682547
SC0266,14.928746187124633,50.20507790349227
SC0276,14.8412941891761,47.92729279867287
SC0287,14.461223980964142,47.97683520163879
SC0297,14.765053094933412,50.1745820461515
SC0314,14.983207894354742,60.619704712221456
SC0343,15.140566674431248,59.64190021536195
SC0371,14.97021675188601,63.06133198292168
SC0400,14.766457321878317,48.21189554607451
SC0409,14.856749940983327,54.52008993415606
SC0412,14.911096408329508,54.88464436778574
SC0436,14.963119946963072,64.86987280885764
SC0438,14.966713427711404,55.78957468477517
SC0445,15.116017031241247,70.12390336942188
SC0448,15.304257107908873,71.04864943724179
SC0456,15.306964412037278,63.80146739454575
SC0458,15.241756561072794,70.33055686976502
SC0463,15.463204864128864,64.96880495579627
SC0470,15.212579891383257,62.15473542003503
SC0479,15.187124703839336,69.13412983329519
SC0505,15.290582738063922,68.34540475818974
SC0517,14.685624048918728,50.72420077861405
SC0521,14.780978402295686,48.594176717286494
SC0540,14.882324092842016,54.250865047312764
SC0542,15.082234058537589,59.37267532851858
SC0550,14.775885625517391,60.77828827663474
SC0551,14.902218796692589,59.03948291763557
SC0556,15.03282188685057,58.04402801269039
SC0581,15.08127378939649,71.5349323256687
SC0582,15.231156249155308,69.45403339686816
SC0602,15.120469739170824,62.41138496598104
SC0604,14.962228993130546,54.62685854807605
SC0615,15.056713038243828,50.3692665072275
SC0616,14.77014118923842,63.12617591694926
SC0618,15.110766075586293,67.30548251746703
SC0631,15.090666944450769,57.36131259088159
SC0636,15.131346020844902,66.67458204615149
SC0640,15.17613913079775,
SC0652,15.202641760941557,52.51406212748316
SC0685,14.82227295123594,49.96494249186823
SC0713,15.096462649620031,50.05258823066645
SC0741,15.378103739154197,58.74257019002461
SC0747,15.165302988924172,53.6922324542372
SC0753,15.132680472189133,55.30495254533344
SC0759,15.07243321771945,51.64897772171989
SC0777,15.192440158739576,62.660946760987066
SC0814,15.268659464653751,62.70306521974063
SC0823,15.0663999968039,65.01675744236157
SC0834,15.350039455978637,66.5511055190484
SC0837,15.07618010331824,66.32949692549795
SC0847,15.130486564952092,57.75662274562784
SC0848,14.631399224556642,59.01448489483411
SC0854,14.9902871636777,53.145038928295264
SC0858,15.036508264505342,59.31298279117594
SC0860,15.282492845315517,58.01406212748317
SC0864,15.133683947473092,51.62879490233106
SC0868,15.275858594765044,56.37320530065214
SC0870,15.212657866700622,70.21109546558313
SC0871,15.185201668910036,63.85782744009386
SC0877,15.214129616510558,58.3897194349741
SC0893,15.20348687109495,64.77192427668949
SC0914,15.161212159089985,63.34760097622056
SC0921,15.211214082183243,65.41418748564199
SC0923,15.216839015292852,68.67458204615151
SC0965,15.090354400507708,50.221851901590014
SC0999,15.084208877197325,66.98425914585115
SC1021,15.355328547358916,66.01493853747108
SC1023,15.353983625344153,57.706820478886144
SC1024,15.410472025333524,66.83282941729243
SC1058,15.166667405402675,66.5382703143753
SC1082,14.863304118537696,49.03319524718693
SC1097,15.3641651939395,70.87214535638506
SC1107,15.16564396725646,55.81525533870335
SC1114,14.89561814794909,53.066223515830856
SC1119,15.121825033087246,53.5418317946596
SC1120,15.123403404786112,57.38062924486449
SC1133,14.980396482541204,49.24578998012436
SC1166,15.255993363877849,57.740714912936
SC1170,14.958809883660058,53.1364023808226
SC1178,14.943682939826902,49.82767802060747
SC1193,14.92767874856525,64.47335005085108
SC1216,14.884938532637744,66.05433080606032
SC1442,14.613650621655056,57.22927584580238
SC1446,15.081649414853745,51.971413696596045
