genotype,2:52490664:GGAGT:G,4:65447981:G:A
BTx643,0/0,0/0
BTx645,0/0,0/0
PI152651,0/0,1/1
PI153844,0/0,1/1
PI153846,0/0,0/0
PI156549,NA,1/1
PI17548,0/0,1/1
PI22326,0/0,1/1
PI24969,0/0,1/1
PI276837,0/0,0/0
PI329435,0/0,0/0
PI329440,0/0,1/1
PI34911,0/0,1/1
PI35038,0/0,1/1
PI48770,0/0,1/1
PI533745,NA,1/1
PI533746,0/0,1/1
PI533747,NA,1/1
PI533749,0/0,NA
PI533751,0/0,1/1
PI533752,0/0,1/1
PI533753,0/0,1/1
PI533754,1/1,1/1
PI533756,0/0,1/1
PI533757,0/0,1/1
PI533758,0/0,0/0
PI533759,0/0,1/1
PI533760,0/0,0/0
PI533761,0/0,1/1
PI533762,0/0,1/1
PI533763,0/0,1/1
PI533764,0/0,NA
PI533765,0/0,1/1
PI533766,0/0,1/1
PI533768,0/0,1/1
PI533769,0/0,1/1
PI533770,0/0,1/1
PI533771,0/0,1/1
PI533774,0/0,1/1
PI533776,0/0,1/1
PI533777,0/0,1/1
PI533778,0/0,1/1
PI533779,0/0,1/1
PI533781,0/0,1/1
PI533782,0/0,1/1
PI533783,0/0,1/1
PI533784,0/0,1/1
PI533785,0/0,1/1
PI533786,0/0,1/1
PI533787,0/0,1/1
PI533788,0/0,1/1
PI533789,0/0,1/1
PI533790,0/0,1/1
PI533791,0/0,1/1
PI533792,0/0,1/1
PI533793,0/0,1/1
PI533794,0/0,0/0
PI533795,0/0,1/1
PI533797,0/0,1/1
PI533798,0/0,1/1
PI533799,0/0,0/0
PI533800,0/0,0/0
PI533802,0/0,0/0
PI533803,0/0,1/1
PI533804,0/0,1/1
PI533807,0/0,1/1
PI533808,0/0,1/1
PI533809,1/1,1/1
PI533810,0/0,1/1
PI533811,1/1,1/1
PI533812,1/1,1/1
PI533813,1/1,1/1
PI533814,0/0,1/1
PI533816,1/1,1/1
PI533818,0/0,1/1
PI533819,0/0,1/1
PI533820,NA,1/1
PI533821,0/0,1/1
PI533822,0/0,1/1
PI533823,1/1,1/1
PI533824,0/0,1/1
PI533825,0/0,1/1
PI533828,0/0,1/1
PI533829,0/0,1/1
PI533830,0/0,1/1
PI533831,0/0,1/1
PI533832,0/0,1/1
PI533833,0/0,1/1
PI533834,0/0,1/1
PI533835,0/0,1/1
PI533836,0/0,1/1
PI533837,0/0,1/1
PI533838,0/0,1/1
PI533839,0/0,1/1
PI533840,0/0,1/1
PI533841,0/0,1/1
PI533842,0/0,1/1
PI533844,0/0,1/1
PI533846,NA,1/1
PI533847,0/0,1/1
PI533848,NA,1/1
PI533849,1/1,1/1
PI533850,0/0,NA
PI533851,0/0,1/1
PI533853,1/1,1/1
PI533855,0/0,1/1
PI533856,0/0,1/1
PI533857,0/0,1/1
PI533858,0/0,1/1
PI533860,0/0,1/1
PI533861,0/0,1/1
PI533862,0/0,1/1
PI533863,0/0,1/1
PI533864,0/0,1/1
PI533867,0/0,NA
PI533869,0/0,1/1
PI533870,0/0,1/1
PI533871,0/0,1/1
PI533872,0/0,1/1
PI533873,0/0,1/1
PI533874,0/0,1/1
PI533876,0/0,1/1
PI533877,0/0,1/1
PI533878,0/0,1/1
PI533879,0/0,1/1
PI533880,0/0,1/1
PI533881,0/0,1/1
PI533882,0/0,1/1
PI533884,0/0,1/1
PI533885,0/0,1/1
PI533887,0/0,1/1
PI533888,0/0,1/1
PI533893,0/0,1/1
PI533894,0/0,1/1
PI533895,0/0,1/1
PI533897,0/0,1/1
PI533898,0/0,1/1
PI533899,0/0,1/1
PI533900,0/0,1/1
PI533901,0/0,1/1
PI533902,0/0,1/1
PI533903,0/0,1/1
PI533904,0/0,1/1
PI533905,0/0,1/1
PI533906,0/0,1/1
PI533907,0/0,1/1
PI533908,0/0,1/1
PI533909,0/0,1/1
PI533910,0/0,1/1
PI533911,0/0,NA
PI533912,0/0,1/1
PI533913,0/0,1/1
PI533914,0/0,1/1
PI533915,0/0,1/1
PI533916,0/0,1/1
PI533917,0/0,1/1
PI533918,0/0,0/0
PI533919,0/0,1/1
PI533920,0/0,1/1
PI533921,0/0,0/0
PI533922,0/0,1/1
PI533923,0/0,1/1
PI533924,0/0,1/1
PI533925,0/0,1/1
PI533927,0/0,1/1
PI533928,0/0,1/1
PI533929,0/0,1/1
PI533930,0/0,1/1
PI533931,1/1,1/1
PI533932,0/0,1/1
PI533934,0/0,1/1
PI533935,0/0,NA
PI533936,0/0,1/1
PI533937,0/0,1/1
PI533938,0/0,1/1
PI533940,0/0,1/1
PI533941,0/0,1/1
PI533942,NA,1/1
PI533943,1/1,1/1
PI533944,1/1,1/1
PI533946,0/0,1/1
PI533947,0/0,1/1
PI533948,0/0,1/1
PI533949,0/0,1/1
PI533950,0/0,1/1
PI533951,0/0,1/1
PI533953,0/0,NA
PI533954,0/0,1/1
PI533955,0/0,1/1
PI533956,0/0,1/1
PI533957,0/0,1/1
PI533958,0/0,1/1
PI533959,0/0,1/1
PI533960,0/0,NA
PI533962,0/0,1/1
PI533964,0/0,0/0
PI533965,0/0,1/1
PI533966,0/0,1/1
PI533967,0/0,0/0
PI533968,0/0,1/1
PI533969,0/0,1/1
PI533970,0/0,1/1
PI533971,0/0,1/1
PI533972,0/0,1/1
PI533973,0/0,1/1
PI533974,0/0,1/1
PI533975,0/0,1/1
PI533976,0/0,1/1
PI533977,0/0,1/1
PI533978,NA,NA
PI533979,0/0,1/1
PI533980,0/0,1/1
PI533981,0/0,1/1
PI533982,0/0,1/1
PI533983,0/0,1/1
PI533984,0/0,1/1
PI533985,0/0,1/1
PI533986,0/0,1/1
PI533987,0/0,1/1
PI533988,0/0,NA
PI533989,0/0,0/0
PI533990,0/0,0/0
PI533991,0/0,0/0
PI533992,0/0,1/1
PI533993,0/0,0/0
PI533994,0/0,0/0
PI533995,0/0,1/1
PI533996,0/0,1/1
PI533997,0/0,1/1
PI533999,1/1,1/1
PI534001,0/0,1/1
PI534002,0/0,1/1
PI534004,0/0,1/1
PI534005,1/1,1/1
PI534006,1/1,1/1
PI534007,0/0,1/1
PI534008,0/0,1/1
PI534009,0/0,1/1
PI534010,NA,NA
PI534011,1/1,NA
PI534013,0/0,1/1
PI534014,0/0,1/1
PI534015,0/0,1/1
PI534016,1/1,1/1
PI534017,0/0,1/1
PI534019,0/0,1/1
PI534020,1/1,1/1
PI534021,0/0,1/1
PI534022,0/0,1/1
PI534023,0/0,1/1
PI534025,0/0,1/1
PI534026,0/0,1/1
PI534027,0/0,1/1
PI534028,0/0,1/1
PI534030,0/0,1/1
PI534031,0/0,1/1
PI534032,0/0,1/1
PI534033,0/0,1/1
PI534034,0/0,1/1
PI534035,0/0,1/1
PI534036,0/0,1/1
PI534037,0/0,1/1
PI534038,0/0,1/1
PI534040,0/0,1/1
PI534041,0/0,1/1
PI534042,NA,1/1
PI534043,0/0,1/1
PI534044,0/0,1/1
PI534045,0/0,1/1
PI534046,0/0,1/1
PI534047,0/0,1/1
PI534049,0/0,1/1
PI534050,0/0,1/1
PI534051,0/0,1/1
PI534052,0/0,1/1
PI534053,0/0,1/1
PI534054,0/0,1/1
PI534055,0/0,1/1
PI534057,0/0,1/1
PI534058,0/0,1/1
PI534059,0/0,1/1
PI534060,NA,1/1
PI534061,0/0,1/1
PI534062,0/0,1/1
PI534063,0/0,1/1
PI534065,0/0,1/1
PI534066,0/0,1/1
PI534067,0/0,1/1
PI534069,0/0,1/1
PI534070,0/0,1/1
PI534072,0/0,1/1
PI534073,0/0,1/1
PI534074,0/0,1/1
PI534075,0/0,1/1
PI534076,0/0,NA
PI534077,0/0,1/1
PI534078,0/0,1/1
PI534079,0/0,1/1
PI534080,0/0,1/1
PI534081,0/0,1/1
PI534082,0/0,1/1
PI534083,0/0,1/1
PI534084,0/0,1/1
PI534085,0/0,1/1
PI534086,NA,NA
PI534089,0/0,1/1
PI534090,0/0,1/1
PI534091,0/0,1/1
PI534092,0/0,1/1
PI534094,0/0,1/1
PI534096,0/0,1/1
PI534097,0/0,1/1
PI534099,0/0,1/1
PI534100,0/0,1/1
PI534101,0/0,1/1
PI534102,0/0,1/1
PI534103,0/0,1/1
PI534105,0/0,1/1
PI534106,0/0,1/1
PI534107,0/0,1/1
PI534108,0/0,1/1
PI534109,0/0,1/1
PI534110,NA,1/1
PI534111,0/0,1/1
PI534112,0/0,1/1
PI534113,0/0,1/1
PI534114,0/0,1/1
PI534115,0/0,0/0
PI534116,0/0,1/1
PI534117,0/0,1/1
PI534118,0/0,1/1
PI534119,0/0,1/1
PI534120,0/0,1/1
PI534122,0/0,1/1
PI534123,0/0,1/1
PI534124,0/0,1/1
PI534126,0/0,1/1
PI534127,0/0,1/1
PI534128,0/0,1/1
PI534131,0/0,1/1
PI534132,0/0,1/1
PI534133,0/0,1/1
PI534134,0/0,1/1
PI534135,0/0,1/1
PI534136,0/0,1/1
PI534137,0/0,0/0
PI534138,0/0,1/1
PI534139,0/0,1/1
PI534140,0/0,1/1
PI534141,0/0,1/1
PI534142,0/0,1/1
PI534144,0/0,1/1
PI534145,1/1,1/1
PI534146,0/0,0/0
PI534147,0/0,1/1
PI534148,0/0,1/1
PI534149,0/0,1/1
PI534150,0/0,1/1
PI534151,0/0,1/1
PI534152,0/0,1/1
PI534153,0/0,0/0
PI534154,0/0,1/1
PI534155,0/0,1/1
PI534156,0/0,1/1
PI534157,0/0,0/0
PI534158,0/0,1/1
PI534159,0/0,1/1
PI534160,0/0,1/1
PI534162,0/0,1/1
PI534163,0/0,1/1
PI534164,0/0,1/1
PI534165,0/0,0/0
PI534167,NA,1/1
PI540816,0/0,0/0
PI542406,0/0,1/1
PI542718,1/1,1/1
PI543243,0/0,1/1
PI544069,0/0,1/1
PI548797,0/0,1/1
PI552856,0/0,0/0
PI552861,0/0,1/1
PI554647,0/0,0/0
PI554649,0/0,1/1
PI554650,0/0,0/0
PI554652,0/0,1/1
PI554654,0/0,1/1
PI555457,0/0,1/1
PI561071,0/0,1/1
PI561072,0/0,1/1
PI561073,0/0,1/1
PI561926,0/0,1/1
PI562621,0/0,1/1
PI562622,0/0,1/1
PI562623,0/0,1/1
PI562624,0/0,1/1
PI562625,0/0,1/1
PI562730,0/0,1/1
PI564085,0/0,1/1
PI564163,0/0,0/0
PI564164,0/0,1/1
PI564165,0/0,0/0
PI565121,0/0,0/0
PI566819,0/0,1/1
PI574398,0/0,1/1
PI574406,0/0,1/1
PI574407,0/0,1/1
PI576130,0/0,0/0
PI576328,0/0,1/1
PI576329,0/0,1/1
PI576332,0/0,1/1
PI576333,0/0,1/1
PI576334,0/0,1/1
PI576335,0/0,1/1
PI576338,0/0,NA
PI576339,0/0,1/1
PI576340,0/0,1/1
PI576341,0/0,1/1
PI576342,0/0,1/1
PI576343,0/0,1/1
PI576345,0/0,1/1
PI576346,0/0,1/1
PI576348,0/0,1/1
PI576349,0/0,1/1
PI576351,0/0,1/1
PI576352,0/0,1/1
PI576354,0/0,1/1
PI576355,0/0,1/1
PI576357,0/0,1/1
PI576358,0/0,1/1
PI576359,1/1,1/1
PI576360,0/0,1/1
PI576361,0/0,1/1
PI576362,1/1,NA
PI576363,0/0,1/1
PI576364,0/0,1/1
PI576368,0/0,1/1
PI576369,0/0,1/1
PI576370,0/0,1/1
PI576371,0/0,1/1
PI576372,0/0,1/1
PI576373,0/0,1/1
PI576374,0/0,1/1
PI576375,0/0,1/1
PI576376,0/0,1/1
PI576377,0/0,1/1
PI576378,0/0,1/1
PI576379,0/0,1/1
PI576380,0/0,1/1
PI576381,0/0,1/1
PI576382,0/0,NA
PI576383,0/0,1/1
PI576386,0/0,1/1
PI576387,0/0,1/1
PI576389,0/0,1/1
PI576390,0/0,1/1
PI576392,0/0,1/1
PI576393,0/0,1/1
PI576395,0/0,1/1
PI576396,0/0,1/1
PI576397,0/0,1/1
PI576398,0/0,NA
PI576399,0/0,1/1
PI576400,0/0,1/1
PI576401,0/0,1/1
PI576402,1/1,1/1
PI576403,0/0,1/1
PI576405,0/0,1/1
PI576406,0/0,1/1
PI576407,1/1,1/1
PI576408,0/0,NA
PI576409,0/0,1/1
PI576410,0/0,NA
PI576411,0/0,1/1
PI576412,0/0,1/1
PI576413,0/0,1/1
PI576414,0/0,1/1
PI576415,0/0,1/1
PI576416,0/0,1/1
PI576417,0/0,1/1
PI576418,0/0,1/1
PI576419,0/0,1/1
PI576421,0/0,1/1
PI576422,0/0,1/1
PI576423,0/0,1/1
PI576424,0/0,1/1
PI576425,0/0,1/1
PI576426,0/0,1/1
PI576427,0/0,1/1
PI576428,0/0,0/0
PI576429,0/0,1/1
PI576431,0/0,1/1
PI576432,0/0,1/1
PI576433,0/0,1/1
PI576434,0/0,1/1
PI576435,0/0,1/1
PI576436,0/0,1/1
PI576437,0/0,1/1
PI585295,0/0,1/1
PI594354,0/0,1/1
PI594355,0/0,1/1
PI595221,0/0,1/1
PI595699,1/1,1/1
PI595700,1/1,1/1
PI595701,0/0,1/1
PI595702,0/0,1/1
PI595703,0/0,1/1
PI595704,0/0,1/1
PI595705,1/1,1/1
PI595706,0/0,1/1
PI595708,0/0,1/1
PI595709,0/0,0/0
PI595710,0/0,1/1
PI595711,0/0,1/1
PI595712,0/0,1/1
PI595713,0/0,1/1
PI595714,0/0,1/1
PI595715,0/0,1/1
PI595716,0/0,0/0
PI595717,0/0,1/1
PI595718,0/0,1/1
PI595719,0/0,1/1
PI595720,0/0,1/1
PI595721,0/0,1/1
PI595722,0/0,1/1
PI595723,1/1,1/1
PI595724,0/0,1/1
PI595725,0/0,1/1
PI595726,0/0,1/1
PI595727,0/0,1/1
PI595728,0/0,1/1
PI595730,0/0,1/1
PI595731,0/0,1/1
PI595732,0/0,0/0
PI595733,0/0,0/0
PI595734,0/0,0/0
PI595735,0/0,0/0
PI595736,0/0,0/0
PI595737,0/0,0/0
PI595738,0/0,1/1
PI595739,0/0,0/0
PI595740,0/0,1/1
PI595741,0/0,1/1
PI595742,0/0,NA
PI595743,0/0,1/1
PI595744,0/0,1/1
PI595745,0/0,1/1
PI595746,0/0,0/0
PI595747,0/0,1/1
PI595748,0/0,1/1
PI596332,0/0,1/1
PI596567,0/0,1/1
PI597943,1/1,1/1
PI597944,0/0,1/1
PI597945,0/0,1/1
PI597946,0/0,1/1
PI597947,0/0,1/1
PI597949,0/0,1/1
PI597950,0/0,1/1
PI597951,0/0,1/1
PI597952,0/0,1/1
PI597953,0/0,1/1
PI597955,0/0,1/1
PI597956,0/0,1/1
PI597958,0/0,1/1
PI597959,0/0,1/1
PI597960,0/0,1/1
PI597961,0/0,0/0
PI597962,0/0,0/0
PI597963,0/0,1/1
PI597964,0/0,1/1
PI597965,0/0,1/1
PI597966,0/0,1/1
PI597967,0/0,0/0
PI597968,0/0,1/1
PI597970,0/0,1/1
PI597971,0/0,1/1
PI597972,0/0,1/1
PI597973,0/0,1/1
PI597974,0/0,1/1
PI597975,0/0,1/1
PI597976,0/0,1/1
PI597977,0/0,1/1
PI597978,0/0,1/1
PI597979,0/0,1/1
PI597980,0/0,1/1
PI597981,0/0,1/1
PI597982,0/0,1/1
PI598069,0/0,1/1
PI598070,0/0,1/1
PI601264,0/0,1/1
PI601415,0/0,1/1
PI601552,0/0,1/1
PI601553,0/0,1/1
PI601554,0/0,0/0
PI601555,0/0,1/1
PI601556,0/0,1/1
PI601557,0/0,1/1
PI601716,0/0,1/1
PI601717,0/0,1/1
PI601718,0/0,1/1
PI601719,0/0,1/1
PI601720,0/0,1/1
PI601721,0/0,1/1
PI601743,0/0,1/1
PI601744,0/0,1/1
PI601756,0/0,1/1
PI601816,0/0,0/0
PI602599,0/0,1/1
PI602600,0/0,1/1
PI607931,0/0,1/1
PI609456,0/0,1/1
PI613536,0/0,1/1
PI629034,0/0,0/0
PI629040,0/0,1/1
PI629059,0/0,0/0
PI641824,0/0,1/1
PI641836,0/0,1/1
PI641849,0/0,1/1
PI641874,0/0,1/1
PI642791,0/0,1/1
PI642992,0/0,1/1
PI642998,0/0,1/1
PI651492,0/0,1/1
PI651496,0/0,1/1
PI653616,0/0,1/1
PI653617,0/0,1/1
PI655970,0/0,1/1
PI655971,0/0,1/1
PI655972,0/0,1/1
PI655973,0/0,1/1
PI655974,0/0,1/1
PI655975,0/0,1/1
PI655976,0/0,1/1
PI655977,0/0,0/0
PI655978,0/0,1/1
PI655979,0/0,1/1
PI655980,0/0,1/1
PI655982,0/0,1/1
PI655983,0/0,1/1
PI655984,0/0,1/1
PI655985,0/0,1/1
PI655986,0/0,1/1
PI655987,0/0,1/1
PI655988,0/0,1/1
PI655989,0/0,1/1
PI655990,0/0,1/1
PI655991,0/0,1/1
PI655992,0/0,1/1
PI655993,0/0,1/1
PI655995,0/0,1/1
PI655996,0/0,1/1
PI655997,NA,0/0
PI655998,0/0,1/1
PI655999,0/0,1/1
PI656000,0/0,0/0
PI656001,0/0,NA
PI656002,0/0,1/1
PI656003,0/0,1/1
PI656004,0/0,1/1
PI656005,0/0,1/1
PI656006,0/0,1/1
PI656007,0/0,1/1
PI656008,0/0,0/0
PI656010,0/0,1/1
PI656011,0/0,0/0
PI656012,0/0,1/1
PI656015,0/0,1/1
PI656016,0/0,0/0
PI656017,0/0,1/1
PI656018,0/0,1/1
PI656019,0/0,1/1
PI656020,0/0,1/1
PI656021,0/0,1/1
PI656022,0/0,1/1
PI656023,0/0,1/1
PI656024,0/0,1/1
PI656025,1/1,1/1
PI656026,0/0,0/0
PI656027,0/0,1/1
PI656028,0/0,1/1
PI656029,0/0,1/1
PI656031,0/0,0/0
PI656033,0/0,1/1
PI656034,0/0,0/0
PI656035,0/0,1/1
PI656036,0/0,0/0
PI656037,0/0,0/0
PI656038,0/0,1/1
PI656039,0/0,0/0
PI656040,0/0,1/1
PI656041,0/0,1/1
PI656042,0/0,1/1
PI656043,0/0,0/0
PI656044,0/0,0/0
PI656046,1/1,1/1
PI656047,0/0,1/1
PI656048,0/0,0/0
PI656049,0/0,1/1
PI656050,0/0,1/1
PI656051,0/0,0/0
PI656052,0/0,1/1
PI656053,0/0,0/0
PI656054,0/0,0/0
PI656055,0/0,0/0
PI656056,0/0,0/0
PI656057,0/0,1/1
PI656058,0/0,1/1
PI656059,0/0,0/0
PI656060,0/0,1/1
PI656061,0/0,1/1
PI656062,0/0,0/0
PI656064,1/1,1/1
PI656065,0/0,1/1
PI656066,0/0,1/1
PI656067,1/1,1/1
PI656068,0/0,0/0
PI656069,0/0,1/1
PI656070,0/0,0/0
PI656071,0/0,1/1
PI656072,0/0,1/1
PI656073,0/0,1/1
PI656074,0/0,1/1
PI656075,0/0,0/0
PI656076,0/0,NA
PI656077,0/0,NA
PI656078,0/0,1/1
PI656079,0/0,1/1
PI656082,0/0,1/1
PI656083,0/0,1/1
PI656085,0/0,0/0
PI656086,0/0,1/1
PI656087,0/0,1/1
PI656088,0/0,1/1
PI656091,0/0,1/1
PI656092,0/0,1/1
PI656093,0/0,1/1
PI656094,0/0,1/1
PI656095,0/0,1/1
PI656096,0/0,1/1
PI656097,0/0,1/1
PI656098,0/0,1/1
PI656099,0/0,1/1
PI656100,0/0,1/1
PI656101,0/0,1/1
PI656102,0/0,1/1
PI656103,1/1,1/1
PI656104,1/1,1/1
PI656105,0/0,1/1
PI656106,0/0,1/1
PI656107,0/0,1/1
PI656108,0/0,1/1
PI656109,0/0,1/1
PI656111,0/0,1/1
PI656112,0/0,1/1
PI656118,0/0,1/1
PI656120,0/0,1/1
PI656121,0/0,1/1
PI659691,0/0,1/1
PI659694,0/0,0/0
PI659695,0/0,1/1
PI659696,0/0,1/1
PI659753,NA,1/1
SC0003,0/0,1/1
SC0027,0/0,1/1
SC0041,0/0,1/1
SC0092,0/0,1/1
SC0138,0/0,1/1
SC0150,0/0,1/1
SC0156,0/0,1/1
SC0157,0/0,1/1
SC0159,0/0,1/1
SC0178,0/0,1/1
SC0179,0/0,1/1
SC0191,1/1,1/1
SC0201,0/0,1/1
SC0236,0/0,NA
SC0247,0/0,1/1
SC0263,0/0,1/1
SC0266,0/0,1/1
SC0276,0/0,1/1
SC0287,0/0,1/1
SC0297,0/0,1/1
SC0314,0/0,1/1
SC0343,0/0,1/1
SC0371,0/0,NA
SC0400,0/0,1/1
SC0409,0/0,1/1
SC0436,0/0,1/1
SC0445,0/0,1/1
SC0448,1/1,1/1
SC0456,0/0,0/0
SC0458,0/0,1/1
SC0470,1/1,1/1
SC0479,0/0,1/1
SC0505,0/0,1/1
SC0517,0/0,1/1
SC0521,0/0,1/1
SC0540,0/0,1/1
SC0542,0/0,1/1
SC0550,0/0,1/1
SC0551,0/0,1/1
SC0556,0/0,1/1
SC0581,0/0,1/1
SC0582,0/0,NA
SC0602,0/0,NA
SC0616,1/1,1/1
SC0618,1/1,1/1
SC0631,0/0,1/1
SC0636,0/0,1/1
SC0685,0/0,1/1
SC0713,0/0,1/1
SC0741,0/0,1/1
SC0747,0/0,1/1
SC0753,0/0,1/1
SC0777,0/0,1/1
SC0814,0/0,1/1
SC0823,0/0,1/1
SC0834,1/1,1/1
SC0837,NA,1/1
SC0847,1/1,1/1
SC0848,1/1,1/1
SC0854,0/0,1/1
SC0858,0/0,1/1
SC0860,0/0,1/1
SC0864,0/0,1/1
SC0868,0/0,1/1
SC0870,0/0,1/1
SC0871,1/1,1/1
SC0877,0/0,1/1
SC0878,0/0,1/1
SC0893,0/0,1/1
SC0895,0/0,1/1
SC0914,0/0,0/0
SC0921,0/0,1/1
SC0923,0/0,1/1
SC0965,0/0,1/1
SC1021,0/0,1/1
SC1023,0/0,1/1
SC1058,1/1,1/1
SC1082,0/0,1/1
SC1097,0/0,1/1
SC1107,0/0,1/1
SC1114,0/0,1/1
SC1119,0/0,1/1
SC1120,NA,NA
SC1133,0/0,1/1
SC1166,0/0,1/1
SC1170,NA,1/1
SC1178,0/0,1/1
SC1193,1/1,1/1
SC1216,0/0,1/1
SC1442,0/0,1/1
SC1446,0/0,1/1
PI533755,0/0,1/1
PI533772,0/0,1/1
PI533775,0/0,1/1
PI533780,0/0,1/1
PI533854,0/0,1/1
PI533859,0/0,1/1
PI533926,1/1,1/1
PI533952,0/0,1/1
PI533963,0/0,1/1
PI534088,0/0,1/1
PI534098,0/0,1/1
PI534121,0/0,1/1
PI534130,0/0,1/1
PI534166,0/0,1/1
PI543247,0/0,1/1
PI554646,0/0,1/1
PI554648,0/0,1/1
PI576350,0/0,1/1
PI576366,0/0,1/1
PI576385,0/0,1/1
PI576391,0/0,1/1
PI576420,0/0,1/1
PI585291,0/0,1/1
PI595729,0/0,1/1
PI642793,0/0,1/1
PI656090,0/0,1/1
PI656110,0/0,1/1
PI656115,0/0,1/1
SC0412,0/0,1/1
SC0604,0/0,1/1
SC0615,0/0,1/1
SC0652,0/0,1/1
SC0999,0/0,1/1
SC1024,0/0,1/1
PI153852,0/0,1/1
PI533827,0/0,1/1
PI533865,0/0,1/1
PI533883,0/0,1/1
PI533890,0/0,1/1
PI533933,1/1,1/1
PI534018,0/0,1/1
PI534024,0/0,1/1
PI534087,0/0,1/1
PI534093,0/0,1/1
PI534125,0/0,1/1
PI534143,0/0,1/1
PI561472,0/0,0/0
PI574397,0/0,1/1
PI576331,0/0,1/1
PI576353,0/0,1/1
PI576430,0/0,1/1
PI603983,0/0,1/1
PI605723,0/0,1/1
PI605724,0/0,1/1
PI605725,0/0,1/1
PI605726,0/0,1/1
PI606788,0/0,1/1
PI613611,0/0,1/1
PI613613,0/0,1/1
PI619402,0/0,1/1
PI656013,1/1,1/1
PI656014,0/0,1/1
PI656032,0/0,1/1
PI656063,0/0,1/1
PI656113,1/1,1/1
PI656114,0/0,1/1
SC0235,0/0,1/1
SC0249,0/0,1/1
SC0438,0/0,1/1
SC0463,0/0,1/1
SC0547,0/0,1/1
SC0759,0/0,1/1
