sample_id	experiment	genotype	tissue	sample_key	n_processed	n_pseudoaligned	p_pseudoaligned
SG2021_4001_SC0448	SG2021	SC0448	leaf	4001_SC0448	23010377	19948736	86.7
SG2021_4002_PI534006	SG2021	PI534006	leaf	4002_PI534006	26059137	23071386	88.5
SG2021_4003_PI534097	SG2021	PI534097	leaf	4003_PI534097	26978393	24514572	90.9
SG2021_4004_SC1216	SG2021	SC1216	leaf	4004_SC1216	26597667	23629110	88.8
SG2021_4005_SC0582	SG2021	SC0582	leaf	4005_SC0582	22858838	20068626	87.8
SG2021_4006_PI533882	SG2021	PI533882	leaf	4006_PI533882	21106305	18714408	88.7
SG2021_4007_PI597952	SG2021	PI597952	leaf	4007_PI597952	26193495	23493082	89.7
SG2021_4010_PI656062	SG2021	PI656062	leaf	4010_PI656062	24467518	22115399	90.4
SG2021_4011_PI576391	SG2021	PI576391	leaf	4011_PI576391	24837542	22453766	90.4
SG2021_4014_PI656071	SG2021	PI656071	leaf	4014_PI656071	20970151	18982017	90.5
SG2021_4015_PI533966	SG2021	PI533966	leaf	4015_PI533966	25782727	22923195	88.9
SG2021_4016_PI576340	SG2021	PI576340	leaf	4016_PI576340	28616829	25538003	89.2
SG2021_4017_PI533955	SG2021	PI533955	leaf	4017_PI533955	26312447	23059455	87.6
SG2021_4018_PI576368	SG2021	PI576368	leaf	4018_PI576368	25761749	22496257	87.3
SG2021_4020_SC0858	SG2021	SC0858	leaf	4020_SC0858	20836826	18476567	88.7
SG2021_4021_PI533827	SG2021	PI533827	leaf	4021_PI533827	27249354	24441725	89.7
SG2021_4022_PI533805	SG2021	PI533805	leaf	4022_PI533805	27676404	24709540	89.3
SG2021_4023_PI533990	SG2021	PI533990	leaf	4023_PI533990	24147518	19595472	81.1
SG2021_4024_PI533804	SG2021	PI533804	leaf	4024_PI533804	24015576	21432742	89.2
SG2021_4028_PI656096	SG2021	PI656096	leaf	4028_PI656096	20908700	18396510	88.0
SG2021_4030_PI533887	SG2021	PI533887	leaf	4030_PI533887	25130004	21758286	86.6
SG2021_4033_PI533797	SG2021	PI533797	leaf	4033_PI533797	38168073	33808133	88.6
SG2021_4034_PI533864	SG2021	PI533864	leaf	4034_PI533864	29322128	26783361	91.3
SG2021_4035_PI609456	SG2021	PI609456	leaf	4035_PI609456	25720766	23383986	90.9
SG2021_4037_SC0921	SG2021	SC0921	leaf	4037_SC0921	27347997	24409826	89.3
SG2021_4039_PI533884	SG2021	PI533884	leaf	4039_PI533884	24677758	21454055	86.9
SG2021_4041_PI576338	SG2021	PI576338	leaf	4041_PI576338	23526091	21103579	89.7
SG2021_4042_PI576328	SG2021	PI576328	leaf	4042_PI576328	24623306	22049128	89.5
SG2021_4043_PI534080	SG2021	PI534080	leaf	4043_PI534080	27215144	24296606	89.3
SG2021_4044_PI597974	SG2021	PI597974	leaf	4044_PI597974	26544604	24107296	90.8
SG2021_4046_PI533976	SG2021	PI533976	leaf	4046_PI533976	23484757	20699806	88.1
SG2021_4047_PI533824	SG2021	PI533824	leaf	4047_PI533824	22481440	20158203	89.7
SG2021_4048_PI533836	SG2021	PI533836	leaf	4048_PI533836	22820166	20501029	89.8
SG2021_4050_PI533940	SG2021	PI533940	leaf	4050_PI533940	21014317	18977244	90.3
SG2021_4051_PI576387	SG2021	PI576387	leaf	4051_PI576387	27686583	24888099	89.9
SG2021_4053_PI595747	SG2021	PI595747	leaf	4053_PI595747	26509246	23949532	90.3
SG2021_4054_PI564163	SG2021	PI564163	leaf	4054_PI564163	20602422	18932612	91.9
SG2021_4055_PI656108	SG2021	PI656108	leaf	4055_PI656108	24486288	21160266	86.4
SG2021_4056_PI533885	SG2021	PI533885	leaf	4056_PI533885	28318093	25671326	90.7
SG2021_4057_PI533754	SG2021	PI533754	leaf	4057_PI533754	24162021	22031715	91.2
SG2021_4058_PI656095	SG2021	PI656095	leaf	4058_PI656095	20132714	18270597	90.8
SG2021_4059_PI533844	SG2021	PI533844	leaf	4059_PI533844	22412301	20597785	91.9
SG2021_4060_PI534128	SG2021	PI534128	leaf	4060_PI534128	24874032	22485177	90.4
SG2021_4063_PI534161	SG2021	PI534161	leaf	4063_PI534161	23870744	20166806	84.5
SG2021_4067_PI533765	SG2021	PI533765	leaf	4067_PI533765	23320823	20563527	88.2
SG2021_4068_PI534015	SG2021	PI534015	leaf	4068_PI534015	22088620	19916237	90.2
SG2021_4070_PI597954	SG2021	PI597954	leaf	4070_PI597954	23963063	21487024	89.7
SG2021_4071_PI656018	SG2021	PI656018	leaf	4071_PI656018	20775247	19195719	92.4
SG2021_4072_PI576400	SG2021	PI576400	leaf	4072_PI576400	27204615	24627231	90.5
SG2021_4073_PI656019	SG2021	PI656019	leaf	4073_PI656019	24062075	21955231	91.2
SG2021_4074_PI576373	SG2021	PI576373	leaf	4074_PI576373	25224852	22379159	88.7
SG2021_4075_PI533991	SG2021	PI533991	leaf	4075_PI533991	27079655	24122531	89.1
SG2021_4076_PI613536	SG2021	PI613536	leaf	4076_PI613536	29928443	27363548	91.4
SG2021_4078_PI533751	SG2021	PI533751	leaf	4078_PI533751	23723645	21781794	91.8
SG2021_4079_PI533790	SG2021	PI533790	leaf	4079_PI533790	30059970	26531072	88.3
SG2021_4080_PI597966	SG2021	PI597966	leaf	4080_PI597966	20852047	19098509	91.6
SG2021_4081_SC0456	SG2021	SC0456	leaf	4081_SC0456	29187624	26193895	89.7
SG2021_4082_PI564165	SG2021	PI564165	leaf	4082_PI564165	25091539	22818531	90.9
SG2021_4083_PI533822	SG2021	PI533822	leaf	4083_PI533822	30555052	27746978	90.8
SG2021_4085_PI533821	SG2021	PI533821	leaf	4085_PI533821	22097510	19696312	89.1
SG2021_4086_PI534142	SG2021	PI534142	leaf	4086_PI534142	23035866	20576319	89.3
SG2021_4087_PI533771	SG2021	PI533771	leaf	4087_PI533771	22984848	20308262	88.4
SG2021_4088_PI534165	SG2021	PI534165	leaf	4088_PI534165	22219725	20548084	92.5
SG2021_4089_PI655994	SG2021	PI655994	leaf	4089_PI655994	29551483	27302623	92.4
SG2021_4090_PI656060	SG2021	PI656060	leaf	4090_PI656060	21009318	18977088	90.3
SG2021_4092_PI534094	SG2021	PI534094	leaf	4092_PI534094	24865301	22038235	88.6
SG2021_4093_PI576358	SG2021	PI576358	leaf	4093_PI576358	21646768	19371937	89.5
SG2021_4094_PI533974	SG2021	PI533974	leaf	4094_PI533974	24386574	22528911	92.4
SG2021_4095_PI533807	SG2021	PI533807	leaf	4095_PI533807	27857281	24890554	89.4
SG2021_4097_PI576343	SG2021	PI576343	leaf	4097_PI576343	24607168	22475215	91.3
SG2021_4098_PI576405	SG2021	PI576405	leaf	4098_PI576405	21443387	19558391	91.2
SG2021_4099_PI656041	SG2021	PI656041	leaf	4099_PI656041	24988564	22243556	89.0
SG2021_4100_PI659696	SG2021	PI659696	leaf	4100_PI659696	22087601	19705412	89.2
SG2021_4103_PI576374	SG2021	PI576374	leaf	4103_PI576374	29091875	26338050	90.5
SG2021_4104_PI576367	SG2021	PI576367	leaf	4104_PI576367	34946787	31900913	91.3
SG2021_4105_PI576418	SG2021	PI576418	leaf	4105_PI576418	26325353	23734437	90.2
SG2021_4108_SC0235	SG2021	SC0235	leaf	4108_SC0235	30041819	26494727	88.2
SG2021_4109_SC0479	SG2021	SC0479	leaf	4109_SC0479	23606948	20876376	88.4
SG2021_4110_PI533857	SG2021	PI533857	leaf	4110_PI533857	20052689	18177681	90.6
SG2021_4112_PI576352	SG2021	PI576352	leaf	4112_PI576352	30569277	27805997	91.0
SG2021_4113_PI533755	SG2021	PI533755	leaf	4113_PI533755	24495588	21495347	87.8
SG2021_4114_PI533769	SG2021	PI533769	leaf	4114_PI533769	23139093	20641849	89.2
SG2021_4115_PI533815	SG2021	PI533815	leaf	4115_PI533815	25188462	21264811	84.4
SG2021_4116_PI597953	SG2021	PI597953	leaf	4116_PI597953	31463115	28473317	90.5
SG2021_4120_PI655992	SG2021	PI655992	leaf	4120_PI655992	29845887	26499756	88.8
SG2021_4121_PI533975	SG2021	PI533975	leaf	4121_PI533975	26262382	23657336	90.1
SG2021_4122_PI533977	SG2021	PI533977	leaf	4122_PI533977	24891451	22780877	91.5
SG2021_4123_PI534130	SG2021	PI534130	leaf	4123_PI534130	30002748	27245245	90.8
SG2021_4124_SC1107	SG2021	SC1107	leaf	4124_SC1107	22435148	20324272	90.6
SG2021_4125_PI576392	SG2021	PI576392	leaf	4125_PI576392	22190855	20260952	91.3
SG2021_4126_PI533850	SG2021	PI533850	leaf	4126_PI533850	28052821	24861313	88.6
SG2021_4127_PI656006	SG2021	PI656006	leaf	4127_PI656006	28485118	25617452	89.9
SG2021_4128_PI534002	SG2021	PI534002	leaf	4128_PI534002	23582766	21313072	90.4
SG2021_4129_PI576394	SG2021	PI576394	leaf	4129_PI576394	24806376	22348503	90.1
SG2021_4132_PI656093	SG2021	PI656093	leaf	4132_PI656093	23805162	21275863	89.4
SG2021_4133_PI533967	SG2021	PI533967	leaf	4133_PI533967	29063965	26235339	90.3
SG2021_4134_SC0823	SG2021	SC0823	leaf	4134_SC0823	23178009	20864820	90.0
SG2021_4136_PI576382	SG2021	PI576382	leaf	4136_PI576382	22772469	20439597	89.8
SG2021_4137_PI533911	SG2021	PI533911	leaf	4137_PI533911	26132170	22414182	85.8
SG2021_4139_PI597971	SG2021	PI597971	leaf	4139_PI597971	22009675	19925711	90.5
SG2021_4141_PI595746	SG2021	PI595746	leaf	4141_PI595746	28862179	26161152	90.6
SG2021_4142_PI656094	SG2021	PI656094	leaf	4142_PI656094	26910826	24161238	89.8
SG2021_4143_PI659753	SG2021	PI659753	leaf	4143_PI659753	26881631	23835158	88.7
SG2021_4144_SC1119	SG2021	SC1119	leaf	4144_SC1119	30982526	27692845	89.4
SG2021_4145_PI534090	SG2021	PI534090	leaf	4145_PI534090	32819211	29690598	90.5
SG2021_4147_PI534133	SG2021	PI534133	leaf	4147_PI534133	28508716	24117872	84.6
SG2021_4148_PI533775	SG2021	PI533775	leaf	4148_PI533775	27642704	24887737	90.0
SG2021_4150_PI576372	SG2021	PI576372	leaf	4150_PI576372	29877055	25579098	85.6
SG2021_4151_PI576390	SG2021	PI576390	leaf	4151_PI576390	29806854	26760058	89.8
SG2021_4152_PI656032	SG2021	PI656032	leaf	4152_PI656032	23699902	21739014	91.7
SG2021_4153_PI153844	SG2021	PI153844	leaf	4153_PI153844	28155478	25573601	90.8
SG2021_4154_PI595732	SG2021	PI595732	leaf	4154_PI595732	21310485	19644702	92.2
SG2021_4155_PI595735	SG2021	PI595735	leaf	4155_PI595735	21917703	19480935	88.9
SG2021_4157_PI656020	SG2021	PI656020	leaf	4157_PI656020	22238873	20184092	90.8
SG2021_4159_PI534045	SG2021	PI534045	leaf	4159_PI534045	31761344	28519681	89.8
SG2021_4160_PI656050	SG2021	PI656050	leaf	4160_PI656050	24441157	22381250	91.6
SG2021_4162_PI533933	SG2021	PI533933	leaf	4162_PI533933	20225270	18121515	89.6
SG2021_4163_PI533886	SG2021	PI533886	leaf	4163_PI533886	24155831	22073755	91.4
SG2021_4164_PI597965	SG2021	PI597965	leaf	4164_PI597965	30069751	27063647	90.0
SG2021_4165_ElMota	SG2021	ElMota	leaf	4165_ElMota	23308644	20974617	90.0
SG2021_4166_PI534089	SG2021	PI534089	leaf	4166_PI534089	23984467	21906023	91.3
SG2021_4167_PI656070	SG2021	PI656070	leaf	4167_PI656070	27489128	25402827	92.4
SG2021_4168_PI534151	SG2021	PI534151	leaf	4168_PI534151	29233037	26815795	91.7
SG2021_4169_PI595700	SG2021	PI595700	leaf	4169_PI595700	25345845	23316217	92.0
SG2021_4171_PI534013	SG2021	PI534013	leaf	4171_PI534013	28238798	25536997	90.4
SG2021_4172_PI533833	SG2021	PI533833	leaf	4172_PI533833	34184782	28572855	83.6
SG2021_4173_PI533808	SG2021	PI533808	leaf	4173_PI533808	26853786	23147449	86.2
SG2021_4174_SC0263	SG2021	SC0263	leaf	4174_SC0263	27186132	22810681	83.9
SG2021_4175_PI576375	SG2021	PI576375	leaf	4175_PI576375	21177053	18034519	85.2
SG2021_4176_PI533764	SG2021	PI533764	leaf	4176_PI533764	25950910	23253782	89.6
SG2021_4177_RTAM2566	SG2021	RTAM2566	leaf	4177_RTAM2566	24700805	21847500	88.4
SG2021_4178_PI533799	SG2021	PI533799	leaf	4178_PI533799	20792278	18591529	89.4
SG2021_4179_PI595733	SG2021	PI595733	leaf	4179_PI595733	23751843	21380558	90.0
SG2021_4180_PI656025	SG2021	PI656025	leaf	4180_PI656025	29140923	26222396	90.0
SG2021_4181_PI152651	SG2021	PI152651	leaf	4181_PI152651	26146248	24035767	91.9
SG2021_4182_PI534163	SG2021	PI534163	leaf	4182_PI534163	22969528	20948190	91.2
SG2021_4183_PI534004	SG2021	PI534004	leaf	4183_PI534004	27310212	24521856	89.8
SG2021_4184_PI534159	SG2021	PI534159	leaf	4184_PI534159	21787636	19631754	90.1
SG2021_4185_PI533859	SG2021	PI533859	leaf	4185_PI533859	27776208	24901774	89.7
SG2021_4186_PI534114	SG2021	PI534114	leaf	4186_PI534114	34736401	29054814	83.6
SG2021_4188_PI564164	SG2021	PI564164	leaf	4188_PI564164	29484809	26170661	88.8
SG2021_4189_PI576432	SG2021	PI576432	leaf	4189_PI576432	36656211	32681258	89.2
SG2021_4190_PI533986	SG2021	PI533986	leaf	4190_PI533986	26035708	24015164	92.2
SG2021_4191_PI656048	SG2021	PI656048	leaf	4191_PI656048	25344888	22129359	87.3
SG2021_4192_PI34911	SG2021	PI34911	leaf	4192_PI34911	24004443	21595648	90.0
SG2021_4193_PI576412	SG2021	PI576412	leaf	4193_PI576412	21011187	19191864	91.3
SG2021_4194_BTx378	SG2021	BTx378	leaf	4194_BTx378	31004316	28449299	91.8
SG2021_4195_PI576370	SG2021	PI576370	leaf	4195_PI576370	27833910	24899008	89.5
SG2021_4197_PI597973	SG2021	PI597973	leaf	4197_PI597973	27068808	24612419	90.9
SG2021_4198_PI533785	SG2021	PI533785	leaf	4198_PI533785	23864862	21345309	89.4
SG2021_4199_PI656083	SG2021	PI656083	leaf	4199_PI656083	26380737	23910072	90.6
SG2021_4202_PI597969	SG2021	PI597969	leaf	4202_PI597969	21198993	19358044	91.3
SG2021_4203_PI576349	SG2021	PI576349	leaf	4203_PI576349	23791108	21650424	91.0
SG2021_4204_PI534024	SG2021	PI534024	leaf	4204_PI534024	29908211	26414295	88.3
SG2021_4205_PI576361	SG2021	PI576361	leaf	4205_PI576361	23160481	20893241	90.2
SG2021_4207_PI533883	SG2021	PI533883	leaf	4207_PI533883	22293445	19898374	89.3
SG2021_4208_Day	SG2021	Day	leaf	4208_Day	25916942	23126818	89.2
SG2021_4209_PI533964	SG2021	PI533964	leaf	4209_PI533964	22588006	20018220	88.6
SG2021_4210_PI576386	SG2021	PI576386	leaf	4210_PI576386	21551198	19729196	91.5
SG2021_4211_PI534043	SG2021	PI534043	leaf	4211_PI534043	28032465	25652856	91.5
SG2021_4213_PI534053	SG2021	PI534053	leaf	4213_PI534053	22064427	20028917	90.8
SG2021_4215_PI651496	SG2021	PI651496	leaf	4215_PI651496	34551246	32002635	92.6
SG2021_4218_PI656036	SG2021	PI656036	leaf	4218_PI656036	23437950	21491188	91.7
SG2021_4219_PI534087	SG2021	PI534087	leaf	4219_PI534087	26468416	23983789	90.6
SG2021_4221_SC0878	SG2021	SC0878	leaf	4221_SC0878	30020397	27147897	90.4
SG2021_4222_PI534062	SG2021	PI534062	leaf	4222_PI534062	23090564	19782334	85.7
SG2021_4223_SC0914	SG2021	SC0914	leaf	4223_SC0914	29748276	26517139	89.1
SG2021_4225_PI22326	SG2021	PI22326	leaf	4225_PI22326	27794560	24315552	87.5
SG2021_4226_PI534147	SG2021	PI534147	leaf	4226_PI534147	26959084	24288563	90.1
SG2021_4228_PI533810	SG2021	PI533810	leaf	4228_PI533810	29675987	27092453	91.3
SG2021_4229_PI576347	SG2021	PI576347	leaf	4229_PI576347	30567890	28062530	91.8
SG2021_4230_PI576417	SG2021	PI576417	leaf	4230_PI576417	24707001	22698520	91.9
SG2021_4231_PI576430	SG2021	PI576430	leaf	4231_PI576430	23662532	21579147	91.2
SG2021_4232_PI656012	SG2021	PI656012	leaf	4232_PI656012	22090238	19997053	90.5
SG2021_4234_PI534155	SG2021	PI534155	leaf	4234_PI534155	29968426	26613263	88.8
SG2021_4235_PI576427	SG2021	PI576427	leaf	4235_PI576427	26195728	23541604	89.9
SG2021_4236_PI533985	SG2021	PI533985	leaf	4236_PI533985	21259330	19027277	89.5
SG2021_4237_SC0542	SG2021	SC0542	leaf	4237_SC0542	20247272	18114005	89.5
SG2021_4243_PI576421	SG2021	PI576421	leaf	4243_PI576421	22267110	20334584	91.3
SG2021_4244_SC1114	SG2021	SC1114	leaf	4244_SC1114	23224031	21209636	91.3
SG2021_4245_PI656028	SG2021	PI656028	leaf	4245_PI656028	33463194	30625460	91.5
SG2021_4246_PI534077	SG2021	PI534077	leaf	4246_PI534077	23907652	21764993	91.0
SG2021_4247_PI656010	SG2021	PI656010	leaf	4247_PI656010	29236095	26491456	90.6
SG2021_4248_SC0893	SG2021	SC0893	leaf	4248_SC0893	24716000	22666206	91.7
SG2021_4249_PI574455	SG2021	PI574455	leaf	4249_PI574455	20260701	18679131	92.2
SG2021_4250_PI595728	SG2021	PI595728	leaf	4250_PI595728	27710742	22442407	81.0
SG2021_4251_PI656004	SG2021	PI656004	leaf	4251_PI656004	24795725	21898330	88.3
SG2021_4256_PI533796	SG2021	PI533796	leaf	4256_PI533796	29751272	27096292	91.1
SG2021_4257_PI534064	SG2021	PI534064	leaf	4257_PI534064	32836343	29627847	90.2
SG2021_4258_PI534058	SG2021	PI534058	leaf	4258_PI534058	20553697	18832998	91.6
SG2021_4259_PI576433	SG2021	PI576433	leaf	4259_PI576433	20992386	19354155	92.2
SG2021_4260_PI576397	SG2021	PI576397	leaf	4260_PI576397	24400665	22402683	91.8
SG2021_4263_PI656076	SG2021	PI656076	leaf	4263_PI656076	26778057	24583312	91.8
SG2021_4265_PI656035	SG2021	PI656035	leaf	4265_PI656035	21489401	15760704	73.3
SG2021_4266_RTx2917	SG2021	RTx2917	leaf	4266_RTx2917	27009139	24525815	90.8
SG2021_4268_PI576429	SG2021	PI576429	leaf	4268_PI576429	22706490	19069285	84.0
SG2021_4271_PI534039	SG2021	PI534039	leaf	4271_PI534039	23291275	21160911	90.9
SG2021_4272_PI533987	SG2021	PI533987	leaf	4272_PI533987	20217597	18220656	90.1
SG2021_4273_PI533794	SG2021	PI533794	leaf	4273_PI533794	21826356	20272586	92.9
SG2021_4274_PI656059	SG2021	PI656059	leaf	4274_PI656059	24779438	22814463	92.1
SG2021_4275_PI534068	SG2021	PI534068	leaf	4275_PI534068	29783842	27599947	92.7
SG2021_4276_PI534067	SG2021	PI534067	leaf	4276_PI534067	25809676	23696262	91.8
SG2021_4277_PI576436	SG2021	PI576436	leaf	4277_PI576436	29768490	27260524	91.6
SG2021_4278_PI576362	SG2021	PI576362	leaf	4278_PI576362	22355722	20294462	90.8
SG2021_4279_PI534102	SG2021	PI534102	leaf	4279_PI534102	26572166	23849839	89.8
SG2021_4280_SC0247	SG2021	SC0247	leaf	4280_SC0247	23755711	20638431	86.9
SG2021_4283_PI576431	SG2021	PI576431	leaf	4283_PI576431	21423490	19249095	89.9
SG2021_4284_BTx645	SG2021	BTx645	leaf	4284_BTx645	31859306	29387395	92.2
SG2021_4285_PI533760	SG2021	PI533760	leaf	4285_PI533760	26730460	24876835	93.1
SG2021_4286_PI597947	SG2021	PI597947	leaf	4286_PI597947	32320873	29628529	91.7
SG2021_4287_PI656072	SG2021	PI656072	leaf	4287_PI656072	27596831	25536849	92.5
SG2021_4288_PI534137	SG2021	PI534137	leaf	4288_PI534137	29912689	27761841	92.8
SG2021_4289_PI533814	SG2021	PI533814	leaf	4289_PI533814	22232632	20334684	91.5
SG2021_4290_PI656000	SG2021	PI656000	leaf	4290_PI656000	21138069	19454914	92.0
SG2021_4291_SC0847	SG2021	SC0847	leaf	4291_SC0847	20692825	14985438	72.4
SG2021_4293_PI533957	SG2021	PI533957	leaf	4293_PI533957	25034013	22085113	88.2
SG2021_4294_PI597972	SG2021	PI597972	leaf	4294_PI597972	21947815	20057660	91.4
SG2021_4295_PI655999	SG2021	PI655999	leaf	4295_PI655999	22910262	20898086	91.2
SG2021_4296_PI656106	SG2021	PI656106	leaf	4296_PI656106	27595044	25455288	92.2
SG2021_4297_PI533958	SG2021	PI533958	leaf	4297_PI533958	26348861	23316644	88.5
SG2021_4298_PI533840	SG2021	PI533840	leaf	4298_PI533840	23283802	21418801	92.0
SG2021_4300_PI576376	SG2021	PI576376	leaf	4300_PI576376	26612560	24640173	92.6
SG2021_4301_PI533915	SG2021	PI533915	leaf	4301_PI533915	35554446	32678613	91.9
SG2021_4302_SC0092	SG2021	SC0092	leaf	4302_SC0092	30072134	27766123	92.3
SG2021_4303_PI533878	SG2021	PI533878	leaf	4303_PI533878	24659713	22135989	89.8
SG2021_4304_SC0685	SG2021	SC0685	leaf	4304_SC0685	23951958	21549643	90.0
SG2021_4306_PI656103	SG2021	PI656103	leaf	4306_PI656103	21234677	18553272	87.4
SG2021_4307_PI656078	SG2021	PI656078	leaf	4307_PI656078	23672552	20743633	87.6
SG2021_4308_PI656110	SG2021	PI656110	leaf	4308_PI656110	21791345	18822658	86.4
SG2021_4310_PI576419	SG2021	PI576419	leaf	4310_PI576419	22029451	20101654	91.2
SG2021_4311_PI576383	SG2021	PI576383	leaf	4311_PI576383	26176482	22930460	87.6
SG2021_4312_PI548797	SG2021	PI548797	leaf	4312_PI548797	27872176	25633177	92.0
SG2021_4313_PI533746	SG2021	PI533746	leaf	4313_PI533746	21454095	18043728	84.1
SG2021_4315_PI597949	SG2021	PI597949	leaf	4315_PI597949	34541667	31658029	91.7
SG2021_4316_PI534091	SG2021	PI534091	leaf	4316_PI534091	22579121	19986543	88.5
SG2021_4317_PI655995	SG2021	PI655995	leaf	4317_PI655995	24419407	21290293	87.2
SG2021_4318_PI576360	SG2021	PI576360	leaf	4318_PI576360	27147748	24003488	88.4
SG2021_4324_PI533860	SG2021	PI533860	leaf	4324_PI533860	20179070	18062903	89.5
SG2021_4325_PI576364	SG2021	PI576364	leaf	4325_PI576364	24480197	21820585	89.1
SG2021_4326_PI533995	SG2021	PI533995	leaf	4326_PI533995	28531803	26402267	92.5
SG2021_4327_SC1193	SG2021	SC1193	leaf	4327_SC1193	22804229	20585410	90.3
SG2021_4328_PI597981	SG2021	PI597981	leaf	4328_PI597981	28973308	26757317	92.4
SG2021_4329_PI533924	SG2021	PI533924	leaf	4329_PI533924	27450790	24911441	90.7
SG2021_4330_PI533818	SG2021	PI533818	leaf	4330_PI533818	20044828	17074479	85.2
SG2021_4331_PI656031	SG2021	PI656031	leaf	4331_PI656031	22607392	20328889	89.9
SG2021_4332_PI595714	SG2021	PI595714	leaf	4332_PI595714	23329563	21058499	90.3
SG2021_4333_PI534104	SG2021	PI534104	leaf	4333_PI534104	24232534	21777147	89.9
SG2021_4334_PI534046	SG2021	PI534046	leaf	4334_PI534046	23953298	21411281	89.4
SG2021_4336_PI595738	SG2021	PI595738	leaf	4336_PI595738	23477719	20833610	88.7
SG2021_4337_PI656016	SG2021	PI656016	leaf	4337_PI656016	24802144	22505091	90.7
SG2021_4338_PI656040	SG2021	PI656040	leaf	4338_PI656040	21742607	18501311	85.1
SG2021_4339_PI656080	SG2021	PI656080	leaf	4339_PI656080	27831996	24358147	87.5
SG2021_4341_PI533877	SG2021	PI533877	leaf	4341_PI533877	21022163	18823630	89.5
SG2021_4342_PI533950	SG2021	PI533950	leaf	4342_PI533950	20404751	18585772	91.1
SG2021_4343_RTX2737	SG2021	RTX2737	leaf	4343_RTX2737	25726222	22834573	88.8
SG2021_4344_SC0540	SG2021	SC0540	leaf	4344_SC0540	24744742	22277959	90.0
SG2021_4345_PI576410	SG2021	PI576410	leaf	4345_PI576410	26649483	23314901	87.5
SG2021_4346_PI533852	SG2021	PI533852	leaf	4346_PI533852	22943332	20765145	90.5
SG2021_4347_PI533800	SG2021	PI533800	leaf	4347_PI533800	29625263	25844811	87.2
SG2021_4350_PI576420	SG2021	PI576420	leaf	4350_PI576420	23610385	20803739	88.1
SG2021_4351_PI533971	SG2021	PI533971	leaf	4351_PI533971	28399806	25427385	89.5
SG2021_4352_PI533761	SG2021	PI533761	leaf	4352_PI533761	24478366	21000020	85.8
SG2021_4353_PI597975	SG2021	PI597975	leaf	4353_PI597975	30038209	27417194	91.3
SG2021_4354_SC0759	SG2021	SC0759	leaf	4354_SC0759	20935344	19426937	92.8
SG2021_4355_PI533812	SG2021	PI533812	leaf	4355_PI533812	29595892	27021960	91.3
SG2021_4356_PI576378	SG2021	PI576378	leaf	4356_PI576378	29253451	27229946	93.1
SG2021_4358_SC1023	SG2021	SC1023	leaf	4358_SC1023	25950955	23243034	89.6
SG2021_4359_PI659694	SG2021	PI659694	leaf	4359_PI659694	24069319	21816183	90.6
SG2021_4360_PI533926	SG2021	PI533926	leaf	4360_PI533926	29860506	26779299	89.7
SG2021_4361_PI659691	SG2021	PI659691	leaf	4361_PI659691	25524178	22948931	89.9
SG2021_4362_PI552861	SG2021	PI552861	leaf	4362_PI552861	21967442	19659823	89.5
SG2021_4363_PI533912	SG2021	PI533912	leaf	4363_PI533912	21751113	19479325	89.6
SG2021_4366_PI533758	SG2021	PI533758	leaf	4366_PI533758	24658333	22084245	89.6
SG2021_4367_PI656100	SG2021	PI656100	leaf	4367_PI656100	23527085	19711441	83.8
SG2021_4368_PI656101	SG2021	PI656101	leaf	4368_PI656101	22897229	21259938	92.8
SG2021_4370_PI595721	SG2021	PI595721	leaf	4370_PI595721	26417554	23929559	90.6
SG2021_4371_PI534065	SG2021	PI534065	leaf	4371_PI534065	24897505	22927575	92.1
SG2021_4372_PI576389	SG2021	PI576389	leaf	4372_PI576389	24049490	22068838	91.8
SG2021_4373_PI533939	SG2021	PI533939	leaf	4373_PI533939	24809586	20332731	82.0
SG2021_4374_SC0003	SG2021	SC0003	leaf	4374_SC0003	22726370	19785041	87.1
SG2021_4375_PI656107	SG2021	PI656107	leaf	4375_PI656107	29759414	26875123	90.3
SG2021_4376_PI576434	SG2021	PI576434	leaf	4376_PI576434	28095220	25201356	89.7
SG2021_4378_PI534050	SG2021	PI534050	leaf	4378_PI534050	21528984	19466034	90.4
SG2021_4379_PI534098	SG2021	PI534098	leaf	4379_PI534098	22078160	20034590	90.7
SG2021_4382_PI597961	SG2021	PI597961	leaf	4382_PI597961	32930908	30566273	92.8
SG2021_4383_PI656116	SG2021	PI656116	leaf	4383_PI656116	21354393	19635329	91.9
SG2021_4384_PI533979	SG2021	PI533979	leaf	4384_PI533979	28888424	24224833	83.9
SG2021_4385_PI533925	SG2021	PI533925	leaf	4385_PI533925	29386204	23835934	81.1
SG2021_4386_PI533867	SG2021	PI533867	leaf	4386_PI533867	23380696	20585239	88.0
SG2021_4387_PI656007	SG2021	PI656007	leaf	4387_PI656007	28009169	24803604	88.6
SG2021_4388_PI534070	SG2021	PI534070	leaf	4388_PI534070	20964067	18610522	88.8
SG2021_4389_PI656009	SG2021	PI656009	leaf	4389_PI656009	29804351	26590394	89.2
SG2021_4390_PI534146	SG2021	PI534146	leaf	4390_PI534146	20041176	17715153	88.4
SG2021_4391_PI533819	SG2021	PI533819	leaf	4391_PI533819	23612687	20257437	85.8
SG2021_4392_PI533869	SG2021	PI533869	leaf	4392_PI533869	22831405	20591498	90.2
SG2021_4393_PI656102	SG2021	PI656102	leaf	4393_PI656102	23642937	20870577	88.3
SG2021_4394_PI533866	SG2021	PI533866	leaf	4394_PI533866	25492383	23143681	90.8
SG2021_4395_PI597970	SG2021	PI597970	leaf	4395_PI597970	20251204	17847405	88.1
SG2021_4396_SC0636	SG2021	SC0636	leaf	4396_SC0636	28114628	23980148	85.3
SG2021_4398_PI534095	SG2021	PI534095	leaf	4398_PI534095	26578195	21509404	80.9
SG2021_4399_PI534129	SG2021	PI534129	leaf	4399_PI534129	27795437	23292380	83.8
SG2021_4403_PI595727	SG2021	PI595727	leaf	4403_PI595727	22094434	19745271	89.4
SG2021_4404_PI534108	SG2021	PI534108	leaf	4404_PI534108	25559637	21701662	84.9
SG2021_4405_PI534069	SG2021	PI534069	leaf	4405_PI534069	27150910	24242768	89.3
SG2021_4406_PI534030	SG2021	PI534030	leaf	4406_PI534030	22803711	20375211	89.4
SG2021_4407_PI656089	SG2021	PI656089	leaf	4407_PI656089	29580938	26630749	90.0
SG2021_4408_PI656112	SG2021	PI656112	leaf	4408_PI656112	23182080	20250730	87.4
SG2021_4409_PI576331	SG2021	PI576331	leaf	4409_PI576331	24927909	21382845	85.8
SG2021_4411_SC1024	SG2021	SC1024	leaf	4411_SC1024	27570665	21380254	77.5
SG2021_4412_PI576393	SG2021	PI576393	leaf	4412_PI576393	31019341	26376142	85.0
SG2021_4413_PI533774	SG2021	PI533774	leaf	4413_PI533774	26247829	22290703	84.9
SG2021_4414_PI534081	SG2021	PI534081	leaf	4414_PI534081	28097334	24842231	88.4
SG2021_4415_PI533928	SG2021	PI533928	leaf	4415_PI533928	24472160	21793761	89.1
SG2021_4416_PI534047	SG2021	PI534047	leaf	4416_PI534047	23487612	21190543	90.2
SG2021_4417_PI534071	SG2021	PI534071	leaf	4417_PI534071	24551717	21327747	86.9
SG2021_4418_PI533992	SG2021	PI533992	leaf	4418_PI533992	24139370	21693389	89.9
SG2021_4419_PI533874	SG2021	PI533874	leaf	4419_PI533874	22151371	20046187	90.5
SG2021_4420_PI533944	SG2021	PI533944	leaf	4420_PI533944	23916089	21287976	89.0
SG2021_4421_PI597958	SG2021	PI597958	leaf	4421_PI597958	20385553	15111581	74.1
SG2021_4422_SC1133	SG2021	SC1133	leaf	4422_SC1133	25763851	23089031	89.6
SG2021_4423_PI533888	SG2021	PI533888	leaf	4423_PI533888	21134554	18908065	89.5
SG2021_4425_PI533969	SG2021	PI533969	leaf	4425_PI533969	24829984	21617551	87.1
SG2021_4426_PI534032	SG2021	PI534032	leaf	4426_PI534032	30083864	26393216	87.7
SG2021_4427_PI656053	SG2021	PI656053	leaf	4427_PI656053	24114169	21452287	89.0
SG2021_4428_FeteritaGishesh	SG2021	FeteritaGishesh	leaf	4428_FeteritaGishesh	24722666	22159713	89.6
SG2021_4430_PI533900	SG2021	PI533900	leaf	4430_PI533900	27839310	25298869	90.9
SG2021_4431_SC0556	SG2021	SC0556	leaf	4431_SC0556	25065907	22507348	89.8
SG2021_4432_PI534073	SG2021	PI534073	leaf	4432_PI534073	25708561	23473153	91.3
SG2021_4435_SanChiSan	SG2021	SanChiSan	leaf	4435_SanChiSan	28010822	25227162	90.1
SG2021_4436_PI533837	SG2021	PI533837	leaf	4436_PI533837	21763222	19068749	87.6
SG2021_4437_PI533795	SG2021	PI533795	leaf	4437_PI533795	29975494	25102510	83.7
SG2021_4438_PI656003	SG2021	PI656003	leaf	4438_PI656003	27412292	24315172	88.7
SG2021_4440_SC0868	SG2021	SC0868	leaf	4440_SC0868	22841048	20137079	88.2
SG2021_4441_PI533983	SG2021	PI533983	leaf	4441_PI533983	28375513	24672246	86.9
SG2021_4443_PI595743	SG2021	PI595743	leaf	4443_PI595743	22209507	19986758	90.0
SG2021_4444_PI533930	SG2021	PI533930	leaf	4444_PI533930	24104211	21318028	88.4
SG2021_4445_PI533931	SG2021	PI533931	leaf	4445_PI533931	25757674	22800977	88.5
SG2021_4446_PI595710	SG2021	PI595710	leaf	4446_PI595710	24890877	22338375	89.7
SG2021_4447_PI533997	SG2021	PI533997	leaf	4447_PI533997	19139280	16953247	88.6
SG2021_4448_PI534126	SG2021	PI534126	leaf	4448_PI534126	20511002	18068591	88.1
SG2021_4449_PI533980	SG2021	PI533980	leaf	4449_PI533980	26070234	22612873	86.7
SG2021_4450_PI576353	SG2021	PI576353	leaf	4450_PI576353	29792365	26340442	88.4
SG2021_4451_PI533880	SG2021	PI533880	leaf	4451_PI533880	25961452	23064562	88.8
SG2021_4452_PI534141	SG2021	PI534141	leaf	4452_PI534141	23447676	20853655	88.9
SG2021_4453_PI533861	SG2021	PI533861	leaf	4453_PI533861	20268719	17638925	87.0
SG2021_4454_PI534109	SG2021	PI534109	leaf	4454_PI534109	28633021	25399303	88.7
SG2021_4455_PI595739	SG2021	PI595739	leaf	4455_PI595739	30319465	26172727	86.3
SG2021_4456_PI533778	SG2021	PI533778	leaf	4456_PI533778	27052938	24121969	89.2
SG2021_4458_PI534105	SG2021	PI534105	leaf	4458_PI534105	22590011	20140440	89.2
SG2021_4460_PI533960	SG2021	PI533960	leaf	4460_PI533960	18890779	17192278	91.0
SG2021_4463_SC0713	SG2021	SC0713	leaf	4463_SC0713	24587291	21373966	86.9
SG2021_4464_SC0777	SG2021	SC0777	leaf	4464_SC0777	24463004	22002139	89.9
SG2021_4465_PI534157	SG2021	PI534157	leaf	4465_PI534157	22269988	19646411	88.2
SG2021_4467_PI534048	SG2021	PI534048	leaf	4467_PI534048	25948903	22925883	88.4
SG2021_4468_PI534051	SG2021	PI534051	leaf	4468_PI534051	24426360	21302063	87.2
SG2021_4469_PI533984	SG2021	PI533984	leaf	4469_PI533984	29307749	24765772	84.5
SG2021_4470_PI656087	SG2021	PI656087	leaf	4470_PI656087	23709554	20971912	88.5
SG2021_4471_PI533956	SG2021	PI533956	leaf	4471_PI533956	23567192	19921884	84.5
SG2021_4472_PI533811	SG2021	PI533811	leaf	4472_PI533811	27041093	23410408	86.6
SG2021_4475_PI595716	SG2021	PI595716	leaf	4475_PI595716	21345758	19696006	92.3
SG2021_4476_PI576371	SG2021	PI576371	leaf	4476_PI576371	15432567	13901873	90.1
SG2021_4477_SC1166	SG2021	SC1166	leaf	4477_SC1166	24409863	21483608	88.0
SG2021_4478_PI534020	SG2021	PI534020	leaf	4478_PI534020	23630442	20923333	88.5
SG2021_4480_PI656011	SG2021	PI656011	leaf	4480_PI656011	21992864	18418281	83.7
SG2021_4481_PI655970	SG2021	PI655970	leaf	4481_PI655970	20301476	17382531	85.6
SG2021_4482_PI533904	SG2021	PI533904	leaf	4482_PI533904	22985094	19455775	84.6
SG2021_4487_PI595748	SG2021	PI595748	leaf	4487_PI595748	27466225	25252120	91.9
SG2021_4488_PI597980	SG2021	PI597980	leaf	4488_PI597980	18800517	17005535	90.5
SG2021_4489_SC0236	SG2021	SC0236	leaf	4489_SC0236	22776948	21055164	92.4
SG2021_4490_PI656029	SG2021	PI656029	leaf	4490_PI656029	24955145	22173723	88.9
SG2021_4491_PI533792	SG2021	PI533792	leaf	4491_PI533792	30055739	26681054	88.8
SG2021_4492_PI595711	SG2021	PI595711	leaf	4492_PI595711	24649029	22080303	89.6
SG2021_4493_PI534055	SG2021	PI534055	leaf	4493_PI534055	27362435	24457693	89.4
SG2021_4497_SC0138	SG2021	SC0138	leaf	4497_SC0138	24935404	20652677	82.8
SG2021_4498_PI534005	SG2021	PI534005	leaf	4498_PI534005	23797998	19724498	82.9
SG2021_4499_SC1097	SG2021	SC1097	leaf	4499_SC1097	20911287	18518944	88.6
SG2021_4500_SC1021	SG2021	SC1021	leaf	4500_SC1021	23892624	21208311	88.8
SG2021_4501_PI576365	SG2021	PI576365	leaf	4501_PI576365	26257153	22586057	86.0
SG2021_4502_PI656039	SG2021	PI656039	leaf	4502_PI656039	26446060	23738073	89.8
SG2021_4503_SC0871	SG2021	SC0871	leaf	4503_SC0871	21450927	19023546	88.7
SG2021_4504_PI597963	SG2021	PI597963	leaf	4504_PI597963	26020297	23521943	90.4
SG2021_4505_PI595726	SG2021	PI595726	leaf	4505_PI595726	24845560	22470191	90.4
SG2021_4506_PI534084	SG2021	PI534084	leaf	4506_PI534084	25566592	23018329	90.0
SG2021_4507_PI534113	SG2021	PI534113	leaf	4507_PI534113	26650891	24221098	90.9
SG2021_4508_PI576395	SG2021	PI576395	leaf	4508_PI576395	21699389	18290538	84.3
SG2021_4509_PI533757	SG2021	PI533757	leaf	4509_PI533757	21039576	17857458	84.9
SG2021_4510_PI533773	SG2021	PI533773	leaf	4510_PI533773	22173901	18322329	82.6
SG2021_4511_PI576416	SG2021	PI576416	leaf	4511_PI576416	22738805	18712211	82.3
SG2021_4513_PI534040	SG2021	PI534040	leaf	4513_PI534040	29967899	26973881	90.0
SG2021_4514_SC0999	SG2021	SC0999	leaf	4514_SC0999	21783612	19145976	87.9
SG2021_4516_PI533847	SG2021	PI533847	leaf	4516_PI533847	24687277	21609264	87.5
SG2021_4517_SC0201	SG2021	SC0201	leaf	4517_SC0201	24973199	22250342	89.1
SG2021_4518_PI656046	SG2021	PI656046	leaf	4518_PI656046	21547070	19252694	89.4
SG2021_4519_PI656001	SG2021	PI656001	leaf	4519_PI656001	27012444	25027917	92.7
SG2021_4520_PI533835	SG2021	PI533835	leaf	4520_PI533835	24688280	21549739	87.3
SG2021_4521_PI534154	SG2021	PI534154	leaf	4521_PI534154	21418493	19451312	90.8
SG2021_4522_PI576339	SG2021	PI576339	leaf	4522_PI576339	23748522	20902376	88.0
SG2021_4523_PI656097	SG2021	PI656097	leaf	4523_PI656097	24438575	19442671	79.6
SG2021_4524_PI656058	SG2021	PI656058	leaf	4524_PI656058	21166879	18245868	86.2
SG2021_4525_PI534101	SG2021	PI534101	leaf	4525_PI534101	26102398	21515450	82.4
SG2021_4526_PI534000	SG2021	PI534000	leaf	4526_PI534000	20444607	18637006	91.2
SG2021_4528_PI533920	SG2021	PI533920	leaf	4528_PI533920	20650310	18803824	91.1
SG2021_4529_PI576404	SG2021	PI576404	leaf	4529_PI576404	22412743	20046911	89.4
SG2021_4530_PI534085	SG2021	PI534085	leaf	4530_PI534085	25466339	22726906	89.2
SG2021_4531_PI576356	SG2021	PI576356	leaf	4531_PI576356	21963589	19715713	89.8
SG2021_4532_PI534150	SG2021	PI534150	leaf	4532_PI534150	21338212	19233597	90.1
SG2021_4533_PI534118	SG2021	PI534118	leaf	4533_PI534118	20478166	18613647	90.9
SG2021_4535_PI533965	SG2021	PI533965	leaf	4535_PI533965	20722964	19076074	92.1
SG2021_4536_PI534112	SG2021	PI534112	leaf	4536_PI534112	22263279	18752903	84.2
SG2021_4540_PI533909	SG2021	PI533909	leaf	4540_PI533909	26227846	23739421	90.5
SG2021_4541_PI656091	SG2021	PI656091	leaf	4541_PI656091	21624820	19382046	89.6
SG2021_4542_PI534120	SG2021	PI534120	leaf	4542_PI534120	24497068	21315755	87.0
SG2021_4543_PI534153	SG2021	PI534153	leaf	4543_PI534153	23066180	16131486	69.9
SG2021_4546_PI533949	SG2021	PI533949	leaf	4546_PI533949	22803182	20245704	88.8
SG2021_4547_SC0834	SG2021	SC0834	leaf	4547_SC0834	22030125	19964177	90.6
SG2021_4548_PI655993	SG2021	PI655993	leaf	4548_PI655993	23948043	21962942	91.7
SG2021_4549_PI533855	SG2021	PI533855	leaf	4549_PI533855	21781437	19592063	89.9
SG2021_4550_SC0741	SG2021	SC0741	leaf	4550_SC0741	22210946	13450863	60.6
SG2021_4551_PI656074	SG2021	PI656074	leaf	4551_PI656074	22037769	20476551	92.9
SG2021_4554_SC0505	SG2021	SC0505	leaf	4554_SC0505	22652163	20046611	88.5
SG2021_4555_PI656037	SG2021	PI656037	leaf	4555_PI656037	24400409	22076697	90.5
SG2021_4556_PI576406	SG2021	PI576406	leaf	4556_PI576406	24484659	22011129	89.9
SG2021_4557_PI576425	SG2021	PI576425	leaf	4557_PI576425	22115388	19804818	89.6
SG2021_4559_PI597955	SG2021	PI597955	leaf	4559_PI597955	24759179	21759067	87.9
SG2021_4560_SC0190	SG2021	SC0190	leaf	4560_SC0190	25306000	22450785	88.7
SG2021_4561_PI576409	SG2021	PI576409	leaf	4561_PI576409	25985133	24054774	92.6
SG2021_4562_PI534078	SG2021	PI534078	leaf	4562_PI534078	20719991	18314434	88.4
SG2021_4563_PI576437	SG2021	PI576437	leaf	4563_PI576437	23591692	20833672	88.3
SG2021_4564_PI533905	SG2021	PI533905	leaf	4564_PI533905	35220002	31810179	90.3
SG2021_4565_PI576351	SG2021	PI576351	leaf	4565_PI576351	28408585	26441481	93.1
SG2021_4567_PI153846	SG2021	PI153846	leaf	4567_PI153846	31067674	26823616	86.3
SG2021_4568_PI533798	SG2021	PI533798	leaf	4568_PI533798	23173608	21127714	91.2
SG2021_4570_PI533989	SG2021	PI533989	leaf	4570_PI533989	22251277	20025813	90.0
SG2021_4572_PI656105	SG2021	PI656105	leaf	4572_PI656105	23641208	21021115	88.9
SG2021_4574_PI534082	SG2021	PI534082	leaf	4574_PI534082	12761430	11509975	90.2
SG2021_4576_PI642998	SG2021	PI642998	leaf	4576_PI642998	23699383	21592196	91.1
SG2021_4579_PI576369	SG2021	PI576369	leaf	4579_PI576369	33338439	30474827	91.4
SG2021_4580_PI561071	SG2021	PI561071	leaf	4580_PI561071	25342084	23397820	92.3
SG2021_4581_SC0436	SG2021	SC0436	leaf	4581_SC0436	26892001	23957043	89.1
SG2021_4582_PI595719	SG2021	PI595719	leaf	4582_PI595719	26244397	23676362	90.2
SG2021_4583_PI595704	SG2021	PI595704	leaf	4583_PI595704	27383829	23825472	87.0
SG2021_4584_PI533894	SG2021	PI533894	leaf	4584_PI533894	21109354	18304389	86.7
SG2021_4586_PI533908	SG2021	PI533908	leaf	4586_PI533908	22676649	20007708	88.2
SG2021_4587_SC0409	SG2021	SC0409	leaf	4587_SC0409	18387568	16079805	87.4
SG2021_4588_PI534072	SG2021	PI534072	leaf	4588_PI534072	22048412	19362745	87.8
SG2021_4589_PI534125	SG2021	PI534125	leaf	4589_PI534125	20695532	17236898	83.3
SG2021_4590_PI533963	SG2021	PI533963	leaf	4590_PI533963	27182292	24141461	88.8
SG2021_4591_PI533916	SG2021	PI533916	leaf	4591_PI533916	20253979	17553605	86.7
SG2021_4592_PI576413	SG2021	PI576413	leaf	4592_PI576413	26130442	23284648	89.1
SG2021_4593_PI576414	SG2021	PI576414	leaf	4593_PI576414	17420040	16131915	92.6
SG2021_4598_PI656077	SG2021	PI656077	leaf	4598_PI656077	27432654	24890048	90.7
SG2021_4599_PI576333	SG2021	PI576333	leaf	4599_PI576333	23707044	20189364	85.2
SG2021_4600_PI534134	SG2021	PI534134	leaf	4600_PI534134	22100920	19731275	89.3
SG2021_4602_PI656024	SG2021	PI656024	leaf	4602_PI656024	28399083	25836920	91.0
SG2021_4604_PI595729	SG2021	PI595729	leaf	4604_PI595729	29895675	25987760	86.9
SG2021_4605_PI534099	SG2021	PI534099	leaf	4605_PI534099	27587924	24624368	89.3
SG2021_4606_PI534001	SG2021	PI534001	leaf	4606_PI534001	25825382	23493480	91.0
SG2021_4607_PI576359	SG2021	PI576359	leaf	4607_PI576359	27075999	24276307	89.7
SG2021_4608_PI534136	SG2021	PI534136	leaf	4608_PI534136	23238734	21506894	92.5
SG2021_4609_PI534025	SG2021	PI534025	leaf	4609_PI534025	30698864	27777409	90.5
SG2021_4615_PI542406	SG2021	PI542406	leaf	4615_PI542406	22837767	20716746	90.7
SG2021_4618_PI576415	SG2021	PI576415	leaf	4618_PI576415	22802693	20872690	91.5
SG2021_4619_PI656084	SG2021	PI656084	leaf	4619_PI656084	23011077	21182558	92.1
SG2021_4620_PI533970	SG2021	PI533970	leaf	4620_PI533970	22330966	19369923	86.7
SG2021_4621_SC0581	SG2021	SC0581	leaf	4621_SC0581	20774567	18502008	89.1
SG2021_4622_PI533872	SG2021	PI533872	leaf	4622_PI533872	22161786	19478778	87.9
SG2021_4626_PI533845	SG2021	PI533845	leaf	4626_PI533845	26442798	21505339	81.3
SG2021_4628_PI576332	SG2021	PI576332	leaf	4628_PI576332	22179271	19613793	88.4
SG2021_4631_PI576401	SG2021	PI576401	leaf	4631_PI576401	23077100	20581597	89.2
SG2021_4632_PI655987	SG2021	PI655987	leaf	4632_PI655987	27277348	24932616	91.4
SG2021_4633_SC0854	SG2021	SC0854	leaf	4633_SC0854	21588854	19642054	91.0
SG2021_4634_PI534132	SG2021	PI534132	leaf	4634_PI534132	23357468	21048020	90.1
SG2021_4635_PI656005	SG2021	PI656005	leaf	4635_PI656005	24284417	21930183	90.3
SG2021_4636_SC0753	SG2021	SC0753	leaf	4636_SC0753	22675059	20157639	88.9
SG2021_4637_SC0517	SG2021	SC0517	leaf	4637_SC0517	32962884	29029587	88.1
SG2021_4639_PI533942	SG2021	PI533942	leaf	4639_PI533942	25744114	20963965	81.4
SG2021_4640_PI595713	SG2021	PI595713	leaf	4640_PI595713	27876437	24827323	89.1
SG2021_4642_PI533816	SG2021	PI533816	leaf	4642_PI533816	23587806	20647655	87.5
SG2021_4643_PI656121	SG2021	PI656121	leaf	4643_PI656121	28043147	25194145	89.8
SG2021_4645_PI534036	SG2021	PI534036	leaf	4645_PI534036	24514764	21756141	88.7
SG2021_4646_PI534010	SG2021	PI534010	leaf	4646_PI534010	23374778	21462657	91.8
SG2021_4647_PI656068	SG2021	PI656068	leaf	4647_PI656068	22572968	20804979	92.2
SG2021_4648_PI533747	SG2021	PI533747	leaf	4648_PI533747	20246252	17879531	88.3
SG2021_4649_PI595725	SG2021	PI595725	leaf	4649_PI595725	24703378	21985150	89.0
SG2021_4651_PI533789	SG2021	PI533789	leaf	4651_PI533789	30426704	26752982	87.9
SG2021_4654_PI597951	SG2021	PI597951	leaf	4654_PI597951	22707155	20371398	89.7
SG2021_4655_SC0314	SG2021	SC0314	leaf	4655_SC0314	21260047	18076278	85.0
SG2021_4656_PI576330	SG2021	PI576330	leaf	4656_PI576330	24012609	21496400	89.5
SG2021_4657_PI534110	SG2021	PI534110	leaf	4657_PI534110	23457232	20809972	88.7
SG2021_4658_PI534054	SG2021	PI534054	leaf	4658_PI534054	22056678	19576038	88.8
SG2021_4659_PI597982	SG2021	PI597982	leaf	4659_PI597982	22281057	20693874	92.9
SG2021_4660_PI656014	SG2021	PI656014	leaf	4660_PI656014	28784806	26423683	91.8
SG2021_4661_PI533791	SG2021	PI533791	leaf	4661_PI533791	25348876	23413950	92.4
SG2021_4662_PI534011	SG2021	PI534011	leaf	4662_PI534011	22000973	19242575	87.5
SG2021_4663_PI533843	SG2021	PI533843	leaf	4663_PI533843	29055995	25961410	89.3
SG2021_4664_PI576363	SG2021	PI576363	leaf	4664_PI576363	26363005	23487667	89.1
SG2021_4668_PI576435	SG2021	PI576435	leaf	4668_PI576435	22067552	18718526	84.8
SG2021_4669_PI595720	SG2021	PI595720	leaf	4669_PI595720	24321751	21802630	89.6
SG2021_4670_PI533831	SG2021	PI533831	leaf	4670_PI533831	24218164	21660259	89.4
SG2021_4671_PI565121	SG2021	PI565121	leaf	4671_PI565121	19161613	17091809	89.2
SG2021_4672_PI533993	SG2021	PI533993	leaf	4672_PI533993	22876073	19881775	86.9
SG2021_4673_PI533846	SG2021	PI533846	leaf	4673_PI533846	25333439	23149716	91.4
SG2021_4674_PI533934	SG2021	PI533934	leaf	4674_PI533934	29958461	26939764	89.9
SG2021_4676_PI534122	SG2021	PI534122	leaf	4676_PI534122	21305753	18448542	86.6
SG2021_4677_PI534007	SG2021	PI534007	leaf	4677_PI534007	20306713	17967778	88.5
SG2021_4678_PI533776	SG2021	PI533776	leaf	4678_PI533776	23488743	20390105	86.8
SG2021_4680_PI533870	SG2021	PI533870	leaf	4680_PI533870	21514597	19043829	88.5
SG2021_4681_PI561073	SG2021	PI561073	leaf	4681_PI561073	21315123	18600712	87.3
SG2021_4683_PI655986	SG2021	PI655986	leaf	4683_PI655986	22597838	19178359	84.9
SG2021_4685_PI595708	SG2021	PI595708	leaf	4685_PI595708	23308738	20241798	86.8
SG2021_4686_PI533838	SG2021	PI533838	leaf	4686_PI533838	24643313	20860869	84.7
SG2021_4687_PI595718	SG2021	PI595718	leaf	4687_PI595718	27123999	24079007	88.8
SG2021_4689_PI597959	SG2021	PI597959	leaf	4689_PI597959	22383627	20338001	90.9
SG2021_4690_PI595705	SG2021	PI595705	leaf	4690_PI595705	23138550	19850033	85.8
SG2021_4691_PI595736	SG2021	PI595736	leaf	4691_PI595736	25633839	22512248	87.8
SG2021_4693_PI534028	SG2021	PI534028	leaf	4693_PI534028	24667645	21837307	88.5
SG2021_4695_PI533891	SG2021	PI533891	leaf	4695_PI533891	26395651	23713510	89.8
SG2021_4696_PI533851	SG2021	PI533851	leaf	4696_PI533851	23831288	21533539	90.4
SG2021_4697_PI595734	SG2021	PI595734	leaf	4697_PI595734	23985419	21965827	91.6
SG2021_4698_PI533982	SG2021	PI533982	leaf	4698_PI533982	24926622	21941340	88.0
SG2021_4699_SC0860	SG2021	SC0860	leaf	4699_SC0860	22531791	20096430	89.2
SG2021_4700_PI542718	SG2021	PI542718	leaf	4700_PI542718	25569337	22786142	89.1
SG2021_4701_SC0458	SG2021	SC0458	leaf	4701_SC0458	24235050	22497379	92.8
SG2021_4702_PI533935	SG2021	PI533935	leaf	4702_PI533935	25904520	23239601	89.7
SG2021_4703_PI533941	SG2021	PI533941	leaf	4703_PI533941	23200470	21400951	92.2
SG2021_4705_PI533753	SG2021	PI533753	leaf	4705_PI533753	21075873	17890813	84.9
SG2021_4707_PI533946	SG2021	PI533946	leaf	4707_PI533946	21204772	18417425	86.9
SG2021_4708_PI534100	SG2021	PI534100	leaf	4708_PI534100	28698913	25803717	89.9
SG2021_4709_PI533750	SG2021	PI533750	leaf	4709_PI533750	21854235	20030475	91.7
SG2021_4710_PI656098	SG2021	PI656098	leaf	4710_PI656098	22396437	20750394	92.7
SG2021_4711_PI533898	SG2021	PI533898	leaf	4711_PI533898	24272143	22129403	91.2
SG2021_4712_PI276837	SG2021	PI276837	leaf	4712_PI276837	23496785	22183892	94.4
SG2021_4712_PI276837_R2	SG2021	PI276837	leaf	4712_PI276837_R2	22673121	20436854	90.1
SG2021_4713_PI655978	SG2021	PI655978	leaf	4713_PI655978	23323202	20652647	88.5
SG2021_4714_PI533914	SG2021	PI533914	leaf	4714_PI533914	28929950	25116476	86.8
SG2021_4715_SC0191	SG2021	SC0191	leaf	4715_SC0191	21253918	19358072	91.1
SG2021_4716_PI533998	SG2021	PI533998	leaf	4716_PI533998	24719515	22269839	90.1
SG2021_4717_PI655974	SG2021	PI655974	leaf	4717_PI655974	23201264	21518810	92.7
SG2021_4718_PI533853	SG2021	PI533853	leaf	4718_PI533853	23383789	20219196	86.5
SG2021_4719_PI534018	SG2021	PI534018	leaf	4719_PI534018	21817678	17623464	80.8
SG2021_4720_PI533842	SG2021	PI533842	leaf	4720_PI533842	24119738	19782431	82.0
SG2021_4721_PI533906	SG2021	PI533906	leaf	4721_PI533906	21961301	18758168	85.4
SG2021_4723_PI534107	SG2021	PI534107	leaf	4723_PI534107	25005052	22981250	91.9
SG2021_4724_PI656055	SG2021	PI656055	leaf	4724_PI656055	27053353	25004542	92.4
SG2021_4725_SC1120	SG2021	SC1120	leaf	4725_SC1120	21732255	20022142	92.1
SG2021_4726_RTx430	SG2021	RTx430	leaf	4726_RTx430	24737247	21681857	87.6
SG2021_4727_SC0157	SG2021	SC0157	leaf	4727_SC0157	28290231	25127482	88.8
SG2021_4728_PI534035	SG2021	PI534035	leaf	4728_PI534035	22362495	20123646	90.0
SG2021_4729_PI533899	SG2021	PI533899	leaf	4729_PI533899	24611476	22610394	91.9
SG2021_4731_PI534076	SG2021	PI534076	leaf	4731_PI534076	21556270	19307303	89.6
SG2021_4732_PI656079	SG2021	PI656079	leaf	4732_PI656079	25198427	21950854	87.1
SG2021_4733_PI534074	SG2021	PI534074	leaf	4733_PI534074	21937689	18758235	85.5
SG2021_4734_PI534167	SG2021	PI534167	leaf	4734_PI534167	28520574	25279279	88.6
SG2021_4735_PI656030	SG2021	PI656030	leaf	4735_PI656030	20923274	18289094	87.4
SG2021_4736_PI533749	SG2021	PI533749	leaf	4736_PI533749	24978136	22321959	89.4
SG2021_4737_PI533919	SG2021	PI533919	leaf	4737_PI533919	22931373	20951725	91.4
SG2021_4738_PI576398	SG2021	PI576398	leaf	4738_PI576398	27371798	25207309	92.1
SG2021_4739_PI595731	SG2021	PI595731	leaf	4739_PI595731	25811798	23746648	92.0
SG2021_4740_PI655972	SG2021	PI655972	leaf	4740_PI655972	22429619	20954604	93.4
SG2021_4741_PI533918	SG2021	PI533918	leaf	4741_PI533918	21947419	19033010	86.7
SG2021_4742_PI533813	SG2021	PI533813	leaf	4742_PI533813	26863847	23911976	89.0
SG2021_4743_PI656017	SG2021	PI656017	leaf	4743_PI656017	20463881	19016818	92.9
SG2021_4744_PI576399	SG2021	PI576399	leaf	4744_PI576399	26689743	24543335	92.0
SG2021_4747_PI533897	SG2021	PI533897	leaf	4747_PI533897	30697057	28023102	91.3
SG2021_4749_PI534056	SG2021	PI534056	leaf	4749_PI534056	28356322	24702542	87.1
SG2021_4750_PI656069	SG2021	PI656069	leaf	4750_PI656069	23443215	21679538	92.5
SG2021_4751_PI533825	SG2021	PI533825	leaf	4751_PI533825	23442592	21330739	91.0
SG2021_4753_PI595744	SG2021	PI595744	leaf	4753_PI595744	27293720	25089875	91.9
SG2021_4754_PI597978	SG2021	PI597978	leaf	4754_PI597978	26816563	23732975	88.5
SG2021_4755_SC0470	SG2021	SC0470	leaf	4755_SC0470	24235300	21141060	87.2
SG2021_4756_PI534016	SG2021	PI534016	leaf	4756_PI534016	26017516	22898300	88.0
SG2021_4758_PI533783	SG2021	PI533783	leaf	4758_PI533783	22634851	20693586	91.4
SG2021_4759_PI533828	SG2021	PI533828	leaf	4759_PI533828	23427239	21612652	92.3
SG2021_4760_Comb7078	SG2021	Comb7078	leaf	4760_Comb7078	23261870	20278111	87.2
SG2021_4761_PI576402	SG2021	PI576402	leaf	4761_PI576402	24154721	21065000	87.2
SG2021_4762_PI533936	SG2021	PI533936	leaf	4762_PI533936	26979956	23609073	87.5
SG2021_4763_PI533953	SG2021	PI533953	leaf	4763_PI533953	23082362	20615904	89.3
SG2021_4765_PI533893	SG2021	PI533893	leaf	4765_PI533893	27666527	25163723	91.0
SG2021_4766_PI533777	SG2021	PI533777	leaf	4766_PI533777	22397224	20418926	91.2
SG2021_4767_PI576424	SG2021	PI576424	leaf	4767_PI576424	28048745	25808885	92.0
SG2021_4768_PI533756	SG2021	PI533756	leaf	4768_PI533756	24712959	21858068	88.4
SG2021_4769_PI564163	SG2021	PI564163	leaf	4769_PI564163	26809063	24692643	92.1
SG2021_4770_PI533802	SG2021	PI533802	leaf	4770_PI533802	26222515	23206144	88.5
SG2021_4771_PI607931	SG2021	PI607931	leaf	4771_PI607931	20159514	18780512	93.2
SG2021_4772_PI24969	SG2021	PI24969	leaf	4772_PI24969	23324260	21347184	91.5
SG2021_4773_PI533786	SG2021	PI533786	leaf	4773_PI533786	23368762	21424555	91.7
SG2021_4774_PI659695	SG2021	PI659695	leaf	4774_PI659695	22424293	19415296	86.6
SG2021_4776_PI656057	SG2021	PI656057	leaf	4776_PI656057	24774435	20885573	84.3
SG2021_4777_PI641849	SG2021	PI641849	leaf	4777_PI641849	28086619	24411657	86.9
SG2021_4778_PI533999	SG2021	PI533999	leaf	4778_PI533999	24655486	22651445	91.9
SG2021_4779_SC0159	SG2021	SC0159	leaf	4779_SC0159	27027420	24930360	92.2
SG2021_4780_PI534160	SG2021	PI534160	leaf	4780_PI534160	20485298	18769752	91.6
SG2021_4781_PI595701	SG2021	PI595701	leaf	4781_PI595701	22451631	20640062	91.9
SG2021_4782_PI595737	SG2021	PI595737	leaf	4782_PI595737	17117070	15572554	91.0
SG2021_4783_PI533745	SG2021	PI533745	leaf	4783_PI533745	23833449	18865880	79.2
SG2021_4784_PI260213	SG2021	PI260213	leaf	4784_PI260213	20782265	18482681	88.9
SG2021_4787_PI533951	SG2021	PI533951	leaf	4787_PI533951	23403203	21511937	91.9
SG2021_4788_PI534083	SG2021	PI534083	leaf	4788_PI534083	26914326	23368156	86.8
SG2021_4791_PI534019	SG2021	PI534019	leaf	4791_PI534019	22010827	18560001	84.3
SG2021_4794_PI533937	SG2021	PI533937	leaf	4794_PI533937	27155021	24568353	90.5
SG2021_4795_PI533809	SG2021	PI533809	leaf	4795_PI533809	27187820	24751061	91.0
SG2021_4797_PI656099	SG2021	PI656099	leaf	4797_PI656099	22370279	19837490	88.7
SG2021_4798_SC0848	SG2021	SC0848	leaf	4798_SC0848	24305187	21261069	87.5
SG2021_4801_PI533793	SG2021	PI533793	leaf	4801_PI533793	24852365	22949227	92.3
SG2021_4803_PI597962	SG2021	PI597962	leaf	4803_PI597962	22788002	20346501	89.3
SG2021_4804_PI534017	SG2021	PI534017	leaf	4804_PI534017	21380698	18097023	84.6
SG2021_4805_PI656027	SG2021	PI656027	leaf	4805_PI656027	20831481	17127273	82.2
SG2021_4806_PI655975	SG2021	PI655975	leaf	4806_PI655975	26887148	23619029	87.8
SG2021_4807_PI533767	SG2021	PI533767	leaf	4807_PI533767	22766837	20836426	91.5
SG2021_4809_PI533881	SG2021	PI533881	leaf	4809_PI533881	25858858	22627732	87.5
SG2021_4810_SC0814	SG2021	SC0814	leaf	4810_SC0814	23028129	20393856	88.6
SG2021_4811_PI534117	SG2021	PI534117	leaf	4811_PI534117	23205722	20632444	88.9
SG2021_4812_SC0747	SG2021	SC0747	leaf	4812_SC0747	26497841	23507664	88.7
SG2021_4816_PI533923	SG2021	PI533923	leaf	4816_PI533923	21527634	18815060	87.4
SG2021_4817_PI533848	SG2021	PI533848	leaf	4817_PI533848	23976227	19725063	82.3
SG2021_4819_PI629040	SG2021	PI629040	leaf	4819_PI629040	21366347	18491734	86.5
SG2021_4822_PI533913	SG2021	PI533913	leaf	4822_PI533913	27293595	25133812	92.1
SG2021_4823_PI533873	SG2021	PI533873	leaf	4823_PI533873	27021066	24709686	91.4
SG2021_4824_PI534060	SG2021	PI534060	leaf	4824_PI534060	25243109	22673663	89.8
SG2021_4825_PI534008	SG2021	PI534008	leaf	4825_PI534008	20847857	18211714	87.4
SG2021_4827_PI533917	SG2021	PI533917	leaf	4827_PI533917	20999888	19061622	90.8
SG2021_4828_PI656034	SG2021	PI656034	leaf	4828_PI656034	27523219	25375882	92.2
SG2021_4829_PI534092	SG2021	PI534092	leaf	4829_PI534092	25892744	23658985	91.4
SG2021_4832_PI656115	SG2021	PI656115	leaf	4832_PI656115	21282076	16886133	79.3
SG2021_4835_PI534115	SG2021	PI534115	leaf	4835_PI534115	22785765	20726084	91.0
SG2021_4836_PI576345	SG2021	PI576345	leaf	4836_PI576345	24171937	22075881	91.3
SG2021_4837_PI533921	SG2021	PI533921	leaf	4837_PI533921	24812920	22573009	91.0
SG2021_4838_PI597946	SG2021	PI597946	leaf	4838_PI597946	29063924	25357630	87.2
SG2021_4839_PI655977	SG2021	PI655977	leaf	4839_PI655977	23339613	20602386	88.3
SG2021_4840_PI534066	SG2021	PI534066	leaf	4840_PI534066	22366842	19821279	88.6
SG2021_4841_PI576426	SG2021	PI576426	leaf	4841_PI576426	18374681	16161600	88.0
SG2021_4842_SC0618	SG2021	SC0618	leaf	4842_SC0618	25641769	22767868	88.8
SG2021_4843_PI595724	SG2021	PI595724	leaf	4843_PI595724	22546302	20483753	90.9
SG2021_4844_SC0640	SG2021	SC0640	leaf	4844_SC0640	26984274	23885902	88.5
SG2021_4845_PI595717	SG2021	PI595717	leaf	4845_PI595717	26129969	22813166	87.3
SG2021_4846_PI533784	SG2021	PI533784	leaf	4846_PI533784	21363199	18281110	85.6
SG2021_4847_Segaolane	SG2021	Segaolane	leaf	4847_Segaolane	29496113	26236977	89.0
SG2021_4848_PI656092	SG2021	PI656092	leaf	4848_PI656092	20376219	18716224	91.9
SG2021_4849_PI597967	SG2021	PI597967	leaf	4849_PI597967	26234881	24155854	92.1
SG2021_4850_PI595722	SG2021	PI595722	leaf	4850_PI595722	20810145	19277643	92.6
SG2021_4851_SC1170	SG2021	SC1170	leaf	4851_SC1170	27522406	24665830	89.6
SG2021_4852_SC0041	SG2021	SC0041	leaf	4852_SC0041	24740754	22729004	91.9
SG2021_4853_PI595706	SG2021	PI595706	leaf	4853_PI595706	25692812	22545863	87.8
SG2021_4854_PI659693	SG2021	PI659693	leaf	4854_PI659693	22286743	19267290	86.5
SG2021_4855_SC1058	SG2021	SC1058	leaf	4855_SC1058	23944300	20557518	85.9
SG2021_4856_SC0266	SG2021	SC0266	leaf	4856_SC0266	25377189	19912472	78.5
SG2021_4857_PI534162	SG2021	PI534162	leaf	4857_PI534162	22782973	21042098	92.4
SG2021_4858_PI629059	SG2021	PI629059	leaf	4858_PI629059	20054580	17261778	86.1
SG2021_4859_PI656013	SG2021	PI656013	leaf	4859_PI656013	26474367	23308984	88.0
SG2021_4860_PI533801	SG2021	PI533801	leaf	4860_PI533801	20509524	18173858	88.6
SG2021_4861_PI534059	SG2021	PI534059	leaf	4861_PI534059	20160833	17716432	87.9
SG2021_4862_PI533981	SG2021	PI533981	leaf	4862_PI533981	27725883	25217444	91.0
SG2021_4864_PI576411	SG2021	PI576411	leaf	4864_PI576411	28066345	25559253	91.1
SG2021_4865_PI533962	SG2021	PI533962	leaf	4865_PI533962	22621834	20609086	91.1
SG2021_4866_PI533907	SG2021	PI533907	leaf	4866_PI533907	25192067	23466963	93.2
SG2021_4867_SC0156	SG2021	SC0156	leaf	4867_SC0156	26978447	24907365	92.3
SG2021_4868_PI534037	SG2021	PI534037	leaf	4868_PI534037	18418728	16220936	88.1
SG2021_4869_PI534106	SG2021	PI534106	leaf	4869_PI534106	27221343	25159350	92.4
SG2021_4870_PI597957	SG2021	PI597957	leaf	4870_PI597957	23042540	20904456	90.7
SG2021_4871_PI655979	SG2021	PI655979	leaf	4871_PI655979	24338866	22387780	92.0
SG2021_4874_PI656119	SG2021	PI656119	leaf	4874_PI656119	24626644	21944476	89.1
SG2021_4875_PI533865	SG2021	PI533865	leaf	4875_PI533865	22793008	20129275	88.3
SG2021_4876_PI533803	SG2021	PI533803	leaf	4876_PI533803	24352848	21744635	89.3
SG2021_4877_PI656118	SG2021	PI656118	leaf	4877_PI656118	21441383	19417191	90.6
SG2021_4879_PI533762	SG2021	PI533762	leaf	4879_PI533762	22395322	20166843	90.0
SG2021_4880_PI534038	SG2021	PI534038	leaf	4880_PI534038	23418774	21393848	91.4
SG2021_4881_PI564163	SG2021	PI564163	leaf	4881_PI564163	23188742	19628512	84.6
SG2021_4882_SC0179	SG2021	SC0179	leaf	4882_SC0179	29680284	25337045	85.4
SG2021_4883_PI576329	SG2021	PI576329	leaf	4883_PI576329	25489999	23433195	91.9
SG2021_4886_SC0445	SG2021	SC0445	leaf	4886_SC0445	25199406	21601285	85.7
SG2021_4887_PI534103	SG2021	PI534103	leaf	4887_PI534103	21427475	18913156	88.3
SG2021_4888_PI597943	SG2021	PI597943	leaf	4888_PI597943	24758515	21442888	86.6
SG2021_4889_PI534049	SG2021	PI534049	leaf	4889_PI534049	20775276	17922680	86.3
SG2021_4890_PI533978	SG2021	PI533978	leaf	4890_PI533978	28671555	25459615	88.8
SG2021_4893_PI576344	SG2021	PI576344	leaf	4893_PI576344	27455418	24760634	90.2
SG2021_4894_SC0631	SG2021	SC0631	leaf	4894_SC0631	28564003	25195710	88.2
SG2021_4895_SC0550	SG2021	SC0550	leaf	4895_SC0550	24852133	22527196	90.6
SG2021_4896_SC0150	SG2021	SC0150	leaf	4896_SC0150	29766363	26679078	89.6
SG2021_4897_PI576336	SG2021	PI576336	leaf	4897_PI576336	25056253	23174716	92.5
SG2021_4898_PI564163	SG2021	PI564163	leaf	4898_PI564163	29949502	27408637	91.5
SG2021_4899_PI534003	SG2021	PI534003	leaf	4899_PI534003	29868586	26846156	89.9
SG2021_4900_PI597976	SG2021	PI597976	leaf	4900_PI597976	22517807	19867315	88.2
SG2021_4903_PI534088	SG2021	PI534088	leaf	4903_PI534088	21655658	19297865	89.1
SG2021_4905_PI576396	SG2021	PI576396	leaf	4905_PI576396	24652690	22103861	89.7
SG2021_4906_PI533752	SG2021	PI533752	leaf	4906_PI533752	25755110	23251588	90.3
SG2021_4907_PI656044	SG2021	PI656044	leaf	4907_PI656044	20249538	18399534	90.9
SG2021_4908_PI533817	SG2021	PI533817	leaf	4908_PI533817	28142017	25036935	89.0
SG2021_4909_SC0870	SG2021	SC0870	leaf	4909_SC0870	24676773	21926417	88.9
SG2021_4910_SC1082	SG2021	SC1082	leaf	4910_SC1082	29968138	27385387	91.4
SG2021_4912_SC0371	SG2021	SC0371	leaf	4912_SC0371	29319351	24316730	82.9
SG2021_4913_SC0178	SG2021	SC0178	leaf	4913_SC0178	24745540	19617989	79.3
SG2021_4914_PI595699	SG2021	PI595699	leaf	4914_PI595699	22370255	19475107	87.1
SG2021_4915_PI656056	SG2021	PI656056	leaf	4915_PI656056	26755525	24138263	90.2
SG2021_4916_PI533901	SG2021	PI533901	leaf	4916_PI533901	20404298	18440834	90.4
SG2021_4917_PI564163	SG2021	PI564163	leaf	4917_PI564163	22709920	18878862	83.1
SG2021_4918_PI595741	SG2021	PI595741	leaf	4918_PI595741	26405502	23957863	90.7
SG2021_4919_PI533829	SG2021	PI533829	leaf	4919_PI533829	30060776	26799155	89.1
SG2021_4920_PI656085	SG2021	PI656085	leaf	4920_PI656085	24948064	22596872	90.6
SG2021_4921_SC0547	SG2021	SC0547	leaf	4921_SC0547	20323871	18633343	91.7
SG2021_4923_SC0297	SG2021	SC0297	leaf	4923_SC0297	23728483	20906987	88.1
SG2021_4924_PI533871	SG2021	PI533871	leaf	4924_PI533871	21645126	19528239	90.2
SG2021_4925_PI533770	SG2021	PI533770	leaf	4925_PI533770	20430450	18482834	90.5
SG2021_4926_PI533922	SG2021	PI533922	leaf	4926_PI533922	22203260	20684095	93.2
SG2021_4927_SC0027	SG2021	SC0027	leaf	4927_SC0027	30068744	25317064	84.2
SG2021_4928_PI533929	SG2021	PI533929	leaf	4928_PI533929	24021262	20594102	85.7
SG2021_4929_PI576403	SG2021	PI576403	leaf	4929_PI576403	28092295	25469234	90.7
SG2021_4930_PI655981	SG2021	PI655981	leaf	4930_PI655981	26059746	23727626	91.1
SG2021_4931_SC0249	SG2021	SC0249	leaf	4931_SC0249	24348287	20462264	84.0
SG2021_4932_PI629034	SG2021	PI629034	leaf	4932_PI629034	27275049	20985483	76.9
SG2021_4933_PI656051	SG2021	PI656051	leaf	4933_PI656051	26717237	20894812	78.2
SG2021_4934_PI564163	SG2021	PI564163	leaf	4934_PI564163	29121340	27243636	93.6
SG2021_4935_PI656008	SG2021	PI656008	leaf	4935_PI656008	22457936	19488608	86.8
SG2021_4936_SC0438	SG2021	SC0438	leaf	4936_SC0438	26348052	23511264	89.2
SG2021_4937_PI534057	SG2021	PI534057	leaf	4937_PI534057	30059059	23406338	77.9
SG2021_4938_PI533759	SG2021	PI533759	leaf	4938_PI533759	29707767	26791221	90.2
SG2021_4939_PI533968	SG2021	PI533968	leaf	4939_PI533968	24013203	21992367	91.6
SG2021_4940_PI533961	SG2021	PI533961	leaf	4940_PI533961	28856835	26303779	91.2
SG2021_4942_PI656063	SG2021	PI656063	leaf	4942_PI656063	24629782	22442573	91.1
SG2021_4943_PI534014	SG2021	PI534014	leaf	4943_PI534014	28416500	25190720	88.6
SG2021_4944_PI534164	SG2021	PI534164	leaf	4944_PI534164	23721331	21067824	88.8
SG2021_4947_PI597968	SG2021	PI597968	leaf	4947_PI597968	22038105	20080209	91.1
SG2021_4948_BTx3197	SG2021	BTx3197	leaf	4948_BTx3197	29460997	26050255	88.4
SG2021_4950_PI576407	SG2021	PI576407	leaf	4950_PI576407	24005258	21220878	88.4
SG2021_4951_PI533889	SG2021	PI533889	leaf	4951_PI533889	20796052	18301806	88.0
SG2021_4952_PI656002	SG2021	PI656002	leaf	4952_PI656002	27641883	24753413	89.6
SG2021_4954_BTx399	SG2021	BTx399	leaf	4954_BTx399	28186642	25912128	91.9
SG2021_4955_PI564163	SG2021	PI564163	leaf	4955_PI564163	27168287	25254675	93.0
SG2021_4956_PI533766	SG2021	PI533766	leaf	4956_PI533766	23910245	21796807	91.2
SG2021_4957_PI533823	SG2021	PI533823	leaf	4957_PI533823	30068546	26881734	89.4
SG2021_4959_SC0551	SG2021	SC0551	leaf	4959_SC0551	29380563	26949632	91.7
SG2021_4960_PI656109	SG2021	PI656109	leaf	4960_PI656109	27194954	25148927	92.5
SG2021_4961_PI656061	SG2021	PI656061	leaf	4961_PI656061	20411973	18658575	91.4
SG2021_4962_PI534144	SG2021	PI534144	leaf	4962_PI534144	24792075	22492385	90.7
SG2021_4964_PI533947	SG2021	PI533947	leaf	4964_PI533947	29925159	27038518	90.4
SG2021_4965_PI533988	SG2021	PI533988	leaf	4965_PI533988	30064425	26757098	89.0
SG2021_4966_PI533903	SG2021	PI533903	leaf	4966_PI533903	21026490	19411772	92.3
