POS,r2
1700013,4.3898604547023363e-4
1700017,4.102019157009448e-4
1700022,4.389860454702339e-4
1700045,4.520808376890411e-4
1700083,4.623621821471051e-6
1700095,0.008031432700546624
1700207,0.008793020057003123
1700304,0.007851349834301214
1700404,6.683447859901117e-4
1700412,0.014607166277611527
1700430,0.21067955281460124
1700456,0.008386134432315543
1700577,0.04722336534841635
1700585,0.19936018174442613
1700628,0.19831525107786768
1700704,0.015627693208045527
1700776,0.19841761404932703
1700868,0.013638486996867516
1700872,1.30807954416925e-7
1700952,0.008750729158134176
1700970,0.20830596392407505
1701062,0.01664585277248355
1701108,0.01469753881428973
1701122,9.875761499905848e-6
1701139,5.685056897501422e-6
1701208,0.0010588010519457746
1701300,4.5676534171378713e-4
1701571,0.010196391307118094
1701780,0.004544598607695088
1701794,0.021866169617009223
1701801,0.06468863562176334
1701985,0.0073951277045231235
1701996,0.006106965951396763
1702015,0.10620270675038815
1702042,0.005662779660088
1702632,0.005247289943138438
1702670,0.0019947548540443223
1702685,0.009141966511969607
1702689,0.009169665610258794
1702691,0.009220716259408051
1702692,0.009271652061674353
1702704,0.01391492381163856
1702705,0.012918405933521993
1702743,0.005255378387576097
1702791,0.2445101197609781
1703145,0.007531072444536776
1703267,0.008573807421422983
1703418,1.2023710319074813e-5
1703601,0.017443186475373938
1703765,0.007062310559832303
1703766,0.009351611177743883
1703846,0.2675831584952663
1704200,0.008608152010907708
1704211,0.01124562311470611
1704282,0.03709187722100926
1704287,0.006896609951307004
1704295,0.2457923837088888
1704366,0.004773933421005666
1704527,0.2523485486931906
1704603,0.020711869927406378
1704762,0.2376645789569572
1704871,0.0059701764606986925
1704977,0.013302975337780435
1704987,0.008127687238182156
1705012,0.0023968965612076367
1705085,0.002276334575732481
1705423,0.006905184223353625
1705713,0.017895825134559243
1706002,0.017674731878783795
1706313,0.23962849663313796
1706370,0.0067561959909147335
1706381,0.010020053446688259
1706413,2.412481828544647e-6
1706430,0.010269148805001458
1706604,1.0816032955523543e-5
1706633,0.1899921601887599
1706689,0.21796798403116835
1706714,0.01210094970306216
1706996,8.23831138670558e-6
1707013,0.014771933158872557
1707030,2.506940559425851e-6
1707111,0.0016042671714086663
1707150,0.006159822073329118
1707198,0.008101225866855575
1707302,0.008838224246445233
1707357,0.008197346401630326
1707438,0.006982022341412787
1707757,0.014879983897972456
1707901,0.22024609276540608
1708133,0.008521109150383684
1708366,0.00742380313263366
1708400,0.00777357744488435
1708420,0.007981506582075809
1708451,0.002498431424038505
1708483,0.0060191860747808214
1709141,5.490775381006652e-6
1709161,0.003688070958985051
1709163,3.718279010771846e-6
1709166,0.005566630821830805
1709176,5.792768304624828e-5
1709317,0.008503528112148237
1709334,0.015944535631951348
1709342,1.1060046183454416e-5
1709369,0.018271994764732784
1709450,0.013736352280969592
1709454,0.003174214532602943
1709469,0.007185724204424498
1709472,0.007362783130157834
1709481,0.20581686433338592
1709615,0.007433343628795891
1709678,0.006632800018526274
1709705,0.006108940039622007
1709769,0.004743868687901877
1709781,0.005209976045339328
1709804,0.0060708913617242505
1709929,0.017546382690614235
1709935,1.1995063573757676e-5
1709949,0.002440771039418139
1710016,0.005727252539297741
1710043,0.0021134733553552134
1710161,0.007227645745024988
1710261,0.007922037654674995
1710338,0.005961147386194213
1710358,0.007493277330410431
1710366,0.0013731485841917876
1710561,9.17049910471118e-5
1710599,0.004526554328319747
1710647,0.006072891292233177
1710668,0.21002076512626186
1710785,0.015884652642670156
1710824,7.5297714631556675e-6
1711175,0.008444439716392414
1711293,3.794489648269337e-6
1711424,0.0014273424766145417
1711473,0.019415716093556013
1711705,0.009104903493368538
1711757,7.549196156556875e-7
1712317,0.006111368951804219
1712356,0.006166943475502903
1712622,2.5451159208275643e-4
1712846,2.6578608163275605e-6
1712850,0.00644401031791047
1712907,0.0019671383731317054
1713036,0.0017514194703398555
1713321,0.01720234939076782
1713377,0.001671190646851347
1713557,0.006538451014584248
1713738,0.007728668130834219
1713906,4.619378383683739e-4
1713922,0.009489079943183121
1713928,0.009508613401054116
1713935,0.009409217217676461
1713936,0.009409217217676461
1713951,0.009428984036309236
1713990,0.008940720693343729
1713993,0.010221131072687302
1714029,0.009857236196513783
1714191,0.0014414880921555595
1714251,0.007466313386770884
1714366,0.15892590082887634
1714547,0.006524356871406522
1714789,0.0069469254422956685
1714829,0.007529082043709141
1714971,3.241872441768961e-6
1714975,2.723682773273418e-6
1715046,0.1571661521385929
1715049,0.007895373754611896
1715074,0.00848041381763548
1715100,0.24026016006323084
1715147,0.008585754684848556
1715150,5.085073361146629e-4
1715179,0.1518360085815162
1715212,0.006936087136373235
1715213,0.15431671272118133
1715270,0.18233421357160884
1715282,0.1808374164281746
1715295,0.18489294873606782
1715304,0.17461814000305975
1715305,0.17325506692899106
1715308,0.17471828425745306
1715318,0.17487395261477445
1715320,1.1967751745993165e-6
1715367,0.16951133706160643
1715377,0.008304170990215323
1715395,0.18372629905442062
1715401,3.5170899855306554e-4
1715453,3.311034692973906e-5
1715483,0.1777910278444769
1715489,0.17263906926417205
1715565,0.16433386491738083
1715590,0.00777701574983968
1715601,0.17044239568120095
1715621,0.17446952430364987
1715634,0.15960949755004278
1715664,0.16941513642714268
1715706,0.13391639947516557
1715754,0.0064723797192849635
1715781,3.702214859025377e-4
1715782,0.12629191013932592
1715806,0.032780344214741436
1715845,0.1732593485864723
1715898,2.2118863665550252e-4
1716027,1.2056138296392614e-4
1716124,0.008113176839677603
1716237,0.002355657849506809
1716351,0.2490157398985643
1716451,0.23161408371669678
1716462,0.0023647114925620456
1716464,0.010796942927729846
1716481,0.010869842668961956
1716523,0.010961327516261339
1716560,0.0077138890852708935
1716580,3.6560657369703913e-6
1716687,0.02667284475035639
1716762,0.02517569003739839
1716794,0.02373001420523844
1716830,0.02648035576949677
1716992,0.0337677592441248
1717069,0.0041832604005118245
1717106,0.0023579052094220656
1717130,4.6204623313849984e-5
1717172,0.012426786068813452
1717268,3.401501666689425e-4
1717294,0.012932236170135728
1717393,4.292068866098555e-5
1717466,0.013703233661297642
1717557,0.016073271683362172
1717566,9.843717097588184e-5
1717570,0.014692577467175554
1717694,0.010267362995613954
1717706,0.016845428336578757
1717869,0.010025906510717176
1717991,0.010609858259537827
1718056,5.390262571333649e-4
1718073,0.23369125689971318
1718117,0.008252004500771837
1718191,0.01400209486488268
1718290,0.007796611444173956
1718387,0.049024615741754235
1718470,0.04756856247248631
1718513,0.05237847248885069
1718538,0.05254042243275891
1718652,0.004668662438008296
1718754,0.004128577208838383
1718756,0.002309455184178862
1718841,0.007167117795716193
1718896,8.74456103223229e-6
1718922,0.007951014790181786
1718969,0.00593262525362989
1718979,0.005964161689865518
1718995,0.0059605180437981575
1719074,0.02011259409729843
1719115,0.21318850960255223
1719223,0.02770910763559839
1719300,0.02903986561761866
1719380,0.00496503498280142
1719803,0.0022747737302485
1719804,0.0022747737302485
1719838,1.5531607175995358e-6
1719863,0.024213537496830466
1719889,0.002039940048755022
1719949,0.002219337085032507
1719952,1.0408325408228802e-6
1719995,0.02573267552101335
1720009,0.015021759993896398
1720025,0.025602914190239322
1720274,0.20537382935379284
1720327,0.007605434328052035
1720336,0.007098156751268414
1720378,0.025893203659366277
1720403,0.0247070627995555
1720423,0.003231604216566124
1720909,0.010002211279884647
1721088,0.20471458680697682
1721218,0.06325777290374633
1721252,0.0016904234712865824
1721329,0.0050624960611945595
1721406,0.047320685076018575
1721489,3.453460539788159e-8
1721500,0.050373898600570385
1721580,0.05049478636643494
1721636,0.048137028848136275
1721657,0.002193615513334069
1721707,0.0038454935949555494
1721758,0.055724636541351055
1721831,0.007285538138608638
1721832,0.004159170002684672
1721864,0.05928172305728465
1721913,0.07340078933032053
1721957,3.1699175356106866e-4
1722170,5.940229654387081e-5
1722296,0.22141426934104236
1722312,0.0023304718305014816
1722450,9.818877947344695e-6
1722503,0.0027947021184159533
1722512,0.0025286165700766357
1722652,0.007211068439055732
1722917,0.0031329397458142428
1722964,0.0029007939357461343
1723072,0.044684325865439176
1723115,0.04597482661952286
1723429,0.002546359419847207
1723543,1.0551398088273321e-4
1723722,0.0169607809014829
1723830,7.845716570439358e-7
1723911,0.020397020288690604
1724442,0.010368013792514796
1724447,0.00612457281083515
1724457,0.010846491630070822
1724516,0.22699797518604065
1724795,0.002868213002923321
1724830,0.0037373480099472216
1724831,0.0037373480099472216
1724931,0.002908431321652619
1724951,0.002546270009643565
1724978,0.0025066787027463754
1725043,0.01029121259843499
1725135,7.369710090550986e-8
1725261,0.02977512255385135
1725329,0.04481787688032931
1725372,0.2672278837831208
1725453,6.012401876104501e-4
1725544,0.0011586390838411059
1725594,0.0014368134788515718
1725611,0.0016022889182975865
1725689,0.0016391417889159425
1725708,0.0017084342496221422
1725711,0.0017252087402712466
1725724,0.0018699376957039588
1725734,0.0018788601089229611
1725784,0.042181262112516736
1725818,0.0023925191253735835
1725851,0.0021245282027713068
1725932,0.002075179536340149
1726028,0.003427587668286015
1726034,0.003691199752985697
1726054,0.002400157897076198
1726076,0.0022667730979229715
1726087,0.0022769656583770345
1726089,0.002266655626460875
1726100,0.0033949857390397128
1726145,0.003316075086560692
1726155,0.003482933102057116
1726181,0.0013690132296946171
1726189,0.003368279116751772
1726193,0.0036743653833602205
1726196,0.0035629109571542394
1726643,0.004846417807512617
1726707,0.004759838642043012
1726710,0.00779811590042502
1726763,0.012456890809175492
1726847,0.004868356168312623
1727006,3.654919444314353e-4
1727034,0.004155956217749249
1727070,0.0039536619967187395
1727478,0.004571524810661223
1727557,0.004571545023119346
1727619,0.004542423793686885
1727875,0.003619171945874801
1727912,0.0032889143247621312
1728014,0.009570013270160646
1728227,0.004696805800425906
1728284,0.0046933415797296525
1728735,0.0039949152908335134
1728873,0.001526667617230779
1728942,0.001581842439588186
1729008,0.004544707281970759
1729106,0.004228128151205131
1729183,0.004773321737005049
1729218,0.0037215277456030065
1729253,0.0038327487595366102
1729332,0.0037734530244100473
1729389,0.007248408102892354
1729402,0.004254579607936812
1729409,0.004273406487433225
1729425,0.004626581776822389
1729493,0.0034596891100564043
1729508,0.0036008792257151002
1729513,0.0034624862680689068
1729559,0.003983895807378173
1729577,0.003987553323638131
1729603,0.004182166761347062
1729605,0.003920779072374128
1729716,0.004283459287521917
1729794,0.004346430577245145
1729832,0.004313221172338418
1729842,0.00424043689052691
1729862,0.004586376448983108
1729877,0.00464572162982454
1729927,0.004267812211082495
1729959,0.004392032425385306
1730036,0.004729288281603266
1730080,0.004646289917244745
1730183,0.0045320659615618805
1730231,0.004036071534980863
1730278,0.004164121568955296
1730300,0.004103148460460604
1730304,0.004116967167896252
1730329,0.003973497636976773
1730331,0.003960062409759947
1730369,0.004307826952405902
1730373,0.0042514780908567374
1730461,0.003866911902040071
1730482,0.08439831156190204
1730484,0.0033769741203172198
1730501,0.0032345501938852743
1730567,0.004215208317537075
1730632,0.004098840335110196
1730663,0.004435714273184588
1730707,0.004150853736309097
1730711,0.00420262306887814
1731375,0.010763049359074897
1731506,0.26556548054535994
1731528,0.07939875697865745
1731541,0.037014829819310424
1731560,0.012899426052170019
1731566,0.044653128589135636
1732242,0.25521279893102017
1732300,0.009777350930755185
1732302,0.03932038939824961
1732696,0.004034148012146573
1732740,0.004275052309050004
1732754,0.004312077397100949
1732794,0.003146558976974125
1733009,0.0036035001303632826
1733104,0.002081572798263756
1733115,0.004422602764987275
1733149,0.004370462451830189
1733155,0.004414292930047462
1733158,0.004320131255599102
1733220,0.07371177625878725
1733246,0.004636159247977245
1733247,0.004650061804350503
1733265,0.004474987037504862
1733322,0.0032598700569961966
1733345,0.0037275018128183663
1733354,0.0034279234171760964
1733363,0.003618960518156967
1733402,0.010020455083796762
1733415,0.003923588368469379
1733440,0.0034216333753891055
1733529,0.004076795278757189
1733600,0.0042081093137953515
1733698,0.0043640384740856525
1733700,0.3069980608539736
1733707,0.0019665764490836278
1733813,0.00447633897924643
1733916,0.004453478629198723
1733956,0.0042696884801099715
1734030,0.004670701954014428
1734064,0.004341860930491273
1734070,0.004367332025480652
1734087,0.004371786514099287
1734142,0.008699563860459489
1734389,6.4508898417639765e-6
1734431,0.003723604402178439
1734586,0.0014525948763637296
1734592,0.0032907824108922112
1734595,0.0021599870932884403
1734625,0.0034935075978122405
1734638,0.031197735692661176
1734650,0.004215503181775664
1734656,0.003979841943984649
1734886,0.0039676833613673575
1735040,0.0021363341145351476
1735186,0.0015393179711815073
1735200,0.004355257345822818
1735218,0.004348602840009802
1735318,0.010406541554441534
1735443,0.004298581615601954
1735449,0.004284173435777469
1735461,0.008661052350526522
1735468,0.008640236953419743
1735487,0.004383687448318146
1735518,0.004249479986833556
1735560,0.004552429303657145
1735647,0.004142561425580981
1735696,0.00782137794906365
1735746,0.027957024835911164
1735788,0.002729637760808631
1735789,0.0029202539611592727
1735804,0.005654305428104096
1735833,0.003883460042416865
1735834,0.003357088101362533
1735842,0.003911308587423963
1735867,0.003834662304406413
1735872,0.008938388485708406
1735881,0.029433439114221537
1735884,0.005369771836118901
1736013,0.003890347546191563
1736059,0.0022943670395170848
1736088,0.003921194773487611
1736123,0.004067681575384572
1736178,5.435846611458674e-4
1736297,0.13029325076306353
1736337,0.12809669067828489
1736379,0.1214912512242875
1736397,0.12059900036037621
1736416,0.12508431285840926
1736446,0.12764005431229525
1736468,0.04812946116754475
1736548,0.002224979062692245
1736561,0.05173806491494879
1736566,0.051377507881516314
1736591,0.05113977490419396
1736592,0.05113977490419396
1736616,0.048165755639665984
1736617,0.048165755639665984
1736652,0.03180590465869578
1736673,0.05544702411347552
1736688,0.0017376845796992929
1736745,0.055856238776296384
1736863,0.01344912235239364
1736913,0.06782183099610643
1736918,0.0173550501408435
1736934,0.0046788652434637526
1736968,0.05563310299833642
1736970,0.017849395729238896
1736983,0.01731701834117927
1737002,0.05290894893999671
1737012,0.019443916989733044
1737020,0.018292031702599073
1737021,0.018233193914048755
1737040,0.015705364101955638
1737045,0.018082286328635063
1737053,0.01733201296773208
1737061,0.3916392923348856
1737094,0.04836565904699135
1737111,0.37519862685623284
1737122,0.3972924227249238
1737137,0.01682537670965121
1737162,0.05661478406956105
1737166,0.056142084105478364
1737173,0.01739239546162166
1737185,0.37684463354838554
1737188,0.00703512670080589
1737191,0.04739077360625681
1737193,0.005173724249291309
1737198,0.04663916317220792
1737217,0.3753895611692467
1737302,0.047751081033439
1737331,4.2390078541616825e-4
1737450,0.017005070431493935
1737454,0.04945095909794624
1737456,0.35901700108657214
1737544,1.6001415209682122e-5
1737586,4.575076103323873e-7
1737599,1.8083191562093725e-6
1737609,1.934652326299856e-5
1737611,4.2567518281456334e-5
1737639,2.0231275564181047e-4
1737697,2.1056115774412528e-5
1737729,6.776504511899312e-5
1737741,6.0355674997415425e-5
1737869,1.5840318783087856e-5
1738134,8.768833445344567e-5
1738161,2.743547431843481e-5
1738162,2.8351432448202055e-5
1738693,2.8807756902403327e-4
1738726,1.6453301149485606e-4
1738883,0.40741213117442093
1738971,0.42973128558954854
1738972,0.42973128558954854
1738975,0.020480217603780403
1738985,0.4297182876717257
1738998,0.4345509391174146
1739020,0.434620594911948
1739032,0.052913089915182066
1739074,0.42808744908192725
1739114,0.42610084114792146
1739139,0.001719321981462734
1739233,0.0017482040996529616
1739252,0.04910057694155601
1739263,0.01853102659980278
1739310,0.014625091374910254
1739337,0.3221622995948337
1739352,0.3649587288902215
1739410,0.38347802481609633
1739513,0.41410695380145074
1739568,0.40131146707743315
1739585,0.35670658097877955
1739605,0.37332886744584987
1739644,0.3681856810330508
1739662,0.3795330389616458
1739681,0.3795903509202367
1739738,0.3798750317030639
1739756,0.00539261498754024
1739807,0.00868997038898221
1739881,0.36328779192467164
1739908,0.34059535152546827
1739911,0.34059535152546827
1739995,0.32650055115016424
1740004,0.3264035232690548
1740449,0.36301313866841134
1740458,0.362893910023902
1740516,0.0013097758396874541
1740655,0.14844653381899522
1740754,0.13298871567096626
1740974,0.008751930106013071
1741087,0.14732867282835904
1741112,0.14734200794216237
1741222,0.14623931385994596
1741453,0.14859408560868603
1741489,0.14736724179419838
1741518,0.1523308003618287
1741540,0.15545210992917372
1741547,0.15545210992917372
1741550,0.15549248055123757
1741562,0.15283484331423813
1741563,0.15375024424536304
1741581,0.17438038233081793
1741606,0.1576554391263255
1741675,0.1337200911100335
1741698,0.13057735245283897
1741723,0.13085751767740816
1741797,0.14619447919235798
1741827,0.13778832455938295
1741870,0.15186412243496297
1741994,0.12495248578985589
1741996,0.12038784292970224
1742016,0.13544984302410534
1742018,0.12772059875370126
1742031,0.025491373895274318
1742099,0.12776629807565326
1742128,0.13373884007249057
1742129,0.13373884007249057
1742181,0.08932876780089181
1742191,0.01445279398004528
1742448,6.348723230304767e-5
1742476,6.125841730624727e-5
1742651,8.115331231381919e-4
1742709,6.060812596640901e-4
1742765,5.8178372955719765e-5
1742803,5.461705498493698e-4
1742895,4.291908571105471e-5
1742951,2.099423205092219e-4
1743546,7.791477997013408e-5
1743718,6.084669258907183e-4
1743735,6.273959203705848e-5
1744026,5.765586935660747e-4
1744129,1.2482052863719578e-5
1744191,4.4926974544286957e-4
1744201,4.5005473233796536e-4
1744232,5.094966820574944e-4
1744321,1.9783593439661883e-4
1744401,2.0206415409222082e-4
1744449,5.567521307936287e-4
1744769,4.99918530718755e-5
1744830,4.0240772118817865e-5
1745106,2.9067967024598806e-4
1745144,5.36506203022435e-4
1745239,4.249967695840967e-5
1745257,2.167959583546734e-4
1745325,4.7183706201261495e-4
1745705,2.2508514703445046e-4
1745904,9.351840738291594e-5
1745928,4.8046041773340165e-5
1746366,0.002990932350744921
1746533,7.016727927882173e-5
1746690,8.355067917968969e-5
1746742,9.339648965866612e-5
1746832,1.2188351818124722e-4
1746868,9.059997831083973e-5
1746886,7.505650161165523e-4
1746922,3.8413013430508647e-4
1747131,2.5166861802425555e-4
1747239,6.635755522639463e-5
1747512,0.0013802452151216104
1748027,2.936031299327123e-5
1748108,7.078561891768752e-5
1748175,3.3431126700211953e-4
1748186,4.2709158189418593e-4
1748194,4.9418680356355055e-5
1748220,3.447677989149422e-5
1748316,8.527940541072013e-4
1748355,5.282415546074748e-4
1748692,1.2311777640011047e-4
1749063,2.597881267890637e-4
1749091,6.256988867868729e-4
1749260,2.940171197964665e-4
1749337,1.1086313611367197e-4
1749398,1.4341720862670054e-4
1749489,1.0681255320191263e-4
1749592,1.1167652200270321e-4
1749663,4.407075641815806e-5
1749686,3.2239072124449987e-4
1749797,8.299404315968649e-5
1749804,1.5352181053131177e-4
1749830,8.759507542242742e-5
1749845,8.61674729428706e-5
1749970,1.8471000873778633e-4
1750001,2.281272250253824e-4
1750063,2.150493437081551e-4
1750103,1.60655327098231e-4
1750122,1.6746129559034307e-4
1750204,3.436102705943562e-4
1750231,1.2373178689655917e-4
1750273,1.1794033645798577e-4
1750287,1.182667669778693e-4
1750329,1.5657449819470251e-4
1750438,1.6007916486752226e-4
1750489,1.666400776764128e-4
1750560,1.6924557613211467e-4
1750567,1.6941932026183796e-4
1750606,1.04068648040729e-4
1750704,8.957977214791138e-5
1750781,1.6629948083845682e-4
1750793,1.3426483116956144e-4
1750794,1.3426483116956144e-4
1750818,1.5975350020484938e-4
1750823,6.579556855131425e-5
1750983,1.8087189468880198e-4
1751058,6.692894942445382e-5
1751069,1.3878828095531442e-4
1751091,4.2930051724176195e-5
1751152,2.2453390526726391e-4
1751155,1.0435551401214026e-4
1751220,9.43040043476534e-5
1751236,1.7228873465726575e-4
1751270,2.660953131535098e-4
1751356,1.8935175246534888e-4
1751358,2.1902454997818068e-4
1751417,2.1186062806206126e-4
1751435,1.0782677809809322e-4
1751440,1.5778342309459548e-4
1751664,1.7680412068732065e-4
1751878,4.755836704048269e-5
1751882,1.70509416971899e-4
1751919,2.4642884862348445e-4
1751968,3.3551779946341396e-5
1752029,1.637662247732411e-4
1752202,1.6552136202935142e-4
1752511,1.4121372535778702e-4
1752525,1.5458199758577372e-4
1752578,6.044524579676144e-5
1752610,1.2633884909463812e-4
1752731,1.7054921149776498e-4
1752830,8.755502491166687e-5
1753145,1.8476974490128846e-4
1753176,1.7489714339005013e-4
1753215,1.7584111209849407e-4
1753230,1.7300967708941975e-4
1753302,2.0118752759378433e-4
1753350,2.1332236672310897e-4
1753390,4.575228547746576e-5
1753399,2.0826292042693684e-4
1753491,4.734140814623008e-5
1753516,2.3770206634832886e-4
1753870,3.086608388896277e-5
1753996,5.059793780062842e-4
1754173,4.755836704048258e-5
1754215,2.3806394866308263e-4
1754274,8.829348467664898e-5
1754293,1.9845311763122317e-4
1754307,9.001040554460285e-5
1754557,6.719273018733229e-5
1754946,2.655757338990201e-4
1755082,1.2042402883803313e-4
1755281,2.245324551684828e-5
1755597,2.3682799209782208e-4
1756908,1.7246383525782588e-4
1756912,1.6382887778916723e-4
1757269,4.184731356432027e-5
1757339,1.4540510572464563e-5
1757393,5.585671784968379e-4
1757455,2.605156931923731e-4
1757460,1.5081092916727895e-4
1757468,4.2613976009907387e-4
1757520,6.151096782292236e-5
1757772,1.4331365915660902e-4
1758115,4.732648480146968e-5
1758224,5.4195217531141475e-5
1758267,0.1507210703634609
1758278,0.15420819434039856
1758289,0.13239539001785255
1758290,0.13157886220518678
1758314,0.14523523112242598
1758335,0.011246154726310808
1758340,0.1496303774982729
1758345,0.004952795925073593
1758357,0.13734691605856097
1758365,0.14057937336072815
1758378,0.1434740513978391
1758384,0.1444933901948629
1758406,0.14305843655609857
1758415,0.15058890298667887
1758427,0.15018110200711107
1758440,0.14346928159265984
1758462,0.0014341448239939777
1758493,0.010380560443124416
1758494,0.139243179722888
1758501,0.1392861393554322
1758530,0.13464442659193998
1758547,0.1338731094905795
1758564,0.1364614144298942
1758570,0.14095158732044286
1758593,0.1349527443804856
1758621,0.14030630944935
1758639,0.0011653529233439646
1758651,0.12597913633113075
1758661,0.12421371952755114
1758679,0.12415856034592757
1758682,0.008393165368112417
1758689,0.11907010497831176
1758699,0.1258785840848687
1758715,0.1314989301960426
1758753,0.13048003601008745
1758755,0.13335107995534837
1758782,0.12995778025353044
1758794,0.12267562220393682
1758812,0.040622126516225404
1758814,0.040622126516225404
1758818,0.040602954799520724
1758822,0.04063443661924897
1758825,0.04212442195373251
1758827,0.04188815179543667
1758829,0.042546072524739555
1758841,0.04346803533480833
1758865,0.11602838500326376
1758873,0.04467317892314852
1758875,0.044727820038745245
1758879,0.0461920995056502
1758881,7.126270301424639e-4
1758882,0.04726724972051005
1758892,0.0488687190638191
1758894,0.05430842751626166
1758901,0.004246208071458572
1758902,2.837456947688163e-4
1758920,0.058673044527012656
1759082,0.11146115265584039
1759115,0.0932698067541034
1759134,0.013200573384130117
1759156,0.026773503762045504
1759162,0.12481655135102145
1759174,0.12434047195944592
1759177,0.11997797897677094
1759196,0.12225001219938735
1759211,0.001781164105239894
1759227,6.356094556703248e-4
1759605,2.2747934401535822e-5
1759617,3.333311761375931e-5
1759643,4.0925601562519204e-5
1759694,1.0846835506414221e-5
1759798,1.1818829290754642e-4
1759810,4.2899436469020354e-5
1759818,7.951965686416796e-4
1759841,0.016664871165435947
1759865,0.030670596398161488
1759925,0.001945867347055251
1759928,0.007187352731967493
1759929,0.009279866140141077
1759932,0.002054965645790076
1759941,0.0020609851787737653
1759955,0.002177035576749617
1759992,0.08634958968469213
1760003,0.0036969026387568362
1760018,8.122239702888347e-5
1760045,4.455134860755175e-4
1760067,1.2019942158512521e-4
1760076,2.518582227580901e-4
1760108,7.996986958401544e-5
1760109,1.2430964691108722e-5
1760112,5.302299321062096e-4
1760148,3.1523283458651517e-4
1760153,7.706319432366917e-4
1760163,5.731882343455878e-4
1760165,5.750778621777292e-4
1760188,1.7234180637750162e-4
1760254,9.456755206240602e-5
1760302,0.006351180503471732
1760307,0.006279606789485013
1760460,0.04878434599990183
1760463,0.04695299044235156
1760479,0.04692205534193133
1760482,0.0449829906762202
1760484,0.04031278166794636
1760485,0.03942825502948402
1760491,0.039199352028702956
1760501,0.03914110829311716
1760510,0.03999581279409746
1760520,0.04003758294297359
1760548,0.12350738523432274
1760616,0.026802183624202985
1760625,0.02397877956232153
1760635,0.02700694813623401
1760654,0.04211548874036942
1760663,0.04213745748145892
1760676,0.04081214983013191
1760677,0.04080253735518914
1760684,0.04081214983013191
1760685,0.04081214983013191
1760696,0.041440749753983354
1760706,0.04080253735518914
1760711,0.040790485536802805
1760716,0.04020013350345657
1760738,0.1290242008489416
1760739,0.12898337758129563
1760769,0.14347664992528447
1760838,0.1444757025423585
1760878,3.148056003853546e-4
1760947,7.408701307692935e-5
1761264,0.1314720937845874
1761267,0.13183118440877592
1761274,0.13799883751866274
1761287,0.14378428369376856
1761292,0.14378428369376856
1761346,0.076359985380198
1761359,0.07945272655328126
1761368,0.3132687043343379
1761377,0.07240274871080067
1761382,0.07127823077428694
1761404,0.07571593149006689
1761405,0.07490038901942603
1761408,0.062146180400263686
1761417,0.06808260567447005
1761419,0.0662542056783833
1761423,0.06391633510959212
1761429,0.057365447751893665
1761431,0.05424921679133168
1761450,0.06731898569690332
1761456,0.07376820703252
1761478,0.09804891892909981
1761483,0.09602144978227145
1761492,0.0824375278311445
1761500,0.0701062125530536
1761505,0.08108553394629688
1761508,0.07692822884374355
1761510,0.09486805820382836
1761514,0.11773924052766416
1761533,0.12372165541658334
1761536,0.10523165305364621
1761543,0.10793630511485845
1761548,0.12118868838919221
1761552,0.12808172127840028
1761618,0.10409731168170042
1761623,0.11170555756902681
1761625,0.1126321219213039
1761628,0.1126321219213039
1761651,0.08988805122473773
1761653,0.08988805122473773
1761657,0.09874502353388705
1761660,0.0987440558069802
1761663,0.09794498079724047
1761664,0.09790790997311949
1761693,0.12649308505839543
1761714,0.12700634899419386
1761719,0.11694676331376794
1761727,0.11934991337691908
1761766,0.07415270605381759
1761810,0.1358686222569027
1761815,0.13582849419651655
1761832,0.1037845551777946
1761842,0.10376697198644025
1761852,0.10482004124379722
1761946,2.293472954792441e-4
1762235,5.4249141793241125e-5
1762273,0.1430953785588074
1762282,0.1389169565715119
1762299,0.14532846704744773
1762312,0.14235782379695672
1762325,0.1492424501174278
1762364,0.14998206746007547
1762380,0.15194005258391816
1762381,0.15099872919358204
1762422,0.14696788534298869
1762442,0.14836857333707598
1762450,0.15041455929198755
1762463,0.1439207313975779
1762474,0.1337746901493716
1762477,0.13372966697954336
1762479,0.08890882867366028
1762486,0.11855793283492051
1762488,0.11168481987439631
1762498,0.07370116980316847
1762502,0.11476338756313538
1762509,0.11505907395679466
1762513,5.452226924814647e-4
1762523,6.416623176164911e-6
1762527,0.14050806479706623
1762530,0.13417626766081106
1762545,0.14448083328691647
1762565,0.1428388084696544
1762577,9.78894671851242e-4
1762591,0.141158715297059
1762603,0.15656556570956914
1762620,0.0010895897215114367
1762640,0.15633239564068274
1762643,0.156391395935664
1762659,0.15466508205666354
1762731,0.001734002344032461
1762771,1.5657265497698753e-5
1762791,0.0892851739107381
1762864,0.0046729279397664265
1762867,0.004657048782689311
1762907,0.0027788828612369475
1762935,0.0016641144042070994
1763056,0.0800006128163326
1763129,0.010686122212601908
1763163,0.010166409854761586
1763166,0.010131699215136646
1763169,0.010127262147385924
1763173,0.010191274567089029
1763181,0.010099194808963931
1763187,0.010102955124121057
1763202,0.010137721261998689
1763346,0.003079455521228191
1763347,0.003079455521228191
1763349,0.003079455521228191
1763473,0.003163771815259494
1763476,0.0031146220233063135
1763477,0.0031146220233063135
1763486,0.0031146220233063135
1763504,0.0010844277091182702
1763648,0.0013816882942023878
1763750,4.716912220027857e-4
1763864,2.3995205911060046e-5
1763931,2.2132402525734812e-4
1763987,2.1359272850986323e-6
1764056,0.002031326167758703
1764217,0.0014664907976388384
1764276,0.0013990641210866175
1764396,0.0021078122498388663
1764480,0.014979762816683955
1764483,0.013489795953287205
1764616,4.756839096813712e-6
1764618,2.493364693001843e-6
1764669,0.008773828522681833
1764689,7.090596008986194e-4
1764707,0.0017379847939688762
1764921,5.186879322356284e-4
1765014,4.703787725572011e-5
1765056,4.875138965513063e-5
1765164,0.0019855367337674634
1765194,0.568932211613471
1765261,0.009216378172608414
1765325,0.009086844184061377
1765348,0.007948106660190907
1765350,0.008007118224992029
1765358,0.008886959948830046
1765410,0.009055544462307899
1765429,0.009137199610540667
1765453,0.008346814666566333
1765469,3.085495855884661e-7
1765486,0.010836276487996616
1765501,0.011535114350401061
1765512,0.39763519523465196
1765547,7.690680450338815e-5
1765554,7.142520545929995e-5
1765561,6.631732182521032e-5
1765572,8.724461366970127e-5
1765631,8.997558961808123e-5
1765633,0.18792246504662538
1765648,1.151167302164396e-4
1765727,3.981562337223832e-5
1765731,2.071790048759886e-5
1765749,1.6360020546233076e-5
1765834,4.2273347050534935e-7
1765849,8.63255155110873e-5
1765856,9.019705691118894e-6
1765906,1.675417588636387e-6
1765907,0.008821998074628872
1765910,0.009820510769688972
1765931,1.4035197263979623e-6
1765943,1.3019504732074579e-6
1765993,0.008733295701238791
1766055,0.00891471060662123
1766104,0.010847983130250755
1766123,0.01321612192159353
1766161,0.011556388877454735
1766199,4.785967153455964e-6
1766201,0.012475957939299885
1766202,2.981449534371052e-6
1766207,0.008439501295593866
1766215,0.01308578123876647
1766235,0.0015606613164421011
1766262,0.0015640452535250493
1766277,3.318840673756352e-6
1766287,0.2383683988354603
1766332,2.5753945235484526e-6
1766362,5.227321209706416e-4
1766454,1.6830371804638482e-5
1766488,0.07352384404085424
1766525,6.140384600510868e-7
1766586,0.016118105239993113
1766774,0.2510126414689743
1766779,0.2570575766129013
1766782,0.2510687954570114
1766824,0.15179394971721455
1766941,0.2564287392512468
1767006,0.2607156297697298
1767083,0.3122965463392759
1767116,0.28673133125154804
1767250,0.032261230947667
1767293,2.7157648843534762e-5
1767300,2.244501043417781e-5
1767317,8.680451108883399e-6
1767344,0.0015128438657761936
1767504,0.2795009592083531
1767517,0.5149607460071145
1767533,4.07455456073818e-5
1767592,0.008578967689261988
1767604,0.537313082382553
1767617,0.3115471001147108
1767626,0.31148391113714957
1767647,0.29810404057806444
1767672,0.30819692394946147
1767703,0.0022661801667799436
1767735,0.0784959310543666
1767752,0.08274479513140617
1767754,0.08274164802675647
1767781,0.08265878492945994
1767805,0.0858662459398582
1768073,0.0023134240480635416
1768092,0.0025543031601596624
1768094,0.6365615104908376
1768102,0.6370655989495733
1768117,0.003680558325259131
1768128,0.0028919321390951085
1768252,0.010892228728924676
1768573,0.002832000309772814
1768665,0.002062446495740108
1768667,0.008171663327807235
1768673,0.0031092167364601465
1768703,0.9978390065741253
1768742,0.012042193890773592
1768842,0.00814929776223368
1768855,0.008911216667667561
1768938,0.0012370447593958792
1768967,0.007554952010555005
1769150,6.345411562737666e-4
1769324,0.024681277862140662
1769356,0.00650028461557286
1769453,0.003418543901695849
1769802,1.5223647441763269e-6
1769906,0.00964726140825751
1769980,0.0013001447538768256
1770045,0.0012587073114686742
1770204,7.001990841260995e-4
1770338,0.0062016068509618905
1770482,0.003068369960436613
1770504,0.03166951533800862
1770567,0.0059431094330334765
1770655,0.007482683230654056
1770711,0.03701238376460755
1770748,0.03608809048958316
1770798,0.036400899758257256
1770835,0.7503365846605274
1770852,0.036569158956713047
1770855,0.036569158956713047
1770899,0.03637425314150474
1770997,0.507414007283549
1771018,0.5074140072835492
1771072,0.5492570834097693
1771079,0.5493640908105167
1771103,0.5491898667536688
1771165,0.609239136775861
1771225,0.5370734194852892
1771367,0.5697430857367844
1771448,0.7032522700730557
1771497,0.5897121955622361
1771561,0.0024607154528931176
1772697,1.8915141571072472e-4
1773465,2.5915804678846893e-4
1773766,7.417992294817212e-4
1773872,1.7120463027799478e-4
1773946,8.941787948819307e-4
1773955,4.988678767557851e-4
1774146,2.1728308181211595e-4
1774187,5.136800663662928e-6
1774248,8.427221245955291e-4
1774492,7.593632681385048e-6
1774507,5.201694721148168e-4
1774508,5.216184820753713e-4
1774538,1.1170747974348076e-5
1774596,0.001160966410665833
1774604,0.001152978993921125
1774625,5.382538278640124e-4
1774626,5.382538278640124e-4
1774627,3.6447132449217154e-5
1774628,0.0010692667199563258
1774630,5.479729582730621e-4
1774670,0.001125953148999462
1774675,7.645823938058335e-4
1774701,1.9036075797979166e-4
1774716,9.018181059757932e-4
1774746,7.750591907450814e-4
1774783,1.725331618502375e-4
1774983,1.946449251333488e-4
1775010,1.6504671219486303e-4
1775027,2.417081669958047e-5
1775054,2.043599171191154e-5
1775099,1.611662929072685e-5
1775320,0.0022056484475637514
1775419,0.3742197757180567
1775428,0.36742327424209636
1775527,0.4984545187984801
1775528,0.4985736306501033
1775540,0.4992441167648123
1775618,0.5674105361786645
1775637,0.5368332769770825
1775644,0.5294121048255842
1775686,0.5149717719657892
1775933,0.008339346593272236
1775942,0.13623786695105342
1775958,0.13240391317715783
1775960,0.00821560472689806
1776022,0.004495350946399971
1776025,0.0039028047026351135
1776055,0.00463686587575072
1776078,0.004035252673582284
1776087,0.00379736254224071
1776149,0.0042966160800453354
1776207,0.004265686502466717
1776245,0.03601303369966693
1776258,0.004134937162442668
1776273,0.04186174174035727
1776279,0.005239794073613756
1776294,0.003752320449783314
1776297,0.004741644793769045
1776399,0.005358098384932029
1776401,0.005358098384932025
1776430,0.005453043294908304
1776435,0.003995061589355865
1776438,0.005061013264596498
1776440,0.005061013264596498
1776451,0.005048804858776728
1776456,0.005098078723448878
1776571,0.005603477343369126
1776582,0.005014032179348967
1776586,0.004927094263975308
1776629,0.0041806716420384644
1776644,0.003885112570127444
1776645,0.003907330391183084
1776647,0.003730028241467862
1776651,0.004045133978628158
1776679,0.004037549577777973
1776688,0.004191396247569531
1776715,0.0038440190320677436
1776734,0.003939963260285389
1776738,2.219444144215439e-6
1776754,0.008452871215809975
1776768,0.005624236816553802
1776772,0.005408360944486221
1776780,0.0030448844283162543
1776787,0.0036532220712979964
1776803,0.008360144472088927
1776809,0.0036882701176101465
1776812,0.0038263063690626097
1776853,0.00477600887656453
1776871,0.00431462456248343
1776877,0.02527150118217627
1776881,0.00398005357331339
1776891,0.003791456746366985
1776922,0.0041155456842753
1776923,0.004105199893501112
1776960,0.0032847165273454477
1776991,0.004022360477956349
1776995,0.004286776827659246
1777016,0.0024341265396269503
1777044,0.005535776466397265
1777046,0.004360426980951332
1777060,0.003785894573149889
1777065,0.004213775033976711
1777076,0.004287595444201091
1777083,0.0034577055790053295
1777084,0.0039998597965021305
1777126,0.003571241821042453
1777149,3.7136829924113646e-7
1777169,0.003255404166544633
1777173,0.003224491913362314
1777200,0.005267378944484609
1777238,0.003951898312769296
1777256,0.00443440442082573
1777269,0.0023518856788309213
1777277,0.0022894492046716584
1777278,0.007383120917300432
1777353,0.002576163000525107
1777358,0.002666498888051588
1777360,0.059130455141180115
1777361,0.002557598005741135
1777501,0.008598903715093854
1777505,0.0034853813587309153
1777526,0.0034997247635757383
1777591,0.004124355132302962
1777594,0.007710103383910285
1777598,0.0035923912092419115
1777618,0.0035930809752520105
1777646,0.0038149149726474656
1777654,0.0038149149726474656
1777689,0.003778484259635602
1777691,0.003778484259635602
1777777,0.005393269156870944
1777781,0.0036464642974148543
1777783,0.0031731176804062973
1777790,0.0033146624163759284
1777878,0.004360762423264837
1777921,0.03972329473748489
1777924,0.002632247511398232
1777925,0.0031713043661375897
1777985,0.0030492599774121056
1777990,0.0026349333872506516
1778066,0.004121197437541532
1778174,0.0044236136483827675
1778204,0.004027263216081697
1778213,0.004258685275386945
1778242,0.00411035461195407
1778253,0.004180086554012678
1778254,0.004192190102440394
1778287,0.0039193957786660665
1778303,0.0038195859877385567
1778309,0.0038376585667838446
1778317,0.0037838607083589986
1778344,0.0038667253581186217
1778364,0.004154676553704135
1778372,0.0040926863467509005
1778446,0.004302215206037948
1778489,0.008783009117077297
1778494,0.004511195298191313
1778505,0.004068504537793685
1778555,0.004408961583687081
1778599,0.004461121169058454
1778606,0.004461121169058454
1778626,0.004668763521071705
1778642,0.004644435828394947
1778673,0.004738805901280506
1778682,0.004533344527804795
1778687,0.004459104759766232
1778701,0.004358963368367443
1778849,0.00292086923328137
1778928,0.004534208746210375
1778949,0.00436076168076405
1778959,0.004361717721382743
1778996,0.004468577463094017
1779000,0.004131788496050763
1779012,0.0035332562813925332
1779028,0.009062239013154005
1779045,0.004286285166013427
1779156,0.0024221357566606722
1779160,0.004312752482631555
1779213,0.0037605855828386626
1779238,0.005203361725942114
1779298,0.003693296685631805
1779304,0.003749860814251232
1779357,0.005395902850611426
1779359,0.004177324753349057
1779360,0.0037209599664389825
1779416,0.0027450565660801
1779422,0.0032987159672850886
1779443,0.005315738038122462
1779454,0.0037094281797408514
1779482,0.005026205874875839
1779518,0.004040169419214456
1779532,0.003600344610902875
1779561,0.005138611641991931
1779579,0.006429880704659674
1779585,0.008380829744014686
1779589,0.006504641265271372
1779596,0.006504641265271372
1779628,0.006392118396541955
1779641,0.0023732411289621065
1779694,0.0044541006901582005
1779724,0.005927700293865765
1779728,0.006233056643040459
1779751,0.0031697648447050254
1779771,0.004222986416656731
1779801,0.004197234757387519
1779817,0.004414398563006519
1779824,0.0042127633950596495
1779828,0.0042516239978272665
1779829,0.004298074919019772
1779830,0.004284871794698759
1779841,0.004515358252927902
1779853,0.009193884492838597
1780034,0.6459306267457225
1780936,0.003649303035711351
1780939,0.003674923216562832
1780984,0.0031123553634125507
1781000,0.0031725414552144604
1781002,0.002457208638495403
1781026,0.003464780111709659
1781080,0.004150862066436656
1781146,0.002327187880940021
1781147,0.004157872125234542
1781151,0.003955141810947441
1781153,0.003955141810947441
1781182,0.0038973217761653998
1781195,0.0039130086876565705
1781242,0.004038324779525136
1781249,0.003938876599106342
1781262,0.001819841170667144
1781438,0.0029128858722694954
1781498,0.004389093151899441
1781523,0.0039055861063772165
1781553,0.0041440408740885054
1781556,0.004131317046005421
1781579,0.004058342043591029
1781628,0.0027373383968532566
1781631,0.003673330939290523
1781677,0.0022481711385694725
1781678,0.003979684736314641
1781867,0.003027659437328395
1781881,0.003252030998242554
1781884,0.0034264442703778103
1781934,0.004530827691657022
1781998,0.0022447952332825555
1782031,0.004051750995280141
1782034,0.008366012985355555
1782114,0.0036060533227629797
1782120,0.004129276443385122
1782147,0.0052191962359796566
1782218,0.003955306807505308
1782220,0.003966983327643532
1782232,0.0041029281001800175
1782257,0.0019793948280777173
1782294,0.007806601973699493
1782305,0.0034763192289888963
1782308,0.004152226675187153
1782341,0.023145912419431668
1782406,0.006907052238928878
1782464,0.004870082187988214
1782501,0.028292567649696124
1782547,0.0036292209821523
1782620,0.0038931952704319307
1782665,8.16660322734449e-8
1782668,0.004917543922310812
1782676,0.004784925888771535
1782698,0.004651751061946743
1782736,0.0038404161204920657
1782779,0.0022140996284107177
1782789,0.004939080008761442
1782839,0.004269178653426104
1782867,0.004963228049691879
1782911,0.005344416212727899
1782993,0.0023646901960639897
1783013,0.002270377301984152
1783047,0.008737576840151917
1783060,0.0037274903606868024
1783067,0.5687034421384647
1783603,0.0010781769047604989
1783612,0.001785412865052672
1783640,0.0013474936947760077
1783655,0.0012159428018446595
1783705,0.002577866192961092
1783771,0.0042488310127181414
1783873,0.0049755182218481665
1783988,0.005276266786885735
1783999,0.003964746703561805
1784142,0.00630026930715447
1784150,0.01770274196220574
1784165,0.004357788533290483
1784168,0.005566805637205911
1784183,0.002546620648878344
1784191,0.0059127856238487516
1784230,6.125423173611595e-4
1784372,0.005199181439647432
1784474,0.0054423386765142445
1784533,0.0053237433434426135
1784535,0.005308124676831609
1784585,0.003868278522564738
1784629,0.005381129673813592
1784677,0.0054361428264226175
1784701,0.004361468998644592
1784715,0.0066517254704500746
1784717,0.030056504212287304
1784786,0.0054981357721295195
1784793,0.006042877135448598
1784806,0.009359000339384815
1784830,0.008751660271529129
1785057,0.003459930652269953
1785081,0.004685887415147411
1785088,0.008676177012849506
1785095,0.00537671958257044
1785181,0.004386386794342322
1785264,0.004225999397001143
1785279,0.004214969467233827
1785303,0.0017697786538108443
1785346,0.004011471927273028
1785359,0.005100552135027623
1785400,0.0050290589394058356
1785416,0.004862291353430398
1785606,0.0021443973761953996
1785635,0.0021443973761954022
1785672,0.0021676644880490497
1785677,0.004010079924139473
1785683,0.005185301611069366
1785706,0.008442993466026527
1785755,0.0037755771180727244
1785772,0.008348072608351909
1785773,0.004331863670594671
1785775,0.004274874031118364
1785816,0.0027095666386517114
1785817,4.0661781064e-7
1785837,0.002560719203612165
1785855,0.0012776204757285125
1785877,0.004227851593560712
1785914,0.0021391425541513374
1785944,0.013821236957096458
1785962,0.0030046220000778706
1786050,0.005065647961340184
1786260,0.0022122117715261246
1786444,0.0052985687082627965
1786453,0.0022209506494083827
1786579,0.004137632076796608
1786836,0.0030100848860842707
1786928,0.008985709582871444
1786935,0.008992945416323032
1787179,0.004469022353710221
1787217,0.013112004148624038
1787225,0.002896552869342123
1787241,0.0022416368772477124
1787480,0.0050342844078205265
1787517,0.002375031614104602
1787530,0.0038639273843990877
1787558,0.0038757105840286077
1787574,0.004846753900725937
1787781,0.005202174175722858
1787829,0.02935917262353533
1787909,0.0051707322368617
1787985,0.026617097244646743
1788050,0.6307526003662846
1788078,0.004915738507212312
1788106,0.005244471951679995
1788294,6.581409545674013e-4
1788326,0.005155773427847327
1788328,0.0034163568377469067
1788374,0.008090761215695713
1788382,5.472913956872904e-4
1788410,0.0038599879919134264
1788446,5.983003555066092e-4
1788479,0.004358002681803157
1788514,5.82164600745308e-4
1788526,0.004291042751090978
1788531,6.055321469271656e-4
1788541,0.008842628728150764
1788586,6.152322541831379e-4
1788596,0.0037535064823649707
1788599,5.104166004336055e-4
1788648,0.004216667452393393
1788691,0.0021680137843942604
1788706,0.004517043373510486
1788772,5.041619560328e-6
1788775,0.011018416035984415
1788929,0.06433990776441599
1789026,0.002320097209462187
1789033,0.0027848212812172507
1789046,0.003723260359824058
1789097,0.0033174911399974764
1789101,0.002686485424978798
1789111,0.002680442363506595
1789123,0.0026806420652621095
1789130,0.004403407505886243
1789136,0.0026990768805403766
1789158,0.00253841097161653
1789161,0.002404488352809681
1789164,0.003944848421428929
1789198,0.0039006648693736953
1789204,0.0014276399339712073
1789225,0.0023970731059277327
1789271,0.007223367670316149
1789277,0.002268361778802115
1789285,0.005393688020371419
1789298,0.005371572107849131
1789402,0.003395525257454176
1789433,0.0025694911511738522
1789452,0.002579290164996978
1789457,0.002399444631232511
1789459,0.002404875704666742
1789461,0.0024567812554952386
1789464,0.002404875704666742
1789473,0.0021625100873032474
1789478,0.002152790190264053
1789483,0.0024616761328505638
1789484,0.0024616761328505638
1789500,0.12522772639786375
1789528,0.00257929016499698
1789612,0.0023700302301992277
1789638,0.06887137508334087
1789640,0.002051051144581472
1789645,0.068385225567353
1789664,0.06595747316023107
1789668,0.06623353106619086
1789710,0.23424430152537096
1789724,0.0020248825462905254
1789745,0.1150267788197662
1789786,0.10601733746924794
1789807,0.06349661558642662
1789812,0.002123191946876704
1789830,0.002078962807104815
1789871,0.002187991382398542
1789939,0.4756386014151601
1789951,0.002423177623412616
1789994,0.13260321747298184
1790003,0.0775734878831714
1790054,0.11564311721101776
1790063,0.08810979969308422
1790093,0.0020813930219910955
1790096,0.10907975827039904
1790100,0.008713236646491696
1790123,0.08495619701381028
1790128,0.0011768329297989417
1790135,0.10865791121840605
1790147,0.09733227828646825
1790182,0.10398871040977424
1790186,0.0873807423541343
1790220,0.11124883652541116
1790231,0.002124447033932109
1790275,0.20519635509011522
1790284,0.08123872010529089
1790301,0.08352724254759364
1790345,0.118112009523175
1790374,0.10933213197417802
1790377,0.09037381972282002
1790396,0.1086598776542594
1790398,0.0017433447644446941
1790415,0.11952072022322732
1790460,0.07131155442258295
1790536,0.21710518326109174
1790541,0.09236661771457232
1790636,0.001055578518334279
1790650,0.0011584697413010857
1790690,0.09419697854584268
1790720,0.008118799120858469
1790739,0.582875048334691
1790740,0.09702688337217542
1790780,0.0973148918881774
1790811,0.0018807095433305786
1790818,0.09599281087728785
1790831,0.09699085193289363
1790838,0.0035186350566055393
1790863,0.08756110123297861
1790865,1.0171960843551409e-5
1790867,0.00698982994697312
1790893,0.10922778900988452
1790906,0.00802796562490733
1791021,0.0018222945645177365
1791027,0.0018728414710121257
1791028,0.07751597651374455
1791072,0.001888287033853334
1791087,0.0018687121424694644
1791108,0.07982104679376711
1791114,0.030778998197975128
1791119,0.0016733745198945747
1791162,0.13846123939864383
1791168,0.1371076996613355
1791195,0.11665816791078802
1791208,0.1097579765560976
1791251,7.496167626309821e-8
1791267,0.11687705107095321
1791273,5.008273753266474e-7
1791276,0.11652415188709425
1791290,0.1050670483846004
1791338,0.12379613091936517
1791393,0.10790302937399567
1791434,0.0018107528501854547
1791437,0.001761476983099109
1791457,0.0015225479161176951
1791486,0.14195694200594028
1791487,0.0012968862269501994
1791489,0.0012939387624858315
1791500,0.0013154274932490042
1791509,0.0012536421107123567
1791511,0.0013793278797413673
1791528,0.0922818939390592
1791533,0.12309026833328955
1791539,0.087477627389794893
1791540,0.0013462234011244612
1791558,0.0013490835636211728
1791570,0.0014976615621415214
1791572,0.08721531766654801
1791577,0.001273481266341992
1791580,0.0012752246601894044
1791585,0.001490836923507576
1791592,0.1264611629142027
1791594,0.001627458246055001
1791600,0.001828553832112775
1791603,0.007909801007877377
1791607,0.0017443428070647463
1791621,0.001624682150357041
1791625,0.0017433830212460809
1791630,0.0017456016408320231
1791636,0.028669815726842133
1791647,0.09117522312149906
1791649,0.0018233121971078425
1791659,0.0018151223547174698
1791676,0.0017424296764515109
1791703,0.002511983555828459
1791706,0.10869103375592516
1791717,0.00244832256480083
1791732,0.002493041376052403
1791733,0.002493041376052403
1791739,0.0024929885939066155
1791749,0.07735613261129777
1791751,0.0024346147767457392
1791755,0.0024896966078442185
1791757,0.6294245600153704
1791763,0.002423740419110485
1791772,0.029605212523333688
1791773,0.11528039988871827
1791790,0.002500910699674054
1791795,0.0023964750610416556
1791807,0.10792878072943402
1791808,0.0024497253896609513
1791818,0.0024020206942191803
1791825,0.0024074578579518667
1791834,0.07764642893664156
1791846,0.0024073817760441865
1791855,0.0023911442034916805
1791858,0.0024063771910857175
1791866,0.002353002827532712
1791872,0.002725188638686303
1791877,0.002342367437968458
1791907,0.0022638392692239115
1791908,0.0022787822322132985
1791955,0.0018525284947287098
1791960,0.1277306836395463
1791977,0.12071831061284277
1792008,0.10489683125127572
1792020,0.10521442950037113
1792073,0.09660789555463326
1792089,0.1839958440615069
1792130,0.26152257942981066
1792204,0.041832775794943405
1792207,0.1287449487678166
1792214,0.13684251772639455
1792344,5.3579567313897555e-6
1792350,0.1039705504862393
1792370,0.09215414594101469
1792374,0.09889157008246538
1792409,0.18235669644053354
1792411,0.0024802479594553803
1792477,0.09381534663813244
1792498,0.12032382762174364
1792510,0.11118820225893208
1792518,0.12797580961808522
1792548,0.0022207275934998877
1792555,0.08702702938965436
1792558,0.002238461991070545
1792563,0.07423376256255505
1792567,0.002353741815225756
1792573,0.0023431103808228223
1792587,0.002386909870544353
1792601,0.11847433504258202
1792612,0.11830036624910742
1792630,0.08830808379241165
1792633,0.12413585526065274
1792641,0.0022595167636666256
1792661,0.1273191770019508
1792703,0.0020678740301098416
1792707,0.002092002324772129
1792717,0.09586385217580425
1792758,0.008506183514228804
1792759,0.0015669281898927784
1792825,0.133093104087584
1792837,0.2556086595711813
1792840,0.13046161647359364
1792860,0.12484744057785839
1792877,0.13919769084718783
1792896,0.11981854248017963
1792900,0.0017653808713637262
1792907,0.10729134896816107
1792908,0.10724406464148009
1792937,0.0017442829242094722
1792948,0.10062582026409157
1792957,0.11959807692213362
1792962,0.55932419624738
1792963,0.12523122401259112
1792986,0.10843973359645673
1792989,0.10374507910535125
1792994,0.12531609089717316
1793029,0.1292723494526515
1793096,0.08444452431991911
1793097,0.08444452431991911
1793159,0.11417114899926091
1793175,0.11488195179398905
1793189,0.14234900617427912
1793214,0.1211889681676509
1793282,0.002325357272147492
1793298,0.002379870342755031
1793301,0.085479050191279
1793318,0.00213809711972216
1793336,0.12997053895549174
1793346,0.0019959577272231324
1793352,0.001945823644362331
1793364,0.0018432623419778334
1793367,0.12283302632753357
1793369,0.03939260236719282
1793372,0.0016773273338324096
1793378,0.16730357380950747
1793382,0.0017954270532139574
1793383,0.0020003459190597464
1793388,0.0017954270532139574
1793412,0.12846431703470884
1793427,0.0020518683215489534
1793450,0.0013553475960676228
1793462,0.0012829132491380896
1793469,0.0012886060870003905
1793474,0.0012601380892068123
1793528,0.10357790512289027
1793530,0.0019684346150647676
1793626,0.002456465823298639
1793648,0.002594780659778303
1793673,0.07946327205693841
1793701,0.1387587660315707
1793741,0.08479527902368265
1793754,0.031018727372595464
1793784,0.0021269502481541624
1793829,0.0023288971200289494
1793904,0.025700420326457078
1793982,0.0025492071864372766
1793990,0.00866485022396697
1794013,0.0022110948217729065
1794040,0.5707545264493005
1794043,0.11262094342280699
1794076,0.002466880353207891
1794106,0.0021355964442224627
1794115,0.0886633415010836
1794295,0.07575205332689182
1794299,0.0923212274733126
1794305,0.07917780856384452
1794317,9.159460774727168e-7
1794362,0.07702013449232838
1794363,0.002528404882752861
1794386,0.029235576949621287
1794389,0.0025123978414492024
1794418,0.13343417957096992
1794421,0.002516842171918503
1794436,1.5334692767959443e-6
1794450,0.002445251996369171
1794472,0.0024565241858568606
1794516,0.12449713842192238
1794554,0.12161767703028473
1794738,0.0020162985455464758
1794757,3.921969714150915e-10
1794804,0.0024983671294352638
1794836,0.0023809285079036536
1794852,0.0023809285079036536
1794901,0.0022427853357773527
1794909,0.02416749957824763
1794935,0.0022039926216970494
1794943,0.0021119566877273407
1795026,0.06849506449016705
1795101,0.004897333278363508
1795137,0.0034095867416347406
1795181,0.003417126453452223
1795198,0.11955227764878391
1795217,0.08789416787076448
1795305,0.002561330207743752
1795366,0.0024391344874100406
1795367,0.1315470668635304
1795391,0.13388608370025565
1795402,0.0024839433359390393
1795445,0.08484916391343665
1795472,0.08132607854323969
1795521,0.0023742919523294056
1795570,0.1004354570396168
1795571,0.1004354570396168
1795675,0.14054714283864667
1795722,0.125315044698068
1795734,0.12734903023840177
1795778,0.09356506084936812
1795832,0.12334480579342284
1795844,0.002495502020823377
1795846,0.12706075640875233
1795858,0.11533258431395566
1795870,0.1155978654021179
1795872,0.1152659890224146
1795882,0.00788927674906806
1795891,0.1045569972730875
1795900,0.11375371874725834
1795904,0.11906616729941787
1795908,0.0021975200506401398
1795912,0.0067731688587879795
1795927,0.13036367679653568
1795938,0.12723950934082562
1795942,0.10500939363428771
1795982,0.10080226767291421
1795986,0.10297172134144579
1796000,0.10572503460922296
1796005,0.10503183284446262
1796024,0.10948690675189492
1796054,0.08801468179191345
1796070,0.10507312121178625
1796086,0.097374040616164
1796108,0.09089951355102792
1796117,0.09198642087353083
1796119,0.11505877711306246
1796151,0.11956714831993892
1796196,0.0795182024853674
1796222,0.09773131478079614
1796223,0.09783785542238223
1796236,0.09131445717772677
1796244,0.11571682387348683
1796255,0.08785987744082507
1796257,0.08449518985236645
1796258,0.0055658748702058615
1796334,0.10413795414341448
1796343,0.08844270969306649
1796388,0.09057047643451893
1796395,0.09674406236679399
1796427,0.11844815674131845
1796429,0.11549871771256856
1796435,0.08690753110841568
1796449,0.11073887411860904
1796461,0.001879460203007126
1796467,0.0983563678683408
1796490,0.10870089926201455
1796505,0.09543319182027793
1796526,0.10990277079473634
1796528,0.1098571660660702
1796559,0.026462990962477877
1796563,0.6078620010525295
1796607,0.10404132088649082
1796622,0.0756910240370077
1796627,0.0761397378205801
1796720,0.11592290592863312
1796772,0.11794860470000283
1796908,0.09952115359604265
1796931,0.09680299308291683
1796935,0.14158740344735335
1796950,0.12470313724174523
1797061,0.13791403262943408
1797108,0.11267342820117546
1797131,0.10683111230758631
1797226,0.0933869741620857
1797236,0.11331116330274356
1797296,0.10718434781671712
1797417,0.1025781750039262
1797456,0.121278673865649
1797488,0.09923639163201366
1797490,0.11918712495299849
1797550,0.10315559689322472
1797769,0.12523894751532913
1797848,0.008233639334440044
1797895,3.193156999079321e-6
1797942,0.039532532175837055
1797955,0.10835593171361153
1797971,0.008136688692884248
1798027,0.10757988712069975
1798169,0.13253418633535877
1798184,0.13708222870655726
1798232,0.0023359624639370034
1798324,0.1063502933388739
1798345,0.09934961392539993
1798351,0.12025692207597205
1798481,0.09083627370540895
1798607,0.002107069007611726
1798633,0.0883941031351122
1798645,0.08910712488818609
1798658,0.10918128974549043
1798747,0.027758606439705215
1798848,0.09829690090193553
1798938,0.1017632934875877
1799041,6.886943258825951e-10
1799043,0.10343009931106745
1799137,0.12078465193989056
1799177,0.10567821124462246
1799193,0.09879097682643136
1799194,0.10065210286319345
1799206,0.12307241788479148
1799215,0.029972901042000438
1799229,0.11484512623067959
1799231,0.11114454737631982
1799259,0.007470425159503824
1799344,0.4582765102251558
1799598,0.07551528634074237
1799704,0.13277767135567353
1799764,0.12953289269595436
1799768,0.10864663125002393
1799796,0.11289554334182149
1799863,0.10823958943142727
1799873,0.10875060540594823
1799898,0.11400658752060502
1799993,0.12698181426382868
1800015,0.10637577134870534
1800016,1.0693047652387037e-6
1800027,0.11302370446760522
1800036,0.1373188496745515
1800039,0.008385217085635496
1800089,0.10039436987556839
1800102,0.12114086856715404
1800125,0.09299031276964706
1800137,0.11255173966428932
1800169,0.002255936244234703
1800173,0.09430527639739114
1800211,0.11433751602080595
1800221,0.09751804669976873
1800318,0.11587610343151324
1800319,0.11470969956885883
1800357,0.12614371361219132
1800361,7.684822082937833e-11
1800409,0.0012266935416411758
1800445,0.09782439043721011
1800498,0.04560881736792847
1800520,0.04754023909332593
1800725,3.712403369234535e-4
1800817,3.4602908520605546e-4
1800974,5.171385901102325e-4
1801221,0.0014785173833248223
1801234,3.5638623091038796e-4
1801251,1.51141823475023e-4
1801491,2.538352908930742e-4
1801749,1.3371408572981463e-4
1801751,0.0016660093798414452
1801786,1.1107376729739244e-4
1801883,1.229951299269234e-4
1801974,1.158669743480525e-4
1801987,0.0011117022979792572
1801991,1.0228971131182975e-4
1801998,9.666317965742672e-5
1802018,1.0060683624959173e-4
1802172,2.654253809611606e-4
1802175,1.2616068306376888e-4
1802177,1.2654356850231408e-4
1802206,1.3632808865540958e-4
1802223,1.3626359151648084e-4
1802239,9.845907968213878e-5
1802287,1.0416277768952024e-4
1802396,0.0017219869745309017
1802407,1.436953184354077e-4
1802445,0.0013205647223100488
1802527,1.1455557742123264e-4
1802547,0.001013432206823581
1802665,2.623381682544307e-4
1802710,1.324760347130272e-4
1802799,0.0017284176752176315
1802996,7.800347912084051e-4
1803396,4.522687272509254e-4
1803448,4.587061878542973e-4
1803600,0.001620702009757091
1804735,0.1668298496237451
1804844,0.15470252155529038
1804868,0.12823347545051988
1804873,0.1282334754505199
1805141,0.12004861119092171
1805167,0.11815678288419822
1805240,0.13097591890086627
1805256,2.6627358040825144e-8
1805409,0.10955937440337042
1805424,0.11447067532320004
1805430,0.10807345107155612
1805492,0.12642730607919042
1805509,0.007105402374781942
1805511,0.12554397870628883
1805656,0.1254942204729413
1805778,0.11880517678561618
1806024,0.07192562871292524
1806374,0.09990463422999638
1806379,0.09967018430938744
1806411,0.08607836085620517
1806421,0.08117200133993172
1806471,0.08725545117444432
1806836,0.09848111273587139
1806884,0.09677142567082342
1806905,0.0019051990050770334
1807018,0.06600239577123837
1807024,0.058794361860792566
1807101,0.09092637179723402
1807147,0.10087260315869791
1807189,0.10517624310246247
1807205,0.23048718180622674
1807412,0.09141673986201461
1807446,0.01634347626874182
1807458,0.01559642797471234
1807505,0.015590976167426537
1807506,0.01556582529864085
1807508,0.01616217137586985
1807540,0.016155849615356724
1807824,0.013759823554083533
1808245,0.008808773042836832
1808279,0.008488039615499241
1808444,0.0036233360633047915
1808539,0.024630150479217558
1808683,4.217075326312258e-4
1808810,0.008157897595832584
1808811,0.008131940144402976
1808888,0.0024551024729940717
1809020,0.002512741424009631
1809108,0.00908541013994833
1809264,9.257832700205156e-4
1809292,0.011319675886611005
1809301,0.011357108715949056
1809315,0.010184301467225007
1809376,0.010884332182483187
1809387,0.0011882650033649622
1809516,3.1850403267270395e-5
1809575,0.010738476700258192
1809581,0.010670631805230249
1809595,0.010892660269859147
1809798,0.008985205649384398
1809833,0.008727246312536121
1809894,0.0037003353284218343
1810018,0.014201434035268926
1810057,0.009989146898945696
1810105,0.002047506917783812
1810109,0.008138766781072039
1810673,0.503338269707407
1810711,0.006403601137976085
1810723,0.5616689351347753
1810748,4.0838739603959046e-4
1810751,0.006934642216486504
1810756,0.006881382607026478
1810786,0.0069417001821238935
1810799,0.007324192806702198
1810803,0.007773240606625185
1810810,1.1385997856201413e-4
1810854,0.011268193441006743
1810859,4.460931140611862e-6
1810860,0.01174834869571146
1810862,4.684867765871338e-6
1810875,0.01172327736147674
1810879,0.010084389537959605
1810885,0.011314073395325959
1810924,0.01973236993350588
1810939,0.021373753416831485
1810940,0.021373753416831485
1810957,0.021354129516061245
1810959,0.0212794225244199
1810974,0.21873407364189204
1811013,0.0014657710180428142
1811048,0.0012971441597794085
1811667,0.008215206595345165
1811678,0.024804883330914573
1811729,1.7476709687441855e-4
1811784,0.004498734340554243
1811792,0.0035930046285332306
1811793,0.0035847548806336445
1811900,1.303225009027942e-4
1812023,0.0044477035273291915
1812035,5.1714794716634e-7
1812056,0.0034336675637768165
1812208,0.002416357111546051
1812234,0.34367333038816184
1812294,1.5352269608076066e-6
1812346,0.0075375056634780615
1812349,0.0037136460312001546
1812408,0.003677572080208681
1812472,0.003640102274650014
1812498,0.00363132074507824
1812577,0.02304975342589741
1812595,0.022780163081896017
1812707,0.0037993992189042968
1812773,0.35964650687901534
1812936,0.024380550177267396
1812966,0.0035562755103704527
1812973,0.0035564360455982063
1812997,0.02541109273451237
1813327,0.006757837099109949
1813450,0.003648628726513177
1813479,1.467283855784952e-4
1813517,0.0032479633491537705
1813541,0.0022216418428438306
1813554,0.0018964562084033373
1813586,0.007927093509818177
1813710,0.0013001041720075623
1813741,0.0016507378192136928
1813806,3.9213341507830524e-4
1813817,0.0022900431707176434
1813913,0.551850107869754
1813941,0.02298207609054679
1814076,3.140867897027733e-7
1814080,0.0033726208217619994
1814113,0.002340000827982052
1814123,0.0028086685838039334
1814139,1.5514648671452885e-7
1814173,0.002803359981226597
1814182,0.3326992618877538
1814184,0.33957816504433425
1814326,0.0054827479397775965
1814340,0.0033835239737978937
1814358,0.002863933976542786
1814370,0.002773134677504827
1814374,0.022248914516629557
1814419,0.003082899887606055
1814472,0.003333752814039757
1814486,0.0032554213890596396
1814510,2.2679463257567782e-4
1814518,0.002515353607566853
1814650,0.36923044806199246
1814685,0.0023070479206494486
1814705,0.002179995806955316
1814715,0.001390534937802272
1814721,0.0016040006463375548
1814727,0.0018627081858075866
1814731,0.0017847793103517105
1814734,2.559597018641547e-4
1814782,1.2616936066643517e-4
1814836,0.0013599745874568693
1814879,0.0022277000421483816
1814961,0.0034631309933699462
1815010,0.002343456784190546
1815012,0.002343456784190546
1815081,2.0144540846843035e-5
1815115,0.003658864632923413
1815123,0.007200240675469952
1815167,4.318803473448262e-5
1815186,0.0033930068724164126
1815229,0.018489949170811648
1815302,0.0024596874665495576
1815322,0.007136992742100834
1815357,0.0035430262558537157
1815455,0.0038635989901732773
1815459,0.002522368241557541
1815476,0.0037150915364766914
1815485,0.003767489787889899
1815536,0.003641840365464764
1815550,0.0036414968608145942
1815572,0.0036497691485895944
1815596,0.02367612983651202
1815687,1.2668144534134862e-6
1815695,0.0037478612334957725
1815709,0.003862854262292466
1815786,1.523312501780357e-4
1815802,0.0033541097148197157
1815823,0.002722297547415428
1815835,0.008176483612438718
1815929,0.0034455110588048096
1815975,0.001028569442206378
1816003,1.3684612154663117e-6
1816024,4.134825704867437e-9
1816025,0.0035564360455982063
1816033,0.019129093022163084
1816137,0.003757155845195275
1816209,0.5989199599282046
1816224,0.003715091536476693
1816232,0.0037228527048637334
1816262,0.0036694127686788727
1816274,0.007300194155116377
1816317,9.290526655194021e-7
1816320,0.001904113447998061
1816378,0.003445815888308752
1816394,0.003461542326781617
1816398,1.0552307491577835e-6
1816407,7.808876353594898e-7
1816424,0.007140981625788558
1816531,0.0031964280991059885
1816536,0.010692991525317557
1816545,0.003050102879687606
1816577,0.003226645879065348
1816679,0.002449059819284074
1816690,0.0037308582215742655
1816698,0.003722621207232122
1816820,0.003687199405491991
1816864,1.1347304722947572e-6
1816900,0.003739104338836278
1817066,4.909857079209037e-4
1817088,0.002581331982966464
1817139,2.1447931283038866e-4
1817143,0.0017701750191699236
1817183,2.1852910211490266e-4
1817252,9.522428873888939e-7
1817324,0.0035895187181682452
1817338,0.0034336756037380194
1817393,0.0035810584407812863
1817394,0.0035810584407812863
1817405,0.0037137413463831422
1817415,0.0037222851818392855
1817421,0.0037219499412643824
1817424,0.0037219499412643824
1817434,0.031273702977254667
1817667,0.0036414968608145925
1817680,0.3579265513105845
1817702,0.0037505446675143647
1817747,0.0037511297047740323
1817758,0.003759315473654658
1817937,0.003531553303818895
1817989,0.0035310000497219976
1817993,0.003377484271275388
1818020,0.0033696562070563217
1818022,0.0033696562070563217
1818106,0.0034335299129044407
1818597,0.0034462419436086084
1818600,0.003454266899868417
1818618,0.0033826317880841722
1818628,0.0032919500505601534
1818637,0.0033175167377167505
1818647,0.003317390262340398
1818670,0.003353375662496364
1818680,0.0028806941914872363
1818707,0.003167573677838182
1818737,0.0031893142247510975
1818813,0.0036197088892768537
1818819,0.0036197088892768537
1818828,0.00362786615980851
1818888,0.0023787513893253386
1818901,0.0037483391431783726
1818910,0.00358426618169647
1818962,0.003600803707093883
1818972,0.007248414342361979
1818976,0.0035825880398854507
1818981,0.00377400087532667
1819036,0.003809581333392612
1819049,0.0037210854367038734
1819081,0.003721418313855093
1819087,0.0037467643686267564
1819088,0.0037382869782247776
1819102,0.003933571087909341
1819126,0.0037746862057414505
1819172,0.0035752531433309183
1819200,0.003616297467500093
1819217,0.0037821885419895953
1819228,0.023760459034876155
1819457,0.0034540962692864276
1819695,1.4192877251348578e-4
1819756,0.008084192814774254
1819816,0.017363147316683293
1819905,0.0037965548750509923
1820039,0.002416357111546058
1820046,9.653454365353985e-7
1820253,0.003075271857154856
1820535,0.006356104747182085
1820585,0.003009828035972015
1820618,0.007406069642240154
1820664,0.0018610300764297792
1820743,6.611303018897567e-4
1820761,0.0036273046547647338
1820792,0.003673031139754941
1820800,0.00355566131449021
1820802,0.0036167805227321726
1820809,0.0036251431451782097
1820834,0.007895627821702965
1820861,6.142600691841859e-7
1820894,0.0037625490792075585
1820900,0.003824208379319321
1820920,0.003954586362325951
1820955,0.0034158530081333234
1821011,0.004002396073116451
1821065,0.003913516557640764
1821068,0.004074890920258062
1821074,0.003913063154930938
1821112,0.0035427314296873373
1821120,0.0032762921311787112
1821129,3.6973796241413894e-5
1821166,0.5416647641480787
1821167,0.0036273748226353076
1821203,0.003331950947084019
1821213,0.0035148651966109877
1821307,0.004411156710251169
1821313,0.0032648314616942867
1821383,0.004727544593429407
1821405,0.023580719515001305
1821417,0.004754805999142343
1821443,0.0012336031999563208
1821493,0.0047794700151653205
1821495,0.5620360098172434
1821496,0.0048200479700004776
1821513,0.00483742473661424
1821518,0.004756732812164102
1821521,0.00487228742034409
1821538,0.004924742926697055
1821562,0.004683312642226549
1821586,0.00477769991180094
1821633,0.0036210534853395584
1821685,0.004431876144939672
1821687,1.7974815967273805e-8
1821696,0.004158275437746472
1821710,0.020332073690416032
1821718,4.870876071682758e-6
1821722,0.003956998026832812
1821730,0.004108874909952277
1821738,0.004111927573985004
1821759,0.0038869898546993746
1821760,0.0038868372652138745
1821775,0.0034718944261548463
1821779,0.0034883463630208515
1821793,0.003125541663051436
1821828,0.003332408857375497
1821831,0.003340349566762936
1821848,0.0026684466721484585
1821854,0.002693837223930531
1821860,0.002577157108564851
1821892,0.0025285888400330553
1821900,0.0024823119363026522
1821905,0.003693946533432703
1821923,0.0034525694585380287
1821933,0.0037729596092498444
1821944,0.0037215061989307697
1821962,0.004002022036849819
1821969,0.004148883138140076
1821970,0.0041587223547244825
1821977,0.004394130392661687
1822003,0.004746547727567545
1822019,0.004592308873556559
1822021,0.004592308873556559
1822075,0.004797389830011461
1822086,0.005074639547105793
1822101,0.0048439415269047785
1822113,0.005104603231382342
1822120,0.0050810645306347615
1822122,0.0050810645306347615
1822133,0.0052928708438115726
1822148,0.005311032207953567
1822164,0.005010752896861226
1822165,0.004798323738387261
1822211,0.004638306494267244
1822220,0.004622833656809506
1822249,0.005055524992578529
1822272,0.004847633286007488
1822287,0.535730681546343
1822346,0.003584706424072909
1822406,0.005076884536639423
1822433,0.0049205259044706314
1822459,0.005288258656688349
1822486,0.023826330542401745
1822491,0.006594415652304128
1822493,0.005324889713493845
1822512,0.005326188589445345
1822516,0.005339264813096147
1822542,0.005223842295699413
1822557,0.005129854078012702
1822581,0.005072216792686161
1822584,0.005060401962444754
1822600,0.005083186034093913
1822601,0.005042187778813174
1822618,0.0071199931326054846
1822635,0.004813524379758724
1822668,0.004897163203789507
1822707,0.004943244599251612
1822735,6.458915098208763e-9
1822779,0.004953880795148533
1822802,0.0047689376502651855
1822819,0.004697927331568364
1822856,0.004860686102064006
1822896,0.00500300060192334
1822910,0.005118845611646535
1822949,0.004991753700132668
1822951,0.004991753700132668
1823004,0.005209118798757258
1823020,0.005234049474943702
1823046,0.0052462604841011715
1823048,0.0052462604841011715
1823053,0.0052578163620806365
1823071,0.005258513962960849
1823073,0.005258513962960849
1823086,0.005256426196726528
1823088,0.005256426196726528
1823112,0.0052595653015888024
1823115,0.005023591616951557
1823118,0.007213930860317393
1823122,0.0050240435508744396
1823141,0.004821786331057393
1823171,0.00481036782710338
1823189,0.0050768898894127295
1823276,0.005368648803639256
1823286,0.005366600258343614
1823313,0.005280923117039284
1823322,0.005262098467676437
1823329,0.005268709601962325
1823347,0.00528352719524453
1823363,0.005271890755223087
1823372,0.02285652800978332
1823394,0.0024495586348688126
1823412,0.00508365718834615
1823422,0.005030851324807716
1823490,0.005186229959989833
1823537,0.0051487609963636665
1823542,0.0049307446460641795
1823557,0.005001182807786164
1823561,0.0050128402917525355
1823573,0.004954135931930279
1823591,0.004791492824217331
1823623,0.00496574225888774
1823628,0.0032658671099217726
1823646,0.005127567398786261
1823683,0.0051004648074704515
1823685,0.005134821704174008
1823710,0.005170696555992226
1823715,0.005171089814407737
1823722,0.005183145886611677
1823723,0.005183145886611677
1823727,1.3954328635264199e-4
1823742,0.005171879188648292
1823752,0.005184376040558629
1823755,0.005184376040558629
1823772,0.005425371693647678
1823802,9.991894932918797e-5
1823819,0.005289533228250774
1823832,0.005233635551216642
1823837,0.005439242592803448
1823838,0.005220300273981901
1823860,0.005233009053950617
1823876,0.0050595342807439134
1823900,0.005119485577184797
1823945,0.005216507746618572
1823964,0.00536589573825302
1823992,0.004933507833573998
1823993,0.004945162881899166
1823999,0.09954327528471638
1824018,0.004871407980017889
1824030,0.10243273502198767
1824115,0.09193669027947902
1824138,0.09245972500909376
1824139,0.09189440735314748
1824151,0.05380398660191114
1824153,0.09158865911690135
1824189,0.08934205842139674
1824228,0.09298343947429423
1824242,0.09150551094299578
1824257,0.0863779327165115
1824266,0.003498422495605823
1824290,0.07432137345963129
1824320,0.007056423311707927
1824344,0.0022936703569777805
1824440,0.032877916020264394
1824451,0.010959856784514256
1824462,0.012815842678935502
1824465,0.008789224216511083
1824604,0.46853261761525183
1824633,3.282762226976011e-4
1824634,2.699862768017033e-4
1824644,0.0035643305185122536
1824649,0.0835743939634278
1824667,0.1991840021048651
1824700,0.001699471798722707
1824763,0.11522915039748437
1824780,2.4487607270395374e-4
1824803,1.5947905740273954e-4
1824875,0.4734265442421567
1825193,0.008985898701720545
1825197,0.09713373368354988
1825255,1.5082881939786053e-4
1825318,0.5165884559250081
1825379,0.1870655281911686
1825626,0.004262908293941412
1825650,0.002229906690655573
1825653,0.0020074290653354218
1825673,0.001182323403356624
1825676,0.0010080056915642772
1825678,0.0010470037244699583
1825711,0.002258976167757557
1825744,0.0023136712642191216
1825746,0.002319387111422059
1825762,0.002510962566515865
1825763,0.0024037491585375344
1825822,3.4143824197226345e-6
1826243,2.4610073323902014e-4
1826247,0.4116499508586308
1826476,0.394644380495047
1826535,0.006447642855442162
1826596,0.01410095574499049
1826669,0.4723004582137754
1826696,0.019414672220761382
1826765,0.01677843029563296
1826810,0.01673246187606417
1826855,0.015644770690800707
1826859,0.015644770690800707
1826879,0.015694400017462435
1826888,0.015663788674358414
1826907,0.015646257189892904
1826930,0.015620219754733652
1826940,0.01576252074537334
1826951,0.015424695119816128
1827002,0.01581915542571751
1827077,0.015817787222993603
1827087,0.016044600090675702
1827159,0.015795761062076457
1827197,0.015343231172557464
1827246,0.01631173457761875
1827308,0.016436863680996398
1827327,0.01963378788817561
1827443,0.013456392894159105
1827550,0.014754411069191382
1827788,0.0014678447913888516
1827872,0.016368168468424593
1827952,0.016266973003370596
1828396,0.016394015155125768
1828493,0.01710201160877138
1828549,0.019609305023264523
1828654,0.014077603509423565
1828675,0.014568348795940525
1828677,0.014606447828186682
1828744,0.015321750055987375
1828823,0.014664098238344973
1828847,0.014949896308178225
1828924,0.016422248553046765
1828942,0.016402652045667255
1829086,0.0076295121298843365
1829306,0.016273366368715028
1829534,0.016139344140733848
1829586,0.01684121057365289
1829690,0.016995207327150246
1829772,0.016995473699140246
1829909,0.008759887299624146
1829953,0.01626568236026187
1829977,0.016396390203202355
1829990,0.015800752785279728
1830028,0.0158208319143296
1830079,0.015094542124182975
1830169,0.005789826627437752
1830311,0.0047360898227209345
1830313,0.004758857941759572
1830320,0.004758650058482883
1830324,0.004747232942737657
1830365,0.0030314950376928544
1830395,0.0045346786955499955
1830396,0.00447671720461929
1830416,0.0047466930960196356
1830417,0.0047466930960196356
1830425,0.00442442796167087
1830438,0.0033649740203071086
1830451,0.0047060349985276915
1830507,0.005479787970775877
1830524,0.00552865065545183
1830591,0.008363980018901308
1830610,0.44625588970913255
1830613,0.4462781306094132
1830615,0.4194937417842221
1830639,0.47109992739055984
1830685,0.47274023738468446
1830720,0.4728132696697138
1830746,0.003720964284374874
1830753,0.0037577597311465455
1830773,0.4406290217458857
1830946,0.06274295527563478
1831015,0.014456141550182485
1831039,0.013695432303966377
1831072,0.013299720585768565
1831133,0.03306987323140384
1831142,0.03649416828232851
1831183,0.036065120344512806
1831210,0.03666689313226133
1831376,1.0223531515625145e-6
1831448,0.0037055418133426707
1831524,0.007454865132548365
1831659,0.19201047057825685
1831888,0.031929106384590684
1831933,0.021744293290056088
1832000,0.02417910346279477
1832043,0.025437803452071243
1832317,0.012023829388295567
1832320,0.012023829388295567
1832338,0.012200086878526103
1832660,0.01310711093265352
1832678,0.013048088277658
1832697,0.012543388491665296
1832734,0.007783279177629274
1833113,0.0014418768866443364
1833318,0.012401858107184707
1833353,0.011730087433933844
1833368,0.007481134213712195
1833414,0.006478470276805158
1833417,0.0064938976488385
1833418,0.004333336566828297
1833426,0.004523640145841778
1833429,0.004534320589647577
1833435,0.006682931076873054
1833437,0.0068138335450853935
1833440,0.006682931076873054
1833441,0.0044963939105907
1833442,0.004496591965263768
1833464,0.012974415809257721
1833491,0.012619539077962887
1833509,0.012552008955961213
1833601,0.010307720912123583
1833602,0.010332984247898708
1833618,0.010386947073881157
1833693,0.03409919358854641
1833782,0.0137845443238182
1833846,0.005479032612699564
1833901,0.013414546724741048
1833939,6.079692086817526e-6
1834017,0.014059672937806593
1834019,0.012815523634754914
1834038,0.014374072523615358
1834162,0.0445189541674167
1834183,0.014257919414392238
1834198,0.011867583379822586
1834202,0.013557822079663554
1834205,0.013503950760070054
1834235,0.014109926213639786
1834245,0.014062851579900774
1834271,0.013358792135347013
1834310,0.031127141241756084
1834322,1.1565167610645155e-4
1834372,0.057567375567197245
1834429,0.004428020613117284
1834453,0.012932283428776774
1834459,0.0021382583108956583
1834471,0.001441178001446043
1834478,5.87243284099329e-4
1835092,0.0017775950041988879
1835153,0.009230502960545908
1835260,0.030110431920572427
1835643,0.0032566813755116365
1835786,0.06741756586367895
1836296,1.8894532315695854e-4
1836576,0.2139938688151738
1836724,0.003876719140299821
1836727,0.003977120594431499
1836729,0.0037835638666658534
1836738,0.0036871994054919525
1836752,0.0027282967329760916
1836765,0.002716374864154726
1836766,0.002716374864154726
1836768,0.0025853711128138845
1836791,0.0020476633264701278
1836797,0.0019742317792034204
1836972,0.03876106156561791
1837123,5.507998016780688e-7
1837232,0.012157816396173124
1837233,0.012157816396173124
1837235,0.012330576088272295
1837250,0.0025697015914525625
1837257,0.012854989618119969
1837258,4.417233955677336e-6
1837275,0.01233702963248408
1837283,0.012487548444462255
1837284,0.0124839783803865
1837307,0.01249399646589233
1837319,0.013132218471918328
1837366,0.013676074422728817
1837507,0.012942278586652377
1837533,0.013717205489198914
1837534,0.013728320819064863
1837535,0.013659323363512286
1837552,0.014486770726232313
1837569,0.014569468640986152
1837575,0.01584952351494345
1837595,0.014537968315479452
1837623,0.01352354924186649
1837646,0.013122371863711796
1837650,0.013089280156062809
1837652,0.013037151479657763
1837657,0.012729417503991074
1837661,0.012577140672285717
1837694,4.963089296020051e-6
1837867,0.00792355249810463
1837901,0.01163222122087951
1837964,0.05910357769400939
1838004,0.028499217110526796
1838159,0.007805835714938821
1838207,0.022187806817076362
1838329,0.0015464322452280483
1838679,0.007391826708345314
1838714,7.147245527791259e-5
1838719,0.0011355440209939126
1838723,0.002349841795959888
1838731,0.0028523622902151716
1838735,0.002449377368269103
1838757,0.0024283024523768294
1838765,0.004037035181215365
1838773,0.004026531233703546
1838777,0.003869684626990989
1838788,0.004724937642544102
1838813,6.195991548645445e-8
1838848,4.067715001102348e-6
1838949,0.014022075539217263
1838957,0.006837764752121708
1838974,0.007817425612932628
1839026,0.04131749422704849
1839052,0.0018904095031748412
1839077,0.009346301204188785
1839131,0.005220755862084251
1839134,0.019805962250739693
1839155,0.0022904525532684824
1839177,0.00666206278550495
1839178,0.001982652663773866
1839226,0.006078642333618438
1839422,0.005057556123562803
1839451,0.003175860385528434
1839457,0.0010991381278629754
1839471,0.0010515037486291366
1839472,9.986642047364273e-4
1839473,9.92080728502345e-4
1839486,0.005667138986007307
1839511,0.00875641207010698
1839516,0.05685737155787819
1839561,0.006403662332923044
1839735,0.0017574425482192646
1839736,0.005280862407510508
1839753,0.006190051236912986
1839790,0.0025458412507876607
1839822,0.0022845008294876397
1839841,0.013497145551148195
1839853,0.013458384401453227
1840104,0.0028821544795665606
1840105,0.0019766172003523514
1840106,0.0019694529527984426
1840107,0.0019694529527984426
1840119,0.0020595717083988162
1840124,0.0021252995881411232
1840126,0.002133015469636794
1840134,0.0023039234749158656
1840140,0.007319245456905121
1840143,0.0023691932884110016
1840145,0.002360662603588495
1840147,0.002352177918280216
1840149,0.002360662603588494
1840151,0.002352177918280216
1840158,0.0021704253218673975
1840164,0.0020877502291391575
1840165,0.0020877502291391575
1840176,0.0020186350516825918
1840184,0.0020214679898555
1840192,0.001854174824227172
1840270,0.009237734099350728
1840280,0.009073563475644992
1840285,0.009498421273012472
1840291,0.009965717885952621
1840297,0.010753872412627968
1840301,0.011874266832424152
1840304,0.06193694511334375
1840309,0.011657259529356893
1840326,0.011278450871197951
1840334,0.011231612394861798
1840354,0.005984277983662518
1840359,0.007294348725402994
1840361,0.007066285189705848
1840365,0.008304433294684613
1840370,0.008277268777346643
1840374,0.008020261298334769
1840376,0.007537345436589855
1840522,0.0013405005622698907
1840536,3.995706523056424e-4
1840584,0.01422025319701553
1840590,0.013649406824978446
1840622,0.014616613460792117
1840628,0.007698482269157271
1840634,0.014488433525515109
1840685,0.01352781982346003
1840686,0.013493702705352427
1840691,0.013597150055696219
1840705,0.012634596484597214
1840707,0.012390649030960616
1840849,0.010550455358620685
1840857,0.010147194755101032
1840866,0.009251553948839926
1840870,0.009592069963048904
1840875,0.009531621167344198
1840876,0.009623232271782824
1840878,0.009689988161817487
1840879,0.0096044522897065
1840886,0.007135099088191085
1840901,0.010497024911833736
1840923,0.011299987519938298
1840926,0.011331632180748553
1840927,0.0032468675722689623
1840934,0.011875778521665282
1840942,0.011805030549898812
1840950,0.011711062178789883
1840951,0.011707009577361663
1840973,0.01058782651486518
1840983,0.0022861215920582773
1841000,0.006894265207138853
1841013,0.010409105234846535
1841014,0.061202750475427406
1841027,0.01027490117949869
1841032,0.010316294703851196
1841035,0.010316294703851196
1841057,0.002021628071751758
1841074,0.011730173726285244
1841076,0.011237757366177534
1841095,0.011735134489005462
1841113,0.011075532316041154
1841122,0.010725011392215043
1841144,0.011562906443520714
1841145,0.011533770127665833
1841155,0.010985926975097118
1841156,0.004713701518568943
1841165,0.01647133284087054
1841168,0.011547765763776544
1841171,0.011569910308305918
1841182,0.01680261495722979
1841187,0.01155965075336068
1841188,0.01155965075336068
1841192,0.012138734928012972
1841193,0.011619050944426461
1841217,0.012271138808472448
1841234,0.011606937131823971
1841299,0.013999979825430473
1841316,0.0040366055230955915
1841367,0.013889311195884893
1841382,0.013865058578995336
1841390,0.013932518633971934
1841402,0.014032078582025364
1841407,0.014111876629112143
1841464,0.0030711806438037557
1841484,0.019029335265086048
1841491,0.014678023712400564
1841515,0.01457810362025747
1841620,0.01398910432308286
1841663,0.008510426231523576
1841703,0.01479521624758234
1841712,0.004108203316617871
1841751,0.013527315793640627
1841754,0.013527315793640627
1841765,0.013417494519460135
1841773,0.013338680571181543
1841777,0.003786264584803769
1841787,0.013472085547032402
1841810,0.012447134725362673
1841837,0.012781838397925356
1841851,0.012439440532022924
1841858,0.010545333365545573
1841862,3.6646618442218756e-4
1841865,0.011363664598756113
1841868,1.483290555391957e-4
1841872,0.010326636748946844
1841927,0.011745090948498729
1841931,0.011944674802696799
1841937,0.006817405253033565
1841948,0.012142439239945148
1841960,0.012531923919759387
1841967,0.012740233147516128
1841973,0.01273301090314168
1841982,3.479640644909493e-4
1842021,0.043770768081208465
1842024,0.013592954968716202
1842048,0.013431548715288573
1842069,0.013168597052560523
1842133,0.004408561688773658
1842212,0.006442281289335011
1842405,0.013160286249041676
1842431,0.013167214199868427
1842438,0.013234840942321071
1842449,0.01305765807281876
1842451,0.01305765807281876
1842452,0.01305765807281876
1842477,0.012410987780475339
1842485,0.012177271566672504
1842504,0.012065116299281841
1842512,0.012686362130268442
1842525,0.004662072968498085
1842532,0.011741219262599816
1842544,0.005422997346844107
1842562,0.0017291265746517954
1842580,0.0017376416418676578
1842631,0.018403648030564896
1842632,0.00691597785062679
1842750,0.0012734627962878895
1842788,0.008508018117516808
1842789,0.002445058765443171
1842798,0.048655769678159835
1842799,0.0022036515491795174
1842923,0.0060097141314588605
1842934,1.4969238310913368e-4
1843096,0.0012755815748220812
1843099,1.383082201203788e-4
1843214,0.016677470660500848
1843219,0.012355356947361328
1843220,0.004461010999541624
1843260,0.0133083814395399
1843314,0.03939530224097026
1843347,0.005111859927417945
1843370,0.004923705933383447
1843424,1.9665202200197464e-4
1843486,0.004935239388786263
1843501,0.005141829025796799
1843882,0.0027673121497552187
1843885,0.010153333388167294
1843921,1.4283014763976384e-4
1843924,1.4087066097878215e-4
1843934,0.007014423823341866
1843944,0.0027045856942474423
1843965,0.002700980180936561
1843966,1.440057387321023e-4
1843970,0.011822855279826112
1843974,1.0824422542240436e-4
1843987,0.0014014481066716687
1843989,0.001400636314538198
1844001,0.0020679484968898713
1844020,5.9331251334520035e-5
1844035,0.15374682397732403
1844110,0.002174733407278305
1844177,0.008792107257028881
1844210,0.0038921863403432923
1844217,1.9868221379652483e-4
1844286,2.883297740791407e-4
1844293,0.0017286482463617124
1844367,0.002763848364690054
1844502,0.0034185367063554115
1844549,4.479586009399916e-4
1844588,0.010648058686714552
1844601,0.010548319297962537
1844629,0.009670516067497553
1844671,0.0012760615208458207
1844686,0.0025872412962898426
1844755,0.011031082933853837
1844908,0.005120951341006282
1844914,0.0019585116325721756
1845008,0.003325348034454442
1845038,0.0032531679829730276
1845110,0.012102245336352265
1845131,0.012142297805996072
1845159,0.009957981460519743
1845176,0.011307410026078175
1845250,0.009914543979692176
1845257,1.3249225860127351e-07
1845258,1.3249225860127351e-07
1845276,0.004470693666523186
1845277,0.009961964891526023
1845324,0.010508069110635303
1845345,0.010909949264467825
1845349,0.010883020113714236
1845362,0.010797274237059267
1845541,0.010183316790205073
1845621,0.01019497540515883
1845707,0.0013842657384880953
1845982,0.004258858923434552
1846156,0.008136077339461768
1846195,0.008029734068195836
1846224,0.00996101126985556
1846709,0.0024772196073494113
1846816,0.010358496329527206
1846882,0.003137895755453508
1847311,3.740836603607991e-6
1847865,0.0011259096675904365
1848046,4.312601527148895e-6
1848217,0.0017088183388233899
1848225,0.009898786100764187
1848383,1.4192945081929318e-5
1848682,0.029897997580616228
1848721,0.008949093317267173
1849360,0.033419322727764066
1849436,0.001341212832595791
1849572,0.009934625591164432
1849821,0.001795485693321678
