genotype,peak_dose,miss_dose,human_score,disease_exg,dhurrin_tpm
BTx643,0,0,1.375,0.06654019974,
BTx645,0,0,,0.12092981678333332,2.91
PI152651,0,0,2.75,0.729408176959091,1095.6266666666668
PI153844,0,0,,0.15887965096363635,0.94
PI153846,0,0,,1.3351078969925925,33.65
PI156549,0,0,,,
PI17548,0,0,,,929.24
PI22326,0,0,1.75,0.0390357677,4.34
PI24969,0,0,,0.22509293778421055,664.0933333333334
PI276837,0,0,1.25,0.006871153582608696,692.4875
PI329435,0,0,,0.006633553933333334,
PI329440,0,0,2.6875,0.8952705564685713,827.5350000000001
PI34911,0,0,,0.08209392856666667,1462.675
PI35038,0,0,2.25,0.6142161361999999,849.6800000000001
PI48770,0,0,2.125,0.41298623889,1014.73
PI533745,0,0,,1.1273888008333333,8.43
PI533746,0,0,,1.17032912972,15.0
PI533747,0,0,,1.7908353712,49.26
PI533749,0,0,2.5,0.9878587843909091,2.87
PI533751,0,0,2.0,0.18533735390476191,9.4
PI533752,0,0,1.5,0.17689581048333333,505.5633333333333
PI533753,0,0,2.5,0.36594621873333333,2.71
PI533754,0,0,,0.5527159157888888,480.34999999999997
PI533756,0,0,,0.35679057194444447,0.93
PI533757,0,0,1.5,0.03847637632,928.8166666666666
PI533758,0,0,,1.166856881204762,292.6066666666666
PI533759,0,0,,0.46225655081333333,1298.73
PI533760,0,0,2.0,0.10247786615652174,1399.05
PI533761,0,0,1.5,0.3304769467478261,593.1266666666667
PI533762,0,0,,0.6989234065090909,1124.4633333333334
PI533763,0,0,2.625,1.6324500885818183,
PI533764,0,0,2.25,0.5223105716666666,22.17
PI533765,0,0,,0.9190352423,16.22
PI533766,0,0,1.25,0.2982131753043479,1136.0200000000002
PI533768,0,0,1.75,0.32299321276363635,
PI533769,0,0,,0.14961210272068967,476.91333333333336
PI533770,0,0,,1.1424492746666666,0.98
PI533771,0,0,2.75,0.28611858880476193,0.94
PI533774,0,0,1.625,0.07122576453783784,26.74
PI533776,0,0,2.75,0.9080159138888888,1321.71
PI533777,0,0,2.75,1.642777846425,37.28
PI533778,0,0,2.75,1.0601998625391305,0.49
PI533779,0,0,,0.05673720287,
PI533781,0,0,2.75,0.98783391482,
PI533782,0,0,2.5,1.4125231509789473,
PI533783,0,0,2.25,0.9329759633636364,150.37
PI533784,0,0,,0.8624021409642858,71.11
PI533785,0,0,1.75,0.40002385018333336,847.9200000000001
PI533786,0,0,2.0,0.2836354804,22.84
PI533787,0,0,2.0,0.978912469925,
PI533788,0,0,,0.5056021625357142,499.13
PI533789,0,0,1.875,0.15629090851578947,356.84666666666664
PI533790,0,0,3.25,1.18633243578,71.57
PI533791,0,0,2.75,1.28308843655,99.97
PI533792,0,0,,0.7929925155,512.26
PI533793,0,0,,0.06190974479,8.27
PI533794,0,0,2.0833333333333335,1.5270053992666666,205.00666666666666
PI533795,2,2,,0.8889803218962963,1.84
PI533797,0,0,2.0,0.32798967367272724,23.64
PI533798,0,0,1.5,0.15753743218333335,16.77
PI533799,0,0,,0.17864298475454546,410.35999999999996
PI533800,0,0,1.25,0.33007236851666666,816.6100000000001
PI533802,0,0,1.25,0.009790082516666666,2.12
PI533803,0,0,,0.9759528045470589,2.4
PI533804,0,0,1.75,1.0750496414615385,10.32
PI533807,0,0,3.5,0.8460727628333333,621.6033333333334
PI533808,0,0,,0.7373040428777778,58.98
PI533809,0,0,,0.79135138075,17.37
PI533810,0,0,1.625,0.8646359004,468.58
PI533811,0,0,,1.6668698766,74.54
PI533812,0,0,,0.3463847019357143,9.94
PI533813,0,0,,0.10373893399999999,164.18
PI533814,0,0,1.5,0.042055658100000004,627.1866666666666
PI533816,0,0,2.375,0.3066014542742857,0.52
PI533818,0,0,1.5,0.5410928211363637,23.69
PI533819,0,0,,0.8319843213217392,0.0
PI533820,0,0,,0.7418073164944444,
PI533821,0,0,2.0,0.44205980496153846,354.19666666666666
PI533822,0,0,,0.22583818094,484.2633333333333
PI533823,0,0,2.75,1.9628964679157896,33.37
PI533824,0,0,2.25,0.18715013914705883,332.32
PI533825,0,0,2.375,0.24066761902173914,18.45
PI533828,0,0,2.5,1.8108406880833334,2.76
PI533829,0,0,2.5,1.6300481344826085,10.6
PI533830,0,0,,2.476961612633333,666.7800000000001
PI533831,0,0,1.75,0.2986752926409091,1557.2633333333333
PI533832,0,0,1.5,0.5285962413181818,
PI533833,0,0,,0.7687017914,365.1266666666667
PI533834,0,0,1.75,0.03721124431818182,
PI533835,0,0,1.5,0.13025290268095238,32.47
PI533836,0,0,2.25,0.6763822665263157,253.34
PI533837,0,0,1.5,0.07713680371666667,35.02
PI533838,0,0,,0.4826535834,449.51
PI533839,0,0,,0.10673134755238096,1273.95
PI533840,0,0,4.25,1.3792368584181818,174.54
PI533841,0,0,2.125,0.5352747695166666,1194.8700000000001
PI533842,0,0,1.5,0.07704632310909092,7.71
PI533844,0,0,,0.0118046681,8.25
PI533846,1,0,1.75,0.8744723269666667,52.62
PI533847,0,0,,0.2708236540764706,10.79
PI533848,0,0,,1.0375463610434783,0.23
PI533849,0,0,,2.0948433389529413,
PI533850,1,0,2.0,1.2781132281142855,31.32
PI533851,0,0,2.375,0.31928431521333334,0.0
PI533853,0,0,1.5,0.14174521886842104,58.72
PI533855,0,0,,0.33551043788,174.52666666666667
PI533856,0,0,2.0,0.3837282046409091,761.005
PI533857,0,0,3.0,1.0205518517681818,13.28
PI533858,0,0,1.375,0.046721954170588234,
PI533860,0,0,2.1666666666666665,0.20702004780000002,0.14
PI533861,0,0,,0.226147702825,24.98
PI533862,2,2,4.125,2.017377989366667,
PI533863,0,0,1.75,0.13743998964285714,674.92
PI533864,0,0,2.75,0.293111579,0.93
PI533867,0,0,3.0,1.3408785488818182,1.11
PI533869,0,0,2.4166666666666665,1.21323587396,476.43
PI533870,0,0,,0.5257793135000001,22.58
PI533871,0,0,2.0,0.13361554564782607,1372.4966666666667
PI533872,0,0,1.75,0.09340986786086958,270.78
PI533873,0,0,4.25,1.3690942111650002,103.72
PI533874,0,0,2.0,0.9133336594333333,155.81
PI533876,0,0,2.125,1.317958586826087,1937.19
PI533877,0,0,2.5,1.0513360627894737,826.2233333333334
PI533878,0,0,1.25,0.2279344087409091,871.6566666666668
PI533879,0,0,,1.26740578854,
PI533880,0,0,2.25,0.6105248676333334,68.08
PI533881,0,0,,1.30518560895,152.84
PI533882,0,0,,0.06113171563333333,406.29
PI533884,0,0,2.5,1.068729665775,115.56
PI533885,0,0,3.75,1.3270420528391305,152.79
PI533887,0,0,,0.0582689081,102.63
PI533888,0,0,2.0,1.0642613392052631,35.03
PI533893,0,0,2.0833333333333335,0.4616938235166667,52.83
PI533894,0,0,,1.16878045505,18.25
PI533895,0,0,,0.37851870489,
PI533897,0,0,,0.5517928769238095,10.31
PI533898,0,0,2.0,0.3508705564,42.98
PI533899,0,0,2.25,0.83060728646,127.68
PI533900,0,0,2.5,0.58086030926,92.65
PI533901,0,0,,,565.525
PI533902,0,0,1.75,0.24319599838333336,606.49
PI533903,0,0,1.75,0.2876980774818182,414.78666666666663
PI533904,2,0,2.75,1.5256167837714285,113.14
PI533905,0,0,2.6875,1.2310284366228572,302.37
PI533906,0,0,1.9166666666666667,0.23992340296666667,16.21
PI533907,0,0,1.3,0.08271295097619047,35.01
PI533908,0,0,,0.4429956932466667,31.41
PI533909,0,0,1.5,0.9704203449,0.36
PI533910,0,0,1.125,0.08447608441764706,321.32
PI533911,0,0,1.5,1.4207186309333333,494.57666666666665
PI533912,0,0,,0.5255727342571429,735.7566666666667
PI533913,0,0,2.0,0.5756965811210527,30.32
PI533914,0,0,,0.36188153778260873,0.76
PI533915,0,0,1.875,0.7556207804612903,353.91499999999996
PI533916,0,0,1.9166666666666667,0.8037770082222222,7.37
PI533917,0,0,1.5,0.12728538707058823,92.29
PI533918,0,0,,0.15576180730526318,0.77
PI533919,0,0,,1.22783095146,136.36333333333334
PI533920,0,0,1.875,0.15193975324545453,43.64
PI533921,0,0,1.5,0.19825960976666668,1103.0033333333333
PI533922,0,0,2.625,0.7982361072476191,130.17
PI533923,0,0,,0.15062724619130433,0.15
PI533924,0,0,,0.12838848566363636,327.73
PI533925,0,0,2.5,0.529611458226087,6.51
PI533927,2,0,,,1868.98
PI533928,0,0,1.5,0.42294161732,13.37
PI533929,0,0,1.0,0.0065686227111111115,0.0
PI533930,0,0,1.75,0.2909224591909091,5.02
PI533931,0,0,3.5,1.8026321225565216,216.06
PI533932,0,0,,0.16076468975,
PI533934,0,0,,0.31910650717391303,87.86
PI533935,0,0,,1.619736672942857,0.21
PI533936,0,0,2.25,0.15703436140000002,1005.2066666666666
PI533937,0,0,1.75,0.3848664546742857,627.4399999999999
PI533938,0,0,,0.4956816578954546,519.34
PI533940,0,0,,0.1271163694277778,541.8466666666667
PI533941,0,0,,0.8304005960173914,52.06
PI533942,0,0,,0.7593749211333334,5.36
PI533943,0,0,,1.1837537791714285,643.13
PI533944,0,0,1.875,1.21009089485,243.44
PI533946,0,0,,0.08029353230000001,43.9
PI533947,0,0,2.375,1.12044168779375,110.62
PI533948,0,0,1.875,0.07800089390434782,655.67
PI533949,0,0,,0.40172269656666665,126.65666666666665
PI533950,0,0,2.25,0.71306715146,48.23
PI533951,0,0,2.5,0.5659903199095238,84.74
PI533953,0,0,,0.456091619,0.88
PI533954,0,0,,0.25027564178235295,533.495
PI533955,0,0,2.5,0.5145285297909091,533.13
PI533956,0,0,2.0,1.00024942802,5.12
PI533957,0,0,1.4166666666666667,0.14795677874375,375.8999999999999
PI533958,0,0,1.9166666666666667,0.539552707225,79.12
PI533959,0,0,3.5,1.8193129046869567,
PI533960,0,0,,0.20244350909333333,200.55
PI533962,0,0,1.25,0.28297108028571427,757.2633333333333
PI533964,0,0,,0.003316776966666667,2318.2466666666664
PI533965,0,0,,0.017954728683333334,81.40333333333332
PI533966,0,0,2.25,0.7200281892869566,20.78
PI533967,0,0,,1.1389756649,869.9733333333334
PI533968,0,0,2.3333333333333335,1.9542139428333332,0.07
PI533969,0,0,1.5833333333333333,0.17192741269545453,37.04
PI533970,0,0,2.5,0.4909680287666667,623.98
PI533971,0,0,1.75,0.7138822261666666,0.38
PI533972,0,0,,0.05346021278,1051.53
PI533973,0,0,1.25,0.18692752445454544,
PI533974,0,0,1.5,0.03695015144,19.41
PI533975,0,0,3.5,1.2182412641166669,1.02
PI533976,0,0,,0.4393963981833333,219.89000000000001
PI533977,0,0,1.375,0.23194123027368418,2.79
PI533978,0,0,,0.844547668555,4.25
PI533979,0,0,,0.08177681832727272,387.17
PI533980,0,0,,0.41202240725,796.61
PI533981,0,0,,0.07464791057777778,38.1
PI533982,0,0,,0.3598106264285714,21.49
PI533983,0,0,2.0625,0.21959074878666668,34.08
PI533984,0,0,1.5,0.08280597662222222,1.67
PI533985,0,0,1.5,0.24988285493749998,534.5733333333333
PI533986,0,0,2.0,0.26323491943157895,369.80333333333334
PI533987,0,0,,0.19046933961,657.2433333333333
PI533988,0,0,1.375,0.08441647183846154,0.08
PI533989,0,0,2.0,0.31526764366666665,507.6166666666666
PI533990,0,0,1.0,0.22134745359444444,0.19
PI533991,0,0,2.25,0.30173812764333335,650.87
PI533992,0,0,,0.44798578755,12.14
PI533993,0,0,1.25,0.24149790506666666,17.51
PI533994,0,0,1.25,0.034016695283333336,
PI533995,0,0,,0.8374853652157895,28.14
PI533996,0,0,2.25,0.5154061432142857,764.035
PI533997,0,0,2.5,0.17884161955555555,210.95333333333335
PI533999,0,0,2.25,0.3762847841666667,83.55
PI534001,0,0,1.25,0.10436468369999999,24.42
PI534002,0,0,1.5,0.33257216542,0.04
PI534004,0,0,1.5,0.3347070410285714,25.29
PI534005,0,0,,1.1825216634,14.7
PI534006,0,0,2.25,0.013043370673333334,4.76
PI534007,0,0,,0.04911797722222223,22.98
PI534008,0,0,1.625,0.14315580848333334,0.04
PI534009,0,0,1.1666666666666667,0.3387681529,453.62
PI534010,0,0,1.75,0.18175718750294118,70.09
PI534011,1,0,1.875,1.2397353502,7.77
PI534013,0,0,1.3333333333333333,0.26559876166875,145.32
PI534014,0,0,1.0,0.0033004378833333334,25.67
PI534015,0,0,1.375,0.0825173572952381,14.47
PI534016,0,0,1.625,0.7030172389333335,12.32
PI534017,0,0,,0.6751907875363636,0.7
PI534019,0,0,,0.2183471438285714,1.34
PI534020,0,0,2.75,1.0008773251166667,170.62
PI534021,0,0,1.5,0.13921350695,152.04
PI534022,0,0,2.3333333333333335,0.470107916575,
PI534023,0,0,,2.002583785114286,
PI534025,0,0,1.25,0.19349509466153844,109.56
PI534026,0,0,2.25,0.28914160163333336,
PI534027,0,0,3.75,1.6949587499142857,
PI534028,0,0,2.25,0.43737034188,127.77
PI534030,0,0,1.5,0.35976101683333334,147.73
PI534031,0,0,,0.4933686063304348,
PI534032,0,0,1.25,0.124624060545,7.64
PI534033,0,0,1.25,0.7830888953166667,
PI534034,0,0,1.75,0.8115977365333333,
PI534035,0,0,2.375,0.766453378209091,0.14
PI534036,0,0,1.75,0.09120110113,6.71
PI534037,0,0,,0.408385527955,1038.0566666666666
PI534038,0,0,2.75,0.5425068199086956,34.18
PI534040,0,0,,0.5105612577631579,35.32
PI534041,0,0,,0.15410808990869565,
PI534042,0,0,2.5,1.62265040595,
PI534043,0,0,1.75,0.057265212121739135,4.85
PI534044,0,0,1.875,0.4438307835695652,
PI534045,0,0,1.125,0.009877283275,0.43
PI534046,0,0,2.5,0.841690615726923,806.11
PI534047,0,0,,0.6149649429473684,535.415
PI534049,0,0,,0.019783402999999998,2.11
PI534050,0,0,1.8125,0.5253844957173913,43.81
PI534051,0,0,2.25,0.590405443068421,75.22
PI534052,0,0,,0.442012245275,
PI534053,0,0,2.0833333333333335,0.5600074915166667,250.5566666666667
PI534054,0,0,1.25,0.24271003566666668,626.0133333333333
PI534055,0,0,,0.8411564108333334,33.35
PI534057,0,0,2.0,0.2795386004888889,3.79
PI534058,0,0,,1.8505307997217393,121.22
PI534059,0,0,1.5,0.45961260756666666,40.6
PI534060,0,0,1.75,0.8666672055000001,22.49
PI534061,0,0,,0.2129420896,
PI534062,0,0,1.375,0.41168863919411763,171.63
PI534063,0,0,1.5,0.07198277143000001,2037.045
PI534065,0,0,2.5,0.9502563398388888,252.2
PI534066,0,0,2.25,0.5635835894529412,66.82
PI534067,0,0,3.25,1.5567802649,61.17
PI534069,0,0,2.3333333333333335,0.8487421875636364,61.23
PI534070,0,0,,1.9836512490333333,865.6866666666666
PI534072,0,0,1.5,0.2960454771478261,12.04
PI534073,0,0,2.5,1.39202370582,2.39
PI534074,0,0,,0.09715389155714285,0.37
PI534075,0,0,,0.488395206637931,1275.125
PI534076,0,0,2.0,0.4939876708,55.12
PI534077,0,0,2.25,0.44851428911052627,93.87
PI534078,0,0,1.75,0.2613318867235294,99.18
PI534079,0,0,1.75,0.06991705007272728,1978.585
PI534080,0,0,1.25,0.8440519500606061,48.5
PI534081,0,0,3.25,1.6821710734090909,93.86
PI534082,0,0,3.25,2.401777065408696,85.73
PI534083,0,0,1.875,0.56393264639,15.29
PI534084,0,0,2.25,1.2913492611666666,8.25
PI534085,0,0,,,13.6
PI534086,0,0,2.25,0.9296169781391304,
PI534089,0,0,,2.2753529363333334,60.58
PI534090,0,0,2.8333333333333335,1.4366644848999999,27.58
PI534091,0,0,2.5,2.5908578251666667,0.18
PI534092,0,0,3.0,1.2148770534526314,885.7333333333332
PI534094,0,0,1.625,0.22788064284999998,117.22
PI534096,0,2,,0.2715278449333334,1193.945
PI534097,0,0,,0.21401089238333335,755.29
PI534099,0,0,,0.1312986555857143,471.6
PI534100,0,0,2.625,1.37212666354375,5.92
PI534101,0,0,,0.8295996398500001,847.6633333333333
PI534102,0,0,,0.03146378932727273,0.12
PI534103,0,0,1.5,0.04465916962000001,0.58
PI534105,0,0,,0.34266197351666666,673.1466666666666
PI534106,0,0,,0.13163422106,4.37
PI534107,0,0,1.25,0.8542016414478262,1.1
PI534108,0,0,,0.4307726443818182,2.28
PI534109,0,0,,1.3252363491409092,19.46
PI534110,0,0,1.625,0.1447410614,4.49
PI534111,0,0,2.125,1.0794192407193548,
PI534112,0,0,,0.10540060398181819,334.4633333333333
PI534113,0,0,1.75,0.07563614825652173,20.88
PI534114,0,0,,0.5015891956333333,705.15
PI534115,0,0,1.0,0.7922244250449999,176.23333333333335
PI534116,0,0,1.6666666666666667,0.9024887315666666,707.22
PI534117,0,0,3.0,0.877102527111111,1331.1000000000001
PI534118,0,0,,0.333232335825,9.16
PI534119,0,0,,0.029778976164285716,
PI534120,0,0,2.125,0.46296853425,25.07
PI534122,2,0,1.5,0.289158782175,102.42
PI534123,2,0,2.25,0.43451225744285715,843.315
PI534124,2,0,2.0,0.62318409768,
PI534126,2,0,3.75,2.19230352625,138.01
PI534127,0,0,,0.12377211424666666,1038.4299999999998
PI534128,0,0,,0.0489177873368421,368.80999999999995
PI534131,0,0,1.5,0.1336380333590909,
PI534132,0,0,1.5,0.20163729957000004,716.98
PI534133,0,0,,0.47802971976,648.74
PI534134,0,0,2.5,1.19805213234,21.94
PI534135,0,0,,0.021749813933333334,89.775
PI534136,0,0,1.25,0.01731950235238095,58.9
PI534137,0,0,1.25,0.10204289024444445,742.6266666666667
PI534138,0,0,2.25,0.5439542668260869,
PI534139,0,0,2.25,0.48153552398,320.235
PI534140,0,0,1.0,0.04471961793333334,
PI534141,0,0,,0.3281945413,27.97
PI534142,0,0,3.5,2.4573913704514285,11.29
PI534144,0,0,2.0833333333333335,0.36043688204,734.7833333333333
PI534145,0,2,,,943.82
PI534146,0,0,,0.7192593223466666,16.58
PI534147,2,2,3.0,1.6891936751599999,84.33
PI534148,0,0,2.125,0.7083871691130434,1126.115
PI534149,0,0,1.75,0.0198026273,
PI534150,0,0,,0.580093959685,27.38
PI534151,0,0,1.875,0.09855048346363637,2.07
PI534152,0,0,1.5,0.27079853734000003,
PI534153,0,0,2.5,0.761312942925,0.44
PI534154,0,0,1.5,0.06440489611333335,111.34
PI534155,0,0,,0.0856844686,370.9166666666667
PI534156,0,0,1.875,0.14451264268181818,
PI534157,0,0,1.5,0.021396615950000003,474.85999999999996
PI534158,0,0,1.25,0.03125021721428571,
PI534159,0,0,1.5,0.0634706799173913,63.29
PI534160,0,0,1.5,0.1529647279043478,21.39
PI534162,0,0,1.875,1.3672072681714285,0.0
PI534163,0,0,1.25,0.4661387722111111,692.9066666666668
PI534164,0,0,1.5,1.3527214921000001,47.38
PI534165,0,0,1.0,0.03760542544615385,14.11
PI534167,0,0,1.5,0.45129543306086956,544.5500000000001
PI540816,0,0,1.75,0.2796201013757576,
PI542406,0,0,,0.009420850285714285,0.64
PI542718,2,2,4.5,2.762464729825,248.09333333333333
PI543243,0,0,1.5,0.10420072324761905,
PI544069,0,0,,0.6548504094800001,
PI548797,0,0,1.0,0.01634508849047619,531.3566666666667
PI552856,0,0,1.25,0.022991223800000002,179.95
PI552861,0,0,1.75,0.7354700043842105,9.13
PI554647,0,0,,,
PI554649,0,0,1.25,0.045019566233333336,
PI554650,0,0,1.25,0.05289943541666667,
PI554652,0,0,,,
PI554654,0,0,,0.6810016793142858,
PI555457,0,0,,0.060116390533333335,
PI561071,0,0,,0.25040894347142856,469.60999999999996
PI561072,0,0,1.5,0.14854216361666667,1046.165
PI561073,0,0,,0.022097939325,1667.0633333333333
PI561926,0,0,1.0,0.03044781635,
PI562621,0,0,,,
PI562622,0,0,,,
PI562623,0,0,1.0833333333333333,0.05677851105,
PI562624,0,0,,,
PI562625,0,0,,,
PI562730,2,0,,,
PI564085,0,0,,,
PI564163,0,0,1.25,0.338114266182117,716.2905555555556
PI564164,0,0,,0.12318205003636364,335.64
PI564165,0,0,,0.15623380938,497.02
PI565121,0,0,,0.047396220793939396,255.00333333333333
PI566819,0,0,,,735.765
PI574398,0,0,1.5,0.43382334281666673,
PI574406,0,0,,,
PI574407,0,0,1.25,0.08653264833333334,
PI576130,0,0,1.5,0.030326699234999997,675.365
PI576328,0,0,2.25,0.14116865999375,2.37
PI576329,0,0,1.0,0.8799302167333334,4.41
PI576332,0,0,,0.5154601314181818,537.6833333333333
PI576333,0,0,1.25,0.29887753788235294,692.0766666666667
PI576334,0,0,2.5,2.2280989955391304,
PI576335,0,0,,0.6709499733217391,
PI576338,0,0,2.0,1.4058893201666667,0.95
PI576339,0,0,,0.33020840395217393,558.1933333333333
PI576340,0,0,,0.10473278773333333,825.4333333333334
PI576341,0,0,1.5,0.2724317473368421,
PI576342,0,0,2.0,0.80326539258,
PI576343,1,0,2.75,0.8816884210045455,58.81
PI576345,0,0,1.375,0.7868525379,700.7766666666666
PI576346,0,0,1.75,0.57121858351875,
PI576348,0,2,,0.7923718097411765,1019.905
PI576349,0,2,,,1.62
PI576351,0,0,2.0,0.29545954435,13.69
PI576352,0,0,1.75,0.5470696596083333,627.9333333333333
PI576354,0,0,1.75,0.3330748042555556,
PI576355,0,0,1.625,0.1828133460681818,
PI576357,0,0,,1.16234111875,
PI576358,0,0,1.125,0.8051990443699999,0.04
PI576359,0,0,2.25,0.4864440169909091,711.6566666666666
PI576360,0,0,,0.2980049764851852,0.23
PI576361,0,0,3.875,2.9262273650833333,43.29
PI576362,0,0,2.0,0.1553706587894737,1.69
PI576363,0,0,1.5,0.10736510269999999,66.8
PI576364,0,0,2.125,0.41224407798333335,641.3633333333333
PI576368,0,0,,0.226014048575,12.44
PI576369,0,0,1.375,0.2621696016058824,23.56
PI576370,0,0,,0.62100861005,114.78
PI576371,0,0,,0.7177600417166667,0.1
PI576372,0,0,1.625,0.05769240842857143,15.09
PI576373,0,0,,0.28649868658695654,477.68
PI576374,0,0,1.875,0.05183160253333333,4.82
PI576375,0,0,,1.3104099757636363,213.42999999999998
PI576376,0,0,,0.3171639462333333,74.15666666666667
PI576377,0,0,,0.24320932655000002,
PI576378,0,0,2.4166666666666665,0.4359489742,27.17
PI576379,0,0,2.375,0.7284631878684211,
PI576380,0,0,1.625,0.09957922865238096,1143.54
PI576381,0,0,1.375,0.5202788431333333,435.28000000000003
PI576382,0,0,2.25,1.8888427310428573,32.23
PI576383,0,0,2.75,0.4470855519833334,5.65
PI576386,0,0,,0.02488694058695652,544.15
PI576387,0,0,,0.3047930848043478,7.47
PI576389,0,0,1.25,0.5380975587190476,8.08
PI576390,0,0,,0.7823620239000001,1488.3500000000001
PI576392,0,0,1.75,0.8485666843794119,5.43
PI576393,0,0,1.25,0.07131544253333334,470.26000000000005
PI576395,0,0,,0.24834997749545454,0.59
PI576396,0,0,,0.08747038772173912,574.9066666666666
PI576397,0,0,,0.21602496426,5.46
PI576398,0,0,1.75,0.4644335687761905,136.14
PI576399,0,0,,1.0407337705904762,570.9566666666666
PI576400,0,0,1.5,0.15763788578333335,0.24
PI576401,0,0,2.0,0.42699249849473686,0.06
PI576402,0,0,1.25,0.526232313347619,1.3
PI576403,0,0,2.5,0.9261640714454547,0.05
PI576405,0,0,2.125,1.4754469772913041,30.15
PI576406,0,0,,1.1442510223888889,6.03
PI576407,0,0,,0.619795441,17.64
PI576408,0,0,,1.5803492157,
PI576409,0,0,2.0,0.5803010012,1.15
PI576410,0,0,1.0,0.31365901046000005,5.41
PI576411,0,0,,0.16005858176666668,94.02
PI576412,0,0,,0.5010491968,18.61
PI576413,0,0,2.0,1.01947973492,67.84
PI576414,0,0,,0.8825830795789473,3.01
PI576415,0,0,2.5,2.0749079514666664,56.2
PI576416,0,0,,0.3915528992818182,106.7
PI576417,0,0,,0.44177476676000005,17.75
PI576418,0,0,,0.957716735935,258.42
PI576419,0,0,2.5,0.8960046719944444,66.33
PI576421,0,0,2.0,0.40751584094210525,8.9
PI576422,0,0,3.0,0.3367111899733333,897.875
PI576423,0,0,1.625,0.5018472813470588,
PI576424,0,0,,1.3439732102043478,146.2
PI576425,0,0,1.625,0.07122517826086958,405.7
PI576426,0,0,1.0,0.02353891135652174,229.45666666666668
PI576427,0,0,1.75,0.08163022341428572,0.63
PI576428,0,0,1.75,0.05904792692000001,271.25
PI576429,0,0,,2.088519391433333,2.36
PI576431,0,0,2.625,0.5873187714666667,73.78
PI576432,0,0,,0.7843156046666667,0.4
PI576433,0,0,2.5,0.37493629742727275,0.28
PI576434,0,0,,0.6450120410454545,588.4033333333333
PI576435,0,0,2.0,0.29898903083333334,0.45
PI576436,0,0,,0.09754857094,8.9
PI576437,0,0,2.0,0.06281263104117647,52.32
PI585295,0,0,2.25,0.45031921024210525,
PI594354,0,0,,,
PI594355,0,0,1.75,0.1056652564173913,
PI595221,0,0,,,
PI595699,0,0,,0.5186999584222223,527.4866666666667
PI595700,0,0,,2.2630957874749997,0.9
PI595701,0,0,2.0,0.6130861470428571,0.63
PI595702,0,0,,1.56975092,1448.93
PI595703,0,0,1.0,0.6472296287307693,
PI595704,0,0,2.6666666666666665,0.6774319122210526,0.42
PI595705,0,0,,0.9211787610000001,0.22
PI595706,0,0,,1.0566529807222222,14.75
PI595708,0,0,1.75,1.314095595052381,20.81
PI595709,0,0,,0.4451791672235294,
PI595710,0,0,2.25,0.17021284720666668,31.33
PI595711,0,0,,0.10050770833333333,1.11
PI595712,0,0,,0.23113580200625003,
PI595713,0,0,1.75,0.26371978860333334,0.16
PI595714,0,0,1.75,0.15180233881666666,1017.7933333333334
PI595715,0,0,,,
PI595716,0,0,,0.08265788362000001,4.82
PI595717,0,0,1.75,0.46420957711052635,45.72
PI595718,0,0,,0.40184519490434784,274.9266666666667
PI595719,0,0,2.0,1.1837210012636363,3.1
PI595720,0,0,,1.0704649074736843,347.8433333333333
PI595721,0,0,,0.23543228120000004,0.26
PI595722,0,0,2.125,0.5760524595666666,20.99
PI595723,0,0,,1.226818605947826,
PI595724,0,0,1.625,0.48099822219523813,4.17
PI595725,0,0,2.5,0.279350542,33.36
PI595726,0,0,1.25,0.13654125871714287,19.28
PI595727,0,0,1.0,0.029186436766666667,0.32
PI595728,2,2,1.6666666666666667,0.10737279086521741,18.55
PI595730,0,0,,1.331174073431818,
PI595731,0,0,3.25,2.6449836835,16.61
PI595732,0,0,,0.14668692416363635,3.4
PI595733,0,0,1.0833333333333333,0.0036183021454545454,0.1
PI595734,0,0,,0.00990131365,0.36
PI595735,0,0,1.5,0.13421708395,2.97
PI595736,0,0,1.125,0.07354305267391305,6.8
PI595737,0,0,1.5,0.4019957307913043,3.18
PI595738,0,0,1.25,0.20120735489545458,0.18
PI595739,0,0,1.0,0.025589693217857142,371.6133333333334
PI595740,0,0,1.375,0.11373020423333333,1073.96
PI595741,0,0,1.25,1.092287297690476,342.81666666666666
PI595742,0,0,2.0,0.7244368945333334,
PI595743,0,0,,1.2105986135826086,379.8066666666667
PI595744,0,0,,1.149691373594737,572.68
PI595745,0,0,2.25,1.0005839083434782,2420.58
PI595746,0,0,1.0,0.986012955290909,2.77
PI595747,0,0,1.25,0.028397174196551724,6.68
PI595748,0,0,,0.13494198155,9.85
PI596332,0,0,,0.06568761128181819,
PI596567,0,0,,0.06992599928333333,
PI597943,0,0,2.25,0.5870582316,92.05
PI597944,0,0,1.25,0.049292807970588236,
PI597945,0,0,2.75,1.0510308154833334,1763.64
PI597946,0,0,3.75,0.9230661203052631,545.7766666666666
PI597947,0,0,2.25,0.44439260185454543,0.1
PI597949,0,0,,0.1611296472875,1.84
PI597950,0,0,3.25,1.9754689513,355.6
PI597951,0,0,2.75,1.0166679303,634.0166666666668
PI597952,0,0,,1.5219573787666667,336.4166666666667
PI597953,0,0,,1.5038140634,41.79
PI597955,0,0,,0.08417806502857143,14.81
PI597956,0,0,2.25,2.0146797516999997,
PI597958,0,0,1.25,0.1780253506909091,740.2199999999999
PI597959,0,0,,0.1321785424090909,0.78
PI597960,0,0,,0.5165287046,1920.555
PI597961,0,0,1.25,0.2668096011166667,659.4433333333334
PI597962,0,0,,0.38961765966521744,0.56
PI597963,0,0,2.0,0.35851931811111115,8.81
PI597964,0,0,,,488.08500000000004
PI597965,0,0,,0.2644816339666667,1058.5366666666666
PI597966,0,0,2.0,0.5249276717272727,773.5766666666667
PI597967,0,0,,0.08327047602727274,42.07
PI597968,0,0,1.75,2.4814591892099997,473.0566666666666
PI597970,0,0,1.75,0.19779771383333333,109.07
PI597971,0,0,1.9166666666666667,0.29600263816666667,482.49666666666667
PI597972,0,0,2.75,1.113759966075,434.27
PI597973,0,0,1.5,0.19542269883333332,460.73999999999995
PI597974,0,0,3.0,2.0534383816583333,6.68
PI597975,0,0,2.25,1.356093475575,48.57
PI597976,0,0,1.625,0.28793414573333337,906.7133333333335
PI597977,0,0,4.0,2.5964352809090907,
PI597978,0,0,,0.705971309175,46.76
PI597979,0,0,2.0,0.2715710929882353,
PI597980,0,0,1.375,2.308459882815385,556.7800000000001
PI597981,0,0,,1.2662554045818182,0.0
PI597982,0,0,,0.12551855841904763,395.46000000000004
PI598069,0,0,,0.00199006618,
PI598070,0,2,1.5,0.84434053465,60.65
PI601264,0,0,,,
PI601415,0,0,,0.08977209535000001,
PI601552,0,0,,,
PI601553,0,0,,0.03373399031304348,
PI601554,0,0,1.0,0.09524525364,
PI601555,0,0,,0.1590979101,
PI601556,0,0,1.25,0.024616624516666668,
PI601557,0,0,1.5833333333333333,0.06497581665789474,
PI601716,0,0,,0.7117775758166668,
PI601717,0,0,,,
PI601718,0,0,,,
PI601719,0,0,,,
PI601720,0,0,,,
PI601721,0,0,1.5,0.07603243947391305,
PI601743,0,0,,0.08904766242727273,
PI601744,0,0,1.0,0.02204273287647059,
PI601756,0,0,,0.26096636338333334,
PI601816,0,0,2.0,0.9707789172,436.46999999999997
PI602599,0,0,,0.15284750586666668,
PI602600,0,0,2.0,0.7090388449047619,
PI607931,0,0,1.625,0.4856126229428571,497.53
PI609456,0,0,2.0,0.6881975622380953,448.60666666666674
PI613536,0,0,1.75,0.1969095738904762,392.10999999999996
PI629034,0,0,1.0,0.0152743844,255.78
PI629040,0,0,1.625,0.1028971289,243.06333333333336
PI629059,0,0,1.5,0.04733014911304347,601.68
PI641824,0,0,1.75,0.13764967786666668,592.96
PI641836,0,0,,1.1417269896,
PI641849,0,0,,0.1535449255909091,896.4066666666668
PI641874,0,0,,0.8177204036,671.5
PI642791,0,0,,0.42391306246190474,533.005
PI642992,0,0,,0.32888951835,
PI642998,0,0,1.75,1.1943813946000001,624.0933333333334
PI651492,0,0,,0.030273633190909092,
PI651496,0,0,,0.8673461374466667,1129.3466666666666
PI653616,0,0,1.5,0.241812042425,
PI653617,0,0,,1.4769070266666666,947.295
PI655970,0,0,1.0,0.04489916347272727,727.5600000000001
PI655971,0,0,,0.391195842052381,923.715
PI655972,0,0,,0.6057701056181818,546.59
PI655973,0,0,1.5,0.1328939824257143,426.515
PI655974,0,0,1.5,0.17289792946666668,225.38333333333333
PI655975,0,0,1.0,0.03430003742727273,270.78
PI655976,0,0,,1.436729783573684,641.7850000000001
PI655977,0,0,,0.2882919818086957,404.8733333333333
PI655978,0,0,1.5,0.05110724448,148.92
PI655979,0,0,1.25,0.11905017804210527,356.29999999999995
PI655980,0,0,1.5,0.2097139641935484,2201.46
PI655982,0,0,1.625,0.14313761051739132,705.89
PI655983,0,0,1.875,0.13243463193333335,887.72
PI655984,0,0,1.5,0.3553673340652174,1401.22
PI655985,0,0,,0.33748587615000003,173.42
PI655986,0,0,,0.7293122083833333,241.70000000000002
PI655987,0,0,2.25,0.32719138445,251.90333333333334
PI655988,0,0,1.25,0.20383668157142856,246.94
PI655989,0,0,2.5,0.5998407790217392,897.22
PI655990,0,0,,0.37882318020714284,705.89
PI655991,0,0,1.25,0.19357625083333332,267.525
PI655992,0,0,2.0,0.4972936601,335.0366666666667
PI655993,0,0,1.25,0.030426584933333334,288.1166666666667
PI655995,0,0,,0.049062135489473684,732.0533333333333
PI655996,0,0,,0.03784137813076923,
PI655997,0,0,1.5,0.03213769454117647,785.965
PI655998,0,0,,0.07105609882500001,508.42
PI655999,0,0,1.5,0.14044986335,269.99666666666667
PI656000,0,0,1.25,0.13739048767714288,77.97
PI656001,0,0,1.4166666666666667,0.0742538017,869.2266666666666
PI656002,0,0,,0.07812895944347827,614.59
PI656003,0,0,2.25,0.398856384826087,3.62
PI656004,0,0,1.25,0.045553386104999996,408.395
PI656005,0,0,1.75,0.0344481522,1.56
PI656006,0,0,,0.1685168976157895,1506.3166666666668
PI656007,0,0,2.5,0.41458024415714284,788.0099999999999
PI656008,0,0,,0.026073411600000002,200.37333333333333
PI656010,0,0,1.5833333333333333,0.11608812961666666,799.4933333333333
PI656011,0,0,1.0,0.009394376255,60.78
PI656012,0,0,1.875,0.3316369214454546,5.59
PI656015,0,0,2.125,0.45085412006666664,1466.7
PI656016,0,0,,0.029740974964705885,0.15
PI656017,0,0,,0.01381434118,4.0
PI656018,0,0,2.0,0.9876909217037038,233.79333333333338
PI656019,0,0,,1.45100492035,165.61666666666667
PI656020,0,0,1.375,1.40863530155,182.35
PI656021,0,0,,0.3072161180333333,
PI656022,0,0,,0.6636096278,1336.405
PI656023,0,0,,0.096479673496,1577.85
PI656024,0,0,1.375,1.61363250606,193.01666666666665
PI656025,2,2,,3.2031034858235294,224.4
PI656026,0,0,1.125,0.11008577594999999,971.295
PI656027,0,0,,0.14923673808,2.83
PI656028,0,0,,0.13607128478333333,1028.3933333333334
PI656029,0,0,3.0,0.14986218585454544,717.98
PI656031,0,0,1.0,0.00199006618,513.63
PI656033,0,0,2.5,0.5026630740227273,840.275
PI656034,0,0,1.0,0.0030283615782608696,1066.8666666666666
PI656035,0,0,1.75,0.32526804946666665,0.78
PI656036,0,0,,0.0017304923304347825,393.54999999999995
PI656037,0,0,1.0,0.03721325772272727,315.3433333333333
PI656038,0,0,,0.7330132656166667,917.11
PI656039,0,0,1.25,0.4751458271052631,637.915
PI656040,0,0,,0.25828920094545454,54.28
PI656041,0,0,,0.06435961835000001,461.23333333333335
PI656042,0,0,,0.1504858976,
PI656043,0,0,1.25,0.21531344436666666,840.5649999999999
PI656044,0,0,,0.004958826366666666,482.1966666666667
PI656046,1,2,,1.81396053895,545.23
PI656047,0,0,,1.4868447706105263,434.485
PI656048,0,0,1.5,0.008275603333333334,0.4
PI656049,0,0,,0.8637356370999999,533.79
PI656050,0,0,,1.1842291583,49.98
PI656051,0,0,,0.3712492966666667,955.9633333333333
PI656052,0,0,1.75,0.5401432431428572,1363.48
PI656053,0,0,,0.03685537278,671.5966666666667
PI656054,0,0,1.0,0.10766836522727273,
PI656055,0,0,1.75,0.2134846454923077,558.3666666666667
PI656056,0,0,,0.07646188339090909,690.86
PI656057,0,0,2.375,0.2686147221473684,1304.0766666666666
PI656058,0,0,1.5,0.09318040072222222,380.68666666666667
PI656059,0,0,1.625,0.939817479652174,1038.16
PI656060,0,0,1.75,0.37417447179714286,446.8633333333333
PI656061,0,0,,1.5833911977833335,266.54
PI656062,0,0,,0.0,83.06
PI656064,0,0,2.75,1.2512802046904763,
PI656065,0,0,2.375,0.37934672562380956,
PI656066,0,0,1.375,0.5606388943999999,
PI656067,0,0,2.1875,0.6103389868727273,
PI656068,0,0,1.0,0.00398013236,380.77333333333337
PI656069,0,0,1.5833333333333333,0.2316015983121212,1008.84
PI656070,0,0,1.75,0.0723509491095238,603.23
PI656071,0,0,2.25,0.33966463532,286.63000000000005
PI656072,0,0,,0.14239145629130434,449.89333333333326
PI656073,0,0,1.5,0.07857308308571428,1173.32
PI656074,0,1,,0.84022769985,10.67
PI656075,0,0,,0.32929957053636366,1028.825
PI656076,0,0,1.0,0.001421475842857143,52.4
PI656077,0,0,2.625,0.6305236548466666,572.7766666666668
PI656078,0,0,2.0,0.27616748329090907,433.23
PI656079,0,0,,0.29742551425,623.2900000000001
PI656082,2,0,,0.2774029265,640.79
PI656083,0,0,2.0,0.1362830015909091,344.26
PI656085,0,0,,0.945969598268421,1416.8533333333332
PI656086,0,0,1.0,0.07790786898095238,557.37
PI656087,0,0,2.0,1.2814226347411766,316.01666666666665
PI656088,0,2,3.0,1.6514370087058823,1055.02
PI656091,0,0,,0.04564971338,339.25333333333333
PI656092,0,0,,0.06303174168,225.77666666666664
PI656093,0,0,,1.1267522326333335,785.115
PI656094,0,0,,1.3535341627,808.6733333333333
PI656095,0,0,,0.8357894400500001,766.7066666666666
PI656096,0,0,,0.5999978947705882,1007.5
PI656097,0,0,,0.10721620733333333,302.58
PI656098,0,0,,0.14808191537499998,915.09
PI656099,0,0,1.75,0.25633167864444445,601.82
PI656100,0,0,1.75,0.21139010943076925,2.86
PI656101,0,0,2.75,1.1910349406833334,435.77333333333337
PI656102,0,0,,0.605181400031579,553.42
PI656103,2,2,2.5,1.4739459594473683,249.28
PI656104,0,0,1.25,0.06545053590000001,355.545
PI656105,0,0,1.5,0.11105985605999999,114.52333333333335
PI656106,0,0,,0.09451083758857143,437.31666666666666
PI656107,0,0,2.25,0.8457941536555557,518.57
PI656108,0,0,2.0,1.2475790936869564,312.63666666666666
PI656109,0,0,,0.742101574175,318.02
PI656111,0,0,3.0,1.0467019055000002,520.59
PI656112,0,0,2.75,1.061598338163158,605.5766666666667
PI656118,0,0,2.0,0.3807613680333333,882.7166666666667
PI656120,0,0,1.25,0.007543858019047619,2695.295
PI656121,0,0,,2.56599761776,476.39000000000004
PI659691,0,0,2.25,0.19388752998235295,936.1333333333332
PI659694,0,0,,0.011242541047619048,236.74499999999998
PI659695,0,0,1.5,0.83244017265,326.6333333333333
PI659696,0,0,2.375,1.8635872792,519.2433333333333
PI659753,0,0,1.5,0.39453106600000004,275.2033333333333
SC0003,0,0,,0.21223729474000003,0.57
SC0027,0,0,1.75,0.42026771789,17.86
SC0041,0,0,,0.896192465985,0.34
SC0092,0,0,,0.006633553933333334,96.94
SC0138,0,0,2.375,0.54895019845,0.28
SC0150,0,0,1.5,0.6005550990347827,47.1
SC0156,2,2,2.25,0.4203139476909091,135.03
SC0157,0,0,,1.604635572178261,21.75
SC0159,2,2,,1.0662121094304349,41.13
SC0178,2,2,2.5,0.6077775013608696,23.32
SC0179,0,0,,0.13652100518333335,247.34
SC0191,0,0,1.25,0.6334429361,0.15
SC0201,0,0,1.25,0.27626696454736843,6.86
SC0236,2,2,1.75,1.0974155353115385,88.38
SC0247,0,0,,0.016436112715789476,0.76
SC0263,0,0,,0.0479563828,76.55
SC0266,0,0,2.0,0.6669154645875,11.43
SC0276,0,0,3.0,1.6381127136541667,
SC0287,0,0,,0.24253458684,
SC0297,0,0,,2.549606078230435,248.98
SC0314,0,0,1.75,0.3213724854235294,0.0
SC0343,0,0,2.0,0.2664357921,
SC0371,0,0,,1.9704301635,21.63
SC0400,0,0,,0.3718603754782609,
SC0409,0,0,3.0,1.8191279808454546,4.27
SC0436,0,0,1.5,0.40914541374,15.16
SC0445,0,0,,0.28786533065000003,10.62
SC0448,0,0,1.75,0.6150903967681818,0.95
SC0456,0,0,,1.2955917009,1.55
SC0458,0,0,,0.09166601465555556,12.89
SC0470,0,0,,0.3910005365217391,0.03
SC0479,0,0,1.25,0.300285305647619,33.01
SC0505,0,0,2.125,0.5956036258307692,0.18
SC0517,0,0,,0.21187678247500003,6.1
SC0521,0,0,3.5,2.7597820974571428,
SC0540,0,0,,1.6560138722399997,6.09
SC0542,0,0,1.4166666666666667,0.13578780624,1.2
SC0550,0,2,1.8333333333333333,0.16947152099999999,37.6
SC0551,0,0,3.5,1.6326905622045453,166.86
SC0556,0,0,1.6666666666666667,0.169545786895,10.81
SC0581,0,0,1.25,0.35991181759999996,2.01
SC0582,0,0,2.75,0.5207100384173913,2.14
SC0602,0,0,1.1666666666666667,0.15712174006666665,
SC0616,0,0,1.6666666666666667,0.1563297974,
SC0618,0,0,1.25,0.21407168325,15.82
SC0631,0,0,1.5,0.1046346119357143,1.02
SC0636,0,0,,0.9338540214000001,1.06
SC0685,0,0,2.0,1.3168855030772728,4.61
SC0713,0,0,,0.4964408398190476,2.43
SC0741,0,0,,1.48563165698,0.36
SC0747,0,0,2.0,0.5923141394866666,37.22
SC0753,0,0,1.5,1.082444905938889,0.64
SC0777,0,0,,0.24310942763913043,22.76
SC0814,0,0,1.75,1.0640176342833334,20.85
SC0823,0,0,1.9,0.3401496116129032,0.42
SC0834,0,0,3.375,2.027874039968182,11.52
SC0837,0,0,1.75,0.0835691326125,
SC0847,0,0,2.25,3.1087347512454544,249.34
SC0848,0,0,,1.77735941594,0.16
SC0854,0,0,1.75,0.40052965876,3.13
SC0858,0,0,2.25,0.5692648450129032,0.44
SC0860,0,0,,0.7438728898944444,4.66
SC0864,0,0,,3.5257437967,
SC0868,0,0,1.375,0.08014658116666666,0.33
SC0870,0,0,1.5,0.20031924887199998,30.74
SC0871,0,0,4.25,2.58339345417,18.56
SC0877,0,0,2.0,0.47729145291578945,
SC0878,0,0,,,1.02
SC0893,0,0,1.75,0.5729120229,40.39
SC0895,0,0,,,
SC0914,0,0,1.0,0.074640052488,41.05
SC0921,0,0,1.625,0.09862695676666666,21.17
SC0923,0,0,,2.2242276363409093,
SC0965,0,0,,2.1623722953,
SC1021,0,0,2.0,0.35907221904545455,74.7
SC1023,0,0,,1.131477854065,17.85
SC1058,0,0,,1.2853599865826086,1.78
SC1082,0,0,1.75,0.2999668880714285,29.88
SC1097,0,0,1.375,0.4002800882142857,166.94
SC1107,0,0,,0.31327337948,0.29
SC1114,0,0,1.75,0.20322626082222223,6.61
SC1119,0,0,4.25,1.023417655090476,36.93
SC1120,0,0,,0.7184963768521738,12.11
SC1133,0,0,,0.3700019079476191,0.06
SC1166,0,0,2.125,0.7853533454272728,25.8
SC1170,0,0,3.75,1.4845751022421052,7.6
SC1178,0,0,,0.23333781631304348,
SC1193,0,0,,2.1336671845499997,0.0
SC1216,0,0,1.75,0.2894319739,0.0
SC1442,0,0,1.5,0.10828620842352941,
SC1446,0,0,,0.29517376980000004,
PI533755,0,0,,0.11238811578333334,17.17
PI533772,0,0,2.0,0.51058286576,
PI533775,0,0,,1.0885100030250001,25.46
PI533780,0,0,1.5,0.8690829756470588,
PI533854,1,0,2.25,1.0835060206222222,
PI533859,0,0,1.5,0.5334522354,9.18
PI533926,0,0,2.25,1.5316901032199999,30.7
PI533952,0,0,3.0,1.666753874738095,
PI533963,0,0,1.4166666666666667,0.16773586815,0.28
PI534088,0,0,2.25,0.9009998639052631,0.34
PI534098,0,0,,1.452492165561905,3.49
PI534121,0,0,1.5,0.09728886572222223,
PI534130,0,0,1.25,0.34664986415238097,619.08
PI534166,1,0,2.25,1.4627750954,
PI543247,0,0,1.25,0.12510651485454546,
PI554646,0,0,,0.2160390598478261,
PI554648,0,0,1.75,0.019638081542857143,
PI576350,0,0,,0.3202642684,
PI576366,0,0,1.8125,0.2217050431521739,
PI576385,0,0,1.9583333333333333,0.8012983611666668,
PI576391,0,0,1.5,0.4827040370333333,73.89
PI576420,0,0,,1.0292696971956523,1.95
PI585291,0,0,,0.05273675638333333,
PI595729,0,0,,0.6928179744952381,122.77
PI642793,0,0,,0.9266779762333334,
PI656090,0,0,,0.4094651105666667,736.915
PI656110,2,2,2.25,0.9399699443222223,632.4633333333333
PI656115,0,2,,0.463027542825,4.5
SC0412,0,0,2.0,0.46683266766000003,
SC0604,0,0,,0.6488226802375,
SC0615,0,0,,1.7762532152250001,
SC0652,0,0,,1.4696469260692306,
SC0999,0,0,1.875,0.5073312774333333,0.0
SC1024,2,2,2.0,0.6672920459666667,192.07
PI153852,0,0,1.5,0.07354324973076923,
PI533827,0,0,,0.3048793264066667,0.0
PI533865,0,0,1.25,0.07953622226,1.38
PI533883,1,0,,0.76123107974,221.63
PI533890,0,0,2.125,0.7198712119999999,
PI533933,0,0,2.0,0.15337872051999998,2.2
PI534018,0,0,,0.28960164930000004,4.61
PI534024,0,0,1.25,0.11352793523478262,4.69
PI534087,0,0,4.5,2.712642293945455,57.65
PI534093,0,0,2.25,1.863095100125,
PI534125,0,0,2.5,0.2879420122,150.68
PI534143,0,0,2.125,2.1267094794782606,
PI561472,0,0,1.0,0.01611672535,1003.665
PI574397,0,0,,0.09804133813333334,
PI576331,0,0,,1.8249722164333333,39.2
PI576353,0,0,,0.10979477595454545,0.99
PI576430,0,0,,0.5025239728111112,0.28
PI603983,0,0,,0.06780365786666667,
PI605723,0,0,1.5,0.12483574903500001,
PI605724,0,0,1.6666666666666667,0.53111637405,
PI605725,0,0,,0.1630167366,
PI605726,0,0,2.0,0.18269172153333332,
PI606788,0,0,1.5,0.06181131716086956,
PI613611,0,0,,1.7461606382250001,
PI613613,0,0,2.25,0.4725462146157895,
PI619402,0,0,1.25,0.07318011981666667,
PI656013,2,2,3.25,2.0726466073666665,0.13
PI656014,0,0,1.875,0.46508487,2.41
PI656032,0,0,,0.5900790252,0.83
PI656063,0,0,2.0,1.3327581854043478,0.79
PI656113,0,2,2.75,0.72039069553,561.355
PI656114,0,0,1.5,0.0355713331,
SC0235,0,0,,0.27533710697826086,130.77
SC0249,0,0,1.625,0.32995491173636365,2.06
SC0438,0,0,2.75,0.4936594325904761,0.12
SC0463,0,0,2.0,0.2342493159526316,
SC0547,1,0,,,26.18
SC0759,0,0,2.0,0.2632353895,5.07
