genotype,peak_dose,miss_dose,human_score,disease_exg,dhurrin_tpm
BTx643,0,0,1.4684134175749546,-7.693971315379026,
BTx645,0,0,1.6956639607837762,-8.444781564138113,2.91
PI152651,0,0,2.692592402389688,-5.509036590129693,1095.6266666666668
PI153844,0,0,2.161457235678156,-6.809935763346046,0.94
PI153846,0,0,2.417915735646908,-5.785008432054504,33.65
PI156549,0,0,,,
PI17548,0,0,,,929.24
PI22326,0,0,2.293834381914592,-5.313147817844182,4.34
PI24969,0,0,1.9979541990483445,-7.152848762949298,664.0933333333334
PI276837,0,0,1.6606054443635407,-8.754262605529147,692.4875
PI329435,0,0,1.3627660628268723,-8.540627093150055,
PI329440,0,0,2.171217311567648,-6.287440779031948,827.5350000000001
PI34911,0,0,2.9718791848157142,-5.979267357031623,1462.675
PI35038,0,0,2.075740080851015,-5.324435274411046,849.6800000000001
PI48770,0,0,2.559614836648543,-5.528360694399818,1014.73
PI533745,0,0,2.2615352963324007,-5.056510893727287,8.43
PI533746,0,0,2.4927070494545687,-4.338191276614764,15.0
PI533747,0,0,1.9868959038569411,-6.3366817086352505,49.26
PI533749,0,0,2.169662480500096,-6.021472790821496,2.87
PI533751,0,0,1.961262746913394,-6.892523893819946,9.4
PI533752,0,0,1.8731287222106408,-6.830324624331972,505.5633333333333
PI533753,0,0,2.63312079352799,-6.948014994314555,2.71
PI533754,0,0,2.185851570394507,-5.545061871187499,480.34999999999997
PI533756,0,0,2.089762375443027,-5.8416660187563485,0.93
PI533757,0,0,2.0680297593383616,-7.980868644100502,928.8166666666666
PI533758,0,0,2.478922707600901,-5.451471118349028,292.6066666666666
PI533759,0,0,2.110223209318998,-7.578592778283416,1298.73
PI533760,0,0,1.4874812862070597,-8.297934694431342,1399.05
PI533761,0,0,1.8373335601720089,-6.700068566747682,593.1266666666667
PI533762,0,0,2.3815789460093235,-6.184901092555666,1124.4633333333334
PI533763,0,0,3.038925388226795,-3.547761083310001,
PI533764,0,0,2.605797377677089,-5.988132481939086,22.17
PI533765,0,0,3.167864541578527,-4.431803088708432,16.22
PI533766,0,0,2.2012720526774103,-5.306274928916477,1136.0200000000002
PI533768,0,0,1.820898849453401,-6.1018281426409136,
PI533769,0,0,2.7513701816537344,-6.894880837454148,476.91333333333336
PI533770,0,0,2.603187997733234,-5.353897028718933,0.98
PI533771,0,0,3.2803656246836983,-5.089078421443986,0.94
PI533774,0,0,1.9676851534124205,-7.6146646984883795,26.74
PI533776,0,0,2.7863726327550893,-4.311033119329183,1321.71
PI533777,0,0,2.969534595390108,-3.5508085692999023,37.28
PI533778,0,0,2.9345687359129853,-4.520875833377153,0.49
PI533779,0,0,2.324525793529236,-8.620392149308861,
PI533781,0,0,2.5888935205531176,-5.4735140987123865,
PI533782,0,0,2.622002775661974,-5.09539532777755,
PI533783,0,0,2.6042508239365727,-5.09410895376986,150.37
PI533784,0,0,2.8889072168181977,-5.13117035084365,71.11
PI533785,0,0,2.639875264415893,-5.419016799636106,847.9200000000001
PI533786,0,0,2.347527733602961,-6.853925823777081,22.84
PI533787,0,0,2.5404883286617794,-4.704378788413498,
PI533788,0,0,2.9211562765664745,-5.218293162166645,499.13
PI533789,0,0,2.397537075462509,-7.475710548054873,356.84666666666664
PI533790,0,0,3.1681735773417827,-4.358417087410186,71.57
PI533791,0,0,3.287244452315665,-4.261226032855401,99.97
PI533792,0,0,2.885475537171703,-3.9968451175158695,512.26
PI533793,0,0,1.558980658963099,-8.439720036255729,8.27
PI533794,0,0,1.8918780101804809,-6.176555331925889,205.00666666666666
PI533795,2,2,3.439021964081337,-4.8783471309463735,1.84
PI533797,0,0,2.26539495235444,-6.485330377227741,23.64
PI533798,0,0,1.8864957294484264,-7.141588624843675,16.77
PI533799,0,0,2.180638508105364,-6.635606706671648,410.35999999999996
PI533800,0,0,1.9557939547971297,-6.853358484137686,816.6100000000001
PI533802,0,0,1.21852603443383,-9.086452601898214,2.12
PI533803,0,0,2.8105891803331766,-4.6528304944073735,2.4
PI533804,0,0,3.2513705169144917,-3.9387418747663,10.32
PI533807,0,0,2.268575613621681,-7.885976807497899,621.6033333333334
PI533808,0,0,2.968247672229005,-4.557242400898699,58.98
PI533809,0,0,2.542155611978417,-5.675240731699288,17.37
PI533810,0,0,2.179967543562335,-6.420575185497907,468.58
PI533811,0,0,2.7301966073688475,-5.175982252791164,74.54
PI533812,0,0,2.1939025507071204,-6.311460950068864,9.94
PI533813,0,0,1.5188623687332046,-7.630798976683811,164.18
PI533814,0,0,1.4076708145312562,-8.811327511796213,627.1866666666666
PI533816,0,0,2.2753182691017826,-5.57993359529054,0.52
PI533818,0,0,2.674977143670125,-4.951653950885864,23.69
PI533819,0,0,2.4710474531555398,-4.844123602150153,0.0
PI533820,0,0,2.605177884087424,-6.47342164574828,
PI533821,0,0,2.801499274806967,-5.417134738805071,354.19666666666666
PI533822,0,0,2.544282134206748,-7.234515391444956,484.2633333333333
PI533823,0,0,2.908917887024882,-4.1174264062745705,33.37
PI533824,0,0,2.585920364570478,-6.637379900462313,332.32
PI533825,0,0,2.039923043254663,-6.573035739058411,18.45
PI533828,0,0,2.707068507067967,-4.524394218813598,2.76
PI533829,0,0,2.707206541136213,-4.445619830106544,10.6
PI533830,0,0,2.6212232621082494,-4.98501823976221,666.7800000000001
PI533831,0,0,1.9923634347834809,-6.192866157656825,1557.2633333333333
PI533832,0,0,2.464353743287714,-5.849238600965497,
PI533833,0,0,2.1932232662640554,-4.9069009050950925,365.1266666666667
PI533834,0,0,1.8827009958170395,-8.418123324447581,
PI533835,0,0,2.0049332866611103,-6.3859160960331165,32.47
PI533836,0,0,2.566470752576981,-5.759139767115187,253.34
PI533837,0,0,1.8616118475691927,-7.088832219184807,35.02
PI533838,0,0,2.036001607035204,-5.801530416404088,449.51
PI533839,0,0,2.312784229719848,-6.832335045905487,1273.95
PI533840,0,0,2.8452054679843357,-4.730641451560276,174.54
PI533841,0,0,2.502780932207795,-6.444056041897771,1194.8700000000001
PI533842,0,0,1.6031765986836048,-7.482601196003572,7.71
PI533844,0,0,1.5145416791202162,-10.51034800047385,8.25
PI533846,1,0,2.14685622925654,-5.051311961949878,52.62
PI533847,0,0,2.220543591834907,-7.942138843290211,10.79
PI533848,0,0,3.046468619182931,-5.038834329873957,0.23
PI533849,0,0,3.093652161799986,-4.071550166517261,
PI533850,1,0,2.903587645478855,-4.368971315159264,31.32
PI533851,0,0,2.5117544477901785,-5.296362428128546,0.0
PI533853,0,0,2.231055664374839,-6.697147671619526,58.72
PI533855,0,0,2.155569035360324,-6.2637721044650405,174.52666666666667
PI533856,0,0,2.734632592507797,-6.141671641420121,761.005
PI533857,0,0,1.9295113901213272,-6.877498402243238,13.28
PI533858,0,0,1.875145792114902,-7.197454568913493,
PI533860,0,0,2.281048554035988,-7.207808514986657,0.14
PI533861,0,0,2.244893095484461,-6.84518803670518,24.98
PI533862,2,2,2.9564193758847463,-4.87113605072882,
PI533863,0,0,2.520312759198076,-6.50200134500474,674.92
PI533864,0,0,2.41239801319013,-6.283043465592203,0.93
PI533867,0,0,2.8206902087997423,-3.960215578448984,1.11
PI533869,0,0,2.0446529052329225,-6.245354485170246,476.43
PI533870,0,0,2.80512352232049,-5.251878407075601,22.58
PI533871,0,0,1.9777417913963735,-7.708836848922267,1372.4966666666667
PI533872,0,0,1.7862794605679693,-7.246940781924685,270.78
PI533873,0,0,2.1514248277731096,-5.732409257575819,103.72
PI533874,0,0,1.6709061163152803,-6.417449901476263,155.81
PI533876,0,0,2.6546012800771,-4.175820564373449,1937.19
PI533877,0,0,2.4709054276433307,-4.851767962355449,826.2233333333334
PI533878,0,0,2.119901949394114,-6.675392254994762,871.6566666666668
PI533879,0,0,2.5506381588832774,-5.379448570338646,
PI533880,0,0,1.947501069463502,-5.81148966538672,68.08
PI533881,0,0,2.3908098433856444,-4.693530154505457,152.84
PI533882,0,0,1.5677709756201652,-7.9166412254547485,406.29
PI533884,0,0,3.250513760154617,-4.716322341863936,115.56
PI533885,0,0,3.3338723381278346,-3.375861751415065,152.79
PI533887,0,0,2.3247790905517824,-7.858974833281576,102.63
PI533888,0,0,2.5469087921341185,-4.576412560688181,35.03
PI533893,0,0,2.47478368513394,-5.44830640270585,52.83
PI533894,0,0,3.407698576920204,-4.366351188309007,18.25
PI533895,0,0,2.59314970840319,-5.411669817322476,
PI533897,0,0,2.4800653990831583,-5.3688941869121285,10.31
PI533898,0,0,2.0205980432165447,-6.215968913957238,42.98
PI533899,0,0,2.854615152450834,-4.88769664595233,127.68
PI533900,0,0,2.4621125890677726,-5.199298597254524,92.65
PI533901,0,0,,,565.525
PI533902,0,0,2.596611254262747,-6.643381581585693,606.49
PI533903,0,0,1.9802062944192,-6.600716376211819,414.78666666666663
PI533904,2,0,2.823530261968106,-3.934787959077149,113.14
PI533905,0,0,2.603273517638108,-4.958189647250511,302.37
PI533906,0,0,2.186392005598398,-6.875032129861837,16.21
PI533907,0,0,1.5216998773357622,-7.856729910503901,35.01
PI533908,0,0,2.303752391352677,-6.5982448965947365,31.41
PI533909,0,0,1.982709764128841,-4.89734847513351,0.36
PI533910,0,0,1.9492159083588496,-7.753727014422856,321.32
PI533911,0,0,2.044183175616184,-5.884606266094783,494.57666666666665
PI533912,0,0,2.881764718682393,-5.343714019729763,735.7566666666667
PI533913,0,0,2.3931922605144744,-5.438508417369267,30.32
PI533914,0,0,2.478364494847946,-5.739159592040944,0.76
PI533915,0,0,2.5542388927133564,-4.611280439988189,353.91499999999996
PI533916,0,0,2.385311888296913,-4.398139257777961,7.37
PI533917,0,0,2.437261309714021,-8.296385924553217,92.29
PI533918,0,0,1.837891851103499,-7.317916759542888,0.77
PI533919,0,0,2.862496705203527,-4.811143527777033,136.36333333333334
PI533920,0,0,2.45532665639059,-6.983672815997999,43.64
PI533921,0,0,2.2832572402338407,-7.561929746632079,1103.0033333333333
PI533922,0,0,2.5197876013162306,-5.35040996861615,130.17
PI533923,0,0,2.6852815982153264,-7.097425618773421,0.15
PI533924,0,0,2.941592377543585,-7.421043580565862,327.73
PI533925,0,0,2.914809154508956,-5.325751694568469,6.51
PI533927,2,0,,,1868.98
PI533928,0,0,1.933823166093823,-6.850719338306232,13.37
PI533929,0,0,1.2816595944845948,-9.360474463665238,0.0
PI533930,0,0,1.9971583072081485,-6.332303160426886,5.02
PI533931,0,0,2.906308684748817,-3.188027474006833,216.06
PI533932,0,0,1.7701753403296074,-7.931514820211738,
PI533934,0,0,2.1501705546607868,-6.2422101972541775,87.86
PI533935,0,0,3.2317157738430757,-3.3510143351023194,0.21
PI533936,0,0,2.1113375512445804,-6.6330957382822575,1005.2066666666666
PI533937,0,0,2.3401061104121137,-5.246708532376058,627.4399999999999
PI533938,0,0,2.6686355805185125,-5.671222027739891,519.34
PI533940,0,0,2.2547104539754126,-6.685685529739223,541.8466666666667
PI533941,0,0,2.040383184731037,-5.80245247171611,52.06
PI533942,0,0,2.6995642323823184,-4.402022477563943,5.36
PI533943,0,0,2.483415396419251,-3.921363857697107,643.13
PI533944,0,0,2.749718380357096,-3.747279610593063,243.44
PI533946,0,0,2.022229272832567,-5.65674952970603,43.9
PI533947,0,0,2.292503199497122,-5.30894205884133,110.62
PI533948,0,0,2.057592406178258,-8.107365345515522,655.67
PI533949,0,0,2.1902493560052934,-5.488924361279,126.65666666666665
PI533950,0,0,2.721351588577894,-5.11239916826159,48.23
PI533951,0,0,2.626002974322259,-4.978941355248825,84.74
PI533953,0,0,3.1385442312751013,-4.89053695687023,0.88
PI533954,0,0,1.954066681318737,-7.062833025649422,533.495
PI533955,0,0,2.0824473332616136,-6.3759799831432975,533.13
PI533956,0,0,2.533850998089707,-4.60089632637392,5.12
PI533957,0,0,1.8312319777518589,-7.055880765365235,375.8999999999999
PI533958,0,0,1.829765065449965,-6.778507391324148,79.12
PI533959,0,0,2.730131611103229,-4.440498325548624,
PI533960,0,0,2.403233549894857,-6.665390812953676,200.55
PI533962,0,0,2.382156714760813,-7.133857592596587,757.2633333333333
PI533964,0,0,1.613221779481782,-9.311225037705778,2318.2466666666664
PI533965,0,0,1.6941282182627884,-9.190759705210812,81.40333333333332
PI533966,0,0,2.8321194433661145,-4.484689508481264,20.78
PI533967,0,0,1.3887184230848797,-6.095786014089683,869.9733333333334
PI533968,0,0,2.2879490182445124,-5.73137250894097,0.07
PI533969,0,0,2.164351201154128,-7.3591502759322545,37.04
PI533970,0,0,3.1348721215530766,-5.832205300039593,623.98
PI533971,0,0,2.3041173550010665,-5.188367964055444,0.38
PI533972,0,0,2.1949509924043764,-7.063123613927922,1051.53
PI533973,0,0,1.8302540274453367,-7.901433876912924,
PI533974,0,0,2.281440211150127,-7.236993471805919,19.41
PI533975,0,0,2.721640594154747,-4.20241723200512,1.02
PI533976,0,0,2.1961978508687823,-6.326820164499926,219.89000000000001
PI533977,0,0,1.7306463489106587,-5.291648513941778,2.79
PI533978,0,0,2.695530042987861,-4.654791816567654,4.25
PI533979,0,0,1.912045549507264,-7.8031609079975475,387.17
PI533980,0,0,2.606214257289066,-6.218984690304414,796.61
PI533981,0,0,2.1880570572534346,-7.520596291872689,38.1
PI533982,0,0,2.2540929012505804,-6.035250066407808,21.49
PI533983,0,0,2.4096861754277823,-5.65712340411519,34.08
PI533984,0,0,1.2738420387459508,-9.201460801414711,1.67
PI533985,0,0,2.5297175287531104,-6.845459099046068,534.5733333333333
PI533986,0,0,2.4614246079487097,-6.88339150968787,369.80333333333334
PI533987,0,0,2.0781073878928336,-7.087150534149556,657.2433333333333
PI533988,0,0,1.5238199029914092,-8.002723411585665,0.08
PI533989,0,0,2.2164133627893383,-6.320931412137723,507.6166666666666
PI533990,0,0,1.8591777162786287,-6.9624681202774426,0.19
PI533991,0,0,2.3210706017499203,-7.007577382478253,650.87
PI533992,0,0,2.92780644367782,-5.490965978623159,12.14
PI533993,0,0,1.725250637739134,-7.962552635013623,17.51
PI533994,0,0,1.4898738927479611,-8.188138775332526,
PI533995,0,0,2.2545042379492752,-4.798203646417999,28.14
PI533996,0,0,2.60296158015376,-6.828159834633006,764.035
PI533997,0,0,2.219115175326558,-7.199961570090753,210.95333333333335
PI533999,0,0,2.444722016162186,-7.475143197340805,83.55
PI534001,0,0,2.099277629180431,-8.612944033284894,24.42
PI534002,0,0,2.362518740524256,-5.860640375900593,0.04
PI534004,0,0,2.043178679671957,-5.851492507462378,25.29
PI534005,0,0,2.368559445862719,-5.419863901067757,14.7
PI534006,0,0,2.457948995298993,-8.275957332025573,4.76
PI534007,0,0,2.2704090898453124,-6.6970560197758005,22.98
PI534008,0,0,1.698875457508664,-6.901497031521707,0.04
PI534009,0,0,1.236106533409714,-6.456672146407834,453.62
PI534010,0,0,2.126541470398189,-6.857260971708548,70.09
PI534011,1,0,1.7625443751100565,-4.049824459805894,7.77
PI534013,0,0,1.743941812333639,-7.304417297402352,145.32
PI534014,0,0,1.233186809153444,-9.934116714949196,25.67
PI534015,0,0,1.8246433697862416,-7.331814838324941,14.47
PI534016,0,0,2.239659170657861,-5.669479324762895,12.32
PI534017,0,0,2.265896886405382,-5.324059508265482,0.7
PI534019,0,0,2.2582303804642354,-5.912937572651564,1.34
PI534020,0,0,3.3562181406756304,-3.6706917662926273,170.62
PI534021,0,0,1.920492565143108,-6.87418298084871,152.04
PI534022,0,0,2.4170081034402733,-5.033569817554188,
PI534023,0,0,2.7506655236657584,-5.218789325598667,
PI534025,0,0,2.018199429307693,-6.910789436670301,109.56
PI534026,0,0,2.135247219832424,-6.09873650319495,
PI534027,0,0,2.913774065892829,-3.764545305964097,
PI534028,0,0,2.012090106368703,-6.269737359625028,127.77
PI534030,0,0,1.545918245934854,-6.934440212585262,147.73
PI534031,0,0,2.3315596227577133,-6.528560731902923,
PI534032,0,0,1.892649819432364,-6.304313095906014,7.64
PI534033,0,0,2.0990014889872586,-6.549203569352262,
PI534034,0,0,2.140826156638897,-5.380097155725052,
PI534035,0,0,2.773492115348593,-5.804663427640917,0.14
PI534036,0,0,1.7086765717778416,-7.327518509957011,6.71
PI534037,0,0,3.0111396848046263,-5.082447593199005,1038.0566666666666
PI534038,0,0,2.876054650916103,-5.977640523723454,34.18
PI534040,0,0,2.262903232978445,-6.430923774386099,35.32
PI534041,0,0,2.035867471459,-7.401497479411985,
PI534042,0,0,2.948036872029597,-3.5704251403863347,
PI534043,0,0,1.8693602126030728,-8.615560322335947,4.85
PI534044,0,0,2.170005048483846,-5.245406984539592,
PI534045,0,0,1.40647328805379,-9.986285491544704,0.43
PI534046,0,0,2.7262033638944323,-4.510009093170981,806.11
PI534047,0,0,2.754732965524733,-6.471118045522079,535.415
PI534049,0,0,2.2878656083233446,-8.372868711386529,2.11
PI534050,0,0,1.9333586669688168,-5.642696361970335,43.81
PI534051,0,0,3.279720589232938,-5.876378974899412,75.22
PI534052,0,0,2.102498449084002,-5.734107805659818,
PI534053,0,0,2.2659993700414143,-6.048172939837337,250.5566666666667
PI534054,0,0,2.019825352688106,-6.540650443561796,626.0133333333333
PI534055,0,0,2.2671064034995663,-4.694911935984081,33.35
PI534057,0,0,2.2655037236183166,-5.277282729013795,3.79
PI534058,0,0,2.708454159080772,-3.505757336554174,121.22
PI534059,0,0,2.5076072033454637,-5.324521974633783,40.6
PI534060,0,0,2.194896930199077,-5.806487958820496,22.49
PI534061,0,0,2.071657761254217,-6.425186618814928,
PI534062,0,0,2.2026905163448105,-6.672176992938122,171.63
PI534063,0,0,1.5522553514292077,-8.086684057852224,2037.045
PI534065,0,0,2.583826785613532,-5.07210959125239,252.2
PI534066,0,0,2.440965650364805,-5.4478080237396105,66.82
PI534067,0,0,2.250173496132416,-6.483181641447819,61.17
PI534069,0,0,2.6288287266551063,-4.278391798811607,61.23
PI534070,0,0,3.357866319911885,-2.9158611825621934,865.6866666666666
PI534072,0,0,1.9512658773889784,-5.50895397793757,12.04
PI534073,0,0,2.9665689779579827,-3.711466358771346,2.39
PI534074,0,0,1.8802054702787812,-7.167803952583875,0.37
PI534075,0,0,2.4020751419724347,-5.820331399137397,1275.125
PI534076,0,0,2.128482279961975,-5.727982638866385,55.12
PI534077,0,0,2.4468518515319886,-4.59997157374351,93.87
PI534078,0,0,2.319628271654645,-6.166571140801212,99.18
PI534079,0,0,2.470224550996988,-7.961606369560184,1978.585
PI534080,0,0,2.4991452569526404,-5.643076648608776,48.5
PI534081,0,0,2.806971036742953,-3.312075479688092,93.86
PI534082,0,0,2.983444531832854,-3.639984306684216,85.73
PI534083,0,0,2.677112744707029,-4.850213854786055,15.29
PI534084,0,0,3.067117230125203,-4.041766429014549,8.25
PI534085,0,0,2.3287870021665973,-3.302449573918657,13.6
PI534086,0,0,3.1835948104156784,-4.676799329167334,
PI534089,0,0,3.0463769642144456,-3.444666300171077,60.58
PI534090,0,0,2.5328462569713204,-5.222785479072167,27.58
PI534091,0,0,3.813868729872636,-1.9955010938274225,0.18
PI534092,0,0,2.631042272283617,-4.028040839218635,885.7333333333332
PI534094,0,0,2.2324038492071185,-5.718378916148506,117.22
PI534096,0,2,1.9164317452693624,-5.9662897525905,1193.945
PI534097,0,0,1.999578892105574,-7.478033416086947,755.29
PI534099,0,0,1.915613761315166,-7.532765857227649,471.6
PI534100,0,0,2.291175989590183,-5.397863054317003,5.92
PI534101,0,0,2.239183075502833,-6.363285926946452,847.6633333333333
PI534102,0,0,1.8169704423948283,-8.374436954851326,0.12
PI534103,0,0,1.6143833838247414,-8.631096329762434,0.58
PI534105,0,0,2.210815804202903,-7.052051802385431,673.1466666666666
PI534106,0,0,1.9993665035750143,-7.327688310237833,4.37
PI534107,0,0,2.2989335786627816,-5.129455940839129,1.1
PI534108,0,0,2.091618287879529,-6.580849166621648,2.28
PI534109,0,0,1.931624888806992,-4.033271414870846,19.46
PI534110,0,0,1.998654130332366,-6.619339041034414,4.49
PI534111,0,0,1.9771226874984345,-6.863549489214644,
PI534112,0,0,1.6572925816588258,-8.452402610526535,334.4633333333333
PI534113,0,0,2.5365177213474173,-6.901763577732832,20.88
PI534114,0,0,2.327281954944094,-6.928661757942533,705.15
PI534115,0,0,1.8840990859917175,-5.970286572570167,176.23333333333335
PI534116,0,0,2.172364409956857,-5.6723352801720885,707.22
PI534117,0,0,2.565680369389318,-6.013195293682925,1331.1000000000001
PI534118,0,0,2.663707064012096,-4.84414216309712,9.16
PI534119,0,0,1.5790451562654415,-9.218743456047152,
PI534120,0,0,1.9232823384934228,-6.657969968031775,25.07
PI534122,2,0,1.969859080591681,-7.221760949362005,102.42
PI534123,2,0,2.9746418317028973,-5.414134514353442,843.315
PI534124,2,0,2.099537037932838,-5.529103619025604,
PI534126,2,0,3.833987062071256,-1.5077762902386338,138.01
PI534127,0,0,2.198658164826763,-7.462267913861438,1038.4299999999998
PI534128,0,0,2.547843501557591,-8.291646120906906,368.80999999999995
PI534131,0,0,1.896642544535348,-7.21722670831509,
PI534132,0,0,1.0251756102692844,-8.748755883598205,716.98
PI534133,0,0,2.2314072100840705,-4.9947161720515965,648.74
PI534134,0,0,2.8096744772687767,-4.256367601042982,21.94
PI534135,0,0,1.5217984553448602,-8.773580810572897,89.775
PI534136,0,0,1.8119337062346,-7.979796846762356,58.9
PI534137,0,0,1.7109573072286195,-6.798846558070368,742.6266666666667
PI534138,0,0,2.2538629752724,-5.767572168227282,
PI534139,0,0,2.085912072338902,-5.460824096734957,320.235
PI534140,0,0,1.875626701035738,-8.211675679233572,
PI534141,0,0,2.945778750010572,-5.550386602843317,27.97
PI534142,0,0,3.619172003976091,-1.975465207483412,11.29
PI534144,0,0,2.318271878939876,-6.01474700262531,734.7833333333333
PI534145,0,2,,,943.82
PI534146,0,0,1.7918832329255507,-6.633230525197496,16.58
PI534147,2,2,3.249140100331921,-2.5894632977504184,84.33
PI534148,0,0,2.243928135839981,-4.5397826599294575,1126.115
PI534149,0,0,1.6547818736462463,-7.203774305172181,
PI534150,0,0,2.4811010648380822,-7.147048860409482,27.38
PI534151,0,0,1.9279401777801444,-7.125656698185484,2.07
PI534152,0,0,1.7506070892467196,-6.215998232869064,
PI534153,0,0,2.555644056063598,-5.210875069271367,0.44
PI534154,0,0,1.7766923840553794,-7.417237494695839,111.34
PI534155,0,0,1.6704593613272043,-7.187719008591775,370.9166666666667
PI534156,0,0,2.2037420754041386,-6.443682998537904,
PI534157,0,0,1.7205449393645107,-8.469297960226793,474.85999999999996
PI534158,0,0,1.5933969298405668,-9.457016860051212,
PI534159,0,0,2.3665688229408084,-7.135240408781379,63.29
PI534160,0,0,1.9295094138418916,-6.955951181314799,21.39
PI534162,0,0,2.178901490342777,-5.376512467407247,0.0
PI534163,0,0,2.25155611530538,-5.401941654705766,692.9066666666668
PI534164,0,0,2.653125540919967,-3.966059031945641,47.38
PI534165,0,0,1.7582468253045649,-8.564920482376456,14.11
PI534167,0,0,2.0032689326712445,-6.20225837627876,544.5500000000001
PI540816,0,0,2.5528373333437564,-6.315893522004335,
PI542406,0,0,1.81348252265796,-8.882604218861347,0.64
PI542718,2,2,3.618700391442631,-1.6774224867787757,248.09333333333333
PI543243,0,0,2.181513394939686,-7.157724109551234,
PI544069,0,0,2.9656942402362723,-4.577860247398848,
PI548797,0,0,1.4192555868670909,-9.023091775407648,531.3566666666667
PI552856,0,0,1.4915017039325789,-8.267467322861616,179.95
PI552861,0,0,1.9507283335197467,-5.792381412709584,9.13
PI554647,0,0,,,
PI554649,0,0,1.6889476048262493,-7.603021326467815,
PI554650,0,0,1.676934627586632,-7.270874058675965,
PI554652,0,0,,,
PI554654,0,0,2.027432888816966,-5.110770351958159,
PI555457,0,0,2.0622483911900185,-7.324044750824023,
PI561071,0,0,0.8206112574915637,-10.899352590209784,469.60999999999996
PI561072,0,0,1.7766614482047078,-6.185092120371005,1046.165
PI561073,0,0,1.5993827404131369,-8.795599807327967,1667.0633333333333
PI561926,0,0,1.6496521451421788,-7.878306482635291,
PI562621,0,0,,,
PI562622,0,0,,,
PI562623,0,0,1.507289079768604,-7.505834686876002,
PI562624,0,0,,,
PI562625,0,0,,,
PI562730,2,0,,,
PI564085,0,0,,,
PI564163,0,0,1.937563529515128,-6.94416878264736,716.2905555555556
PI564164,0,0,2.053651719614061,-8.051226468083073,335.64
PI564165,0,0,1.8560180662932375,-8.124488846237037,497.02
PI565121,0,0,1.3725902936839585,-8.071916479306811,255.00333333333333
PI566819,0,0,,,735.765
PI574398,0,0,1.5674960832369096,-6.633855967149705,
PI574406,0,0,,,
PI574407,0,0,2.262214394937266,-6.6900993035797605,
PI576130,0,0,1.144005596778491,-8.759849829725301,675.365
PI576328,0,0,2.1536420088168344,-6.380030396801687,2.37
PI576329,0,0,2.262570441776432,-4.812447225583902,4.41
PI576332,0,0,2.18335453949844,-5.9981735176440605,537.6833333333333
PI576333,0,0,1.1801120228962558,-8.826965722507484,692.0766666666667
PI576334,0,0,2.620458488722924,-2.7233365333588813,
PI576335,0,0,2.9167209052392824,-5.09903304988034,
PI576338,0,0,2.5690104526670554,-5.790166189880129,0.95
PI576339,0,0,1.6160851498773945,-5.727638850939679,558.1933333333333
PI576340,0,0,2.038826918600228,-7.52959857759617,825.4333333333334
PI576341,0,0,2.2565089499814204,-5.911905612480899,
PI576342,0,0,2.521835709279542,-5.422763067257025,
PI576343,1,0,2.523385405755524,-4.361170952433365,58.81
PI576345,0,0,2.294279484432682,-4.956078483995343,700.7766666666666
PI576346,0,0,3.3738666170001315,-4.356847355499816,
PI576348,0,2,2.693125821475698,-4.985703698621192,1019.905
PI576349,0,2,,,1.62
PI576351,0,0,2.376381520445052,-6.051830374320685,13.69
PI576352,0,0,2.034734238292794,-6.045062298956411,627.9333333333333
PI576354,0,0,2.277977489330267,-5.793771041354857,
PI576355,0,0,1.5015981756785877,-7.292957608269973,
PI576357,0,0,3.115698437367742,-4.688705279226701,
PI576358,0,0,1.843670087254836,-5.917943593360253,0.04
PI576359,0,0,2.455111037224577,-6.133311293986096,711.6566666666666
PI576360,0,0,2.1444886067128883,-5.9771357452292255,0.23
PI576361,0,0,2.7388441615890597,-4.194887304841565,43.29
PI576362,0,0,2.3378118944857835,-6.572180501338567,1.69
PI576363,0,0,1.9860083722445392,-7.622830967035246,66.8
PI576364,0,0,2.4163590480540003,-5.271024172237334,641.3633333333333
PI576368,0,0,2.407197757473729,-5.844316332650155,12.44
PI576369,0,0,2.0536385560171304,-5.980034774278111,23.56
PI576370,0,0,2.953559062152636,-5.016615667487067,114.78
PI576371,0,0,2.18248407989434,-5.738579152518104,0.1
PI576372,0,0,1.8083531620298867,-7.921334768625316,15.09
PI576373,0,0,2.345455253369068,-6.446245924443629,477.68
PI576374,0,0,2.632387661159288,-7.659319354657139,4.82
PI576375,0,0,2.567299979339749,-5.988200914160727,213.42999999999998
PI576376,0,0,1.991955923105178,-5.913893053692831,74.15666666666667
PI576377,0,0,2.2547663284490493,-6.348311655507089,
PI576378,0,0,2.668357036701422,-6.52597301574799,27.17
PI576379,0,0,2.7895180027573696,-5.379353358343852,
PI576380,0,0,1.841639813321104,-8.055241736764625,1143.54
PI576381,0,0,1.6133405153295608,-5.910171465072402,435.28000000000003
PI576382,0,0,2.853272298741283,-3.3670195859087686,32.23
PI576383,0,0,2.891295497592735,-5.098871320300553,5.65
PI576386,0,0,2.077046706798828,-8.076849484557334,544.15
PI576387,0,0,2.1709309880198364,-6.459350328939383,7.47
PI576389,0,0,1.880018482255564,-5.93118555602841,8.08
PI576390,0,0,2.139469057818768,-4.694444385996935,1488.3500000000001
PI576392,0,0,2.7335294980116425,-4.439246222974808,5.43
PI576393,0,0,2.0098537576615234,-7.717503833159291,470.26000000000005
PI576395,0,0,2.3167231457840445,-6.663610169068324,0.59
PI576396,0,0,1.7651448413260091,-8.53994758289405,574.9066666666666
PI576397,0,0,2.6851533067904043,-5.735567830526529,5.46
PI576398,0,0,2.394902417500845,-6.582863738402778,136.14
PI576399,0,0,2.7455785333938767,-6.068318327155452,570.9566666666666
PI576400,0,0,1.97641203867642,-7.745180049717858,0.24
PI576401,0,0,1.8706454291932493,-6.549410939000216,0.06
PI576402,0,0,2.0740046900447893,-5.8456101871118165,1.3
PI576403,0,0,2.734836986530409,-5.40351852688345,0.05
PI576405,0,0,2.3329174709547824,-4.556625727804207,30.15
PI576406,0,0,2.876747599536892,-3.856924619998079,6.03
PI576407,0,0,2.379839086766044,-6.010420268399667,17.64
PI576408,0,0,3.1274869095179767,-3.837144947186331,
PI576409,0,0,2.0532388800216923,-4.71077485314819,1.15
PI576410,0,0,2.207776193144495,-6.026713103807536,5.41
PI576411,0,0,1.8829177173904403,-7.8512971545600765,94.02
PI576412,0,0,2.6688867792318693,-5.529377447550733,18.61
PI576413,0,0,2.713982102708231,-4.38443770008497,67.84
PI576414,0,0,2.9370857672175523,-5.129202922673574,3.01
PI576415,0,0,2.455111578653965,-5.4035759609166,56.2
PI576416,0,0,2.5349657095373708,-5.698913799289899,106.7
PI576417,0,0,2.58236082155422,-5.697320362981609,17.75
PI576418,0,0,2.535146645370792,-4.5402487476538775,258.42
PI576419,0,0,3.0628955015640607,-5.099849487405294,66.33
PI576421,0,0,2.450100398898573,-5.852737474704387,8.9
PI576422,0,0,2.9023306192712326,-6.083196438117335,897.875
PI576423,0,0,1.5653680371778735,-6.423880017378173,
PI576424,0,0,2.277013585107384,-5.934504662535477,146.2
PI576425,0,0,1.5804202275232644,-8.898849763057186,405.7
PI576426,0,0,1.6862893592024613,-8.641888605582427,229.45666666666668
PI576427,0,0,2.0506655975035555,-7.725334210292302,0.63
PI576428,0,0,1.8387826330375197,-7.88587712526009,271.25
PI576429,0,0,3.258361323013612,-3.3082007470161248,2.36
PI576431,0,0,2.457910167660866,-6.501478843450578,73.78
PI576432,0,0,2.4978520834990325,-4.977364037087353,0.4
PI576433,0,0,2.260977385844664,-6.791127464147838,0.28
PI576434,0,0,2.699229893567397,-5.654373596091173,588.4033333333333
PI576435,0,0,2.2628120502012816,-6.453777559300297,0.45
PI576436,0,0,1.6128977742942283,-7.640229357506069,8.9
PI576437,0,0,2.238542555806164,-7.750905463459465,52.32
PI585295,0,0,1.7494737430921634,-7.488479549611753,
PI594354,0,0,,,
PI594355,0,0,1.99567693002418,-6.26199387925319,
PI595221,0,0,,,
PI595699,0,0,2.4479763760931736,-5.2901222380628585,527.4866666666667
PI595700,0,0,2.8772453659098467,-4.510886491152462,0.9
PI595701,0,0,2.575481165360772,-4.397942355410354,0.63
PI595702,0,0,2.6592872310808486,-4.071457998915513,1448.93
PI595703,0,0,2.0904000494933026,-6.519136251416814,
PI595704,0,0,2.377804280745756,-5.064411025715302,0.42
PI595705,0,0,3.1663364264932685,-4.578440329482088,0.22
PI595706,0,0,2.9196299895719573,-4.563039675700251,14.75
PI595708,0,0,2.310171134964043,-4.142565658832145,20.81
PI595709,0,0,1.3317443804861544,-6.788637488550733,
PI595710,0,0,2.8124094202927585,-6.237428926725923,31.33
PI595711,0,0,2.20966939535872,-6.9631927889321314,1.11
PI595712,0,0,2.5360063075502053,-6.199479433174922,
PI595713,0,0,1.9408421861986545,-6.038995448772999,0.16
PI595714,0,0,2.307991852240486,-6.4477446748716485,1017.7933333333334
PI595715,0,0,,,
PI595716,0,0,1.888622898241684,-7.348574967553067,4.82
PI595717,0,0,2.1445489582530537,-6.948013289105311,45.72
PI595718,0,0,2.6635287836584323,-6.479066370798619,274.9266666666667
PI595719,0,0,2.645050036884854,-4.713727456227491,3.1
PI595720,0,0,3.4052391079597752,-4.24793466319567,347.8433333333333
PI595721,0,0,2.543300189572573,-5.238387200171178,0.26
PI595722,0,0,2.0077059121300005,-6.883400884303732,20.99
PI595723,0,0,2.8312239187679005,-4.204176464746883,
PI595724,0,0,2.294843516767961,-6.461271267278678,4.17
PI595725,0,0,2.671114417647927,-5.917713876603354,33.36
PI595726,0,0,1.7687349749984065,-8.467928483177682,19.28
PI595727,0,0,1.9286048274020584,-8.237998797873555,0.32
PI595728,2,2,2.1715615202394667,-7.515881390735937,18.55
PI595730,0,0,3.1923385227263408,-3.999721019810513,
PI595731,0,0,2.4971700294820973,-4.435342409609046,16.61
PI595732,0,0,1.83256810725776,-7.956524491016201,3.4
PI595733,0,0,1.1615546365137284,-9.68345024962403,0.1
PI595734,0,0,2.061657315481406,-8.892169099383196,0.36
PI595735,0,0,1.4342179085598992,-8.205009573632136,2.97
PI595736,0,0,2.0091145912565462,-7.070133917432736,6.8
PI595737,0,0,1.8266848773846407,-7.131308081583448,3.18
PI595738,0,0,2.437326914034923,-6.414328642087124,0.18
PI595739,0,0,1.309510476271096,-9.181356857259155,371.6133333333334
PI595740,0,0,2.3445744353849785,-7.405852662486035,1073.96
PI595741,0,0,2.4098653916790904,-5.6934558871784215,342.81666666666666
PI595742,0,0,2.599098202151761,-4.798944407660343,
PI595743,0,0,3.00887737666178,-4.60619100204482,379.8066666666667
PI595744,0,0,2.050177802803138,-6.096580068935451,572.68
PI595745,0,0,2.243536885958158,-4.908423839367789,2420.58
PI595746,0,0,1.6748883262720486,-6.560612098223128,2.77
PI595747,0,0,1.6157504029956358,-8.58952613392903,6.68
PI595748,0,0,2.513123615181243,-5.940730964430185,9.85
PI596332,0,0,1.879316701742685,-7.122945107574727,
PI596567,0,0,2.1272382199579423,-6.201808320673427,
PI597943,0,0,2.463147421392806,-5.787816824193374,92.05
PI597944,0,0,1.9109147343744275,-8.368590014281686,
PI597945,0,0,2.436300865045383,-4.416067565015914,1763.64
PI597946,0,0,2.7298478116736105,-4.94345649936879,545.7766666666666
PI597947,0,0,2.4470447739529653,-6.21735932316648,0.1
PI597949,0,0,2.697471839754974,-6.263865486230955,1.84
PI597950,0,0,3.843432811141777,-2.0804056847353936,355.6
PI597951,0,0,3.1430929680537334,-3.856025669696408,634.0166666666668
PI597952,0,0,3.106832807880872,-3.774578676926095,336.4166666666667
PI597953,0,0,2.659227673451949,-3.7205683455922967,41.79
PI597955,0,0,2.067424619027064,-9.784982337121177,14.81
PI597956,0,0,2.936912950503829,-3.2623794358278677,
PI597958,0,0,1.7973028782831144,-6.912830872538297,740.2199999999999
PI597959,0,0,2.239620805384017,-7.052576943322752,0.78
PI597960,0,0,2.603784214108062,-5.669556570558408,1920.555
PI597961,0,0,1.8870736319928128,-7.642521242753149,659.4433333333334
PI597962,0,0,1.8778979800017388,-6.980388144265081,0.56
PI597963,0,0,2.197138685835048,-6.119196823270699,8.81
PI597964,0,0,,,488.08500000000004
PI597965,0,0,1.829347700910972,-7.1521240217350925,1058.5366666666666
PI597966,0,0,2.2411467303259838,-5.964482641673087,773.5766666666667
PI597967,0,0,1.7871669042198606,-8.460380993186165,42.07
PI597968,0,0,3.21157105473761,-2.71510898018164,473.0566666666666
PI597970,0,0,2.459217834107132,-6.09627646636084,109.07
PI597971,0,0,2.0253513357368558,-6.742120887937007,482.49666666666667
PI597972,0,0,2.658769817514957,-5.322086497768831,434.27
PI597973,0,0,2.3100669647778003,-5.742186457283109,460.73999999999995
PI597974,0,0,2.924698973318531,-3.214910376925172,6.68
PI597975,0,0,2.6468380104464035,-4.835179465708226,48.57
PI597976,0,0,2.2405798178121867,-5.996492543247754,906.7133333333335
PI597977,0,0,3.624329397735013,-2.281722257285285,
PI597978,0,0,2.672913026326138,-4.797419136646214,46.76
PI597979,0,0,2.565586392664228,-5.06892380090226,
PI597980,0,0,2.435769897918441,-4.085162499127984,556.7800000000001
PI597981,0,0,3.164532144286317,-4.093293782144936,0.0
PI597982,0,0,2.4132032982236247,-7.156499182965577,395.46000000000004
PI598069,0,0,1.3473749480325543,-10.067439878599114,
PI598070,0,2,2.3572421223927877,-8.228362973276598,60.65
PI601264,0,0,,,
PI601415,0,0,1.803752846385406,-7.512071141760904,
PI601552,0,0,,,
PI601553,0,0,1.2910376758427131,-8.228797803972954,
PI601554,0,0,1.5189297972435063,-7.382086287780467,
PI601555,0,0,2.4766881459284367,-6.485355278771962,
PI601556,0,0,1.6202151542764596,-8.182317684445614,
PI601557,0,0,2.036849419027992,-7.332883276991062,
PI601716,0,0,2.457774134008708,-4.6341492710802505,
PI601717,0,0,,,
PI601718,0,0,,,
PI601719,0,0,,,
PI601720,0,0,,,
PI601721,0,0,1.86626378119264,-7.241976463460123,
PI601743,0,0,2.2188757428296206,-8.183749767707587,
PI601744,0,0,2.102263919528371,-8.146884873006591,
PI601756,0,0,1.9500865820770716,-6.402782087443633,
PI601816,0,0,2.003420564175086,-4.470984122922569,436.46999999999997
PI602599,0,0,2.2351475722860856,-6.450582706001564,
PI602600,0,0,2.3817254942133483,-4.765240621202608,
PI607931,0,0,2.2240284105101327,-5.403528348646494,497.53
PI609456,0,0,2.7575810202683604,-6.55349973904432,448.60666666666674
PI613536,0,0,2.3634624982111827,-6.524687833832764,392.10999999999996
PI629034,0,0,1.341650040674576,-8.480636274198648,255.78
PI629040,0,0,1.571025494989989,-7.739647694398227,243.06333333333336
PI629059,0,0,1.7005818152348158,-8.109359323250402,601.68
PI641824,0,0,2.333664707490445,-6.017044786545149,592.96
PI641836,0,0,2.1045564202788234,-6.111356011335925,
PI641849,0,0,2.357060057908384,-6.869132342810414,896.4066666666668
PI641874,0,0,2.698120265703269,-5.4120446469965575,671.5
PI642791,0,0,2.026468439377893,-6.328573206389594,533.005
PI642992,0,0,2.5826366355295285,-5.98754032270376,
PI642998,0,0,2.314876924327196,-5.034226267513548,624.0933333333334
PI651492,0,0,1.491461717099,-7.604085660891212,
PI651496,0,0,2.677355733952456,-5.989927233141799,1129.3466666666666
PI653616,0,0,2.1495245537451515,-6.528149029900359,
PI653617,0,0,3.271870679236992,-4.081891181324382,947.295
PI655970,0,0,1.5303306214293817,-7.625278905965739,727.5600000000001
PI655971,0,0,2.489246897765392,-6.597298273494323,923.715
PI655972,0,0,2.5187432345229155,-4.981370884436652,546.59
PI655973,0,0,2.199041980418321,-7.353011587306985,426.515
PI655974,0,0,1.5476813461952006,-7.049912810178117,225.38333333333333
PI655975,0,0,1.2889812495701118,-9.145173274058548,270.78
PI655976,0,0,2.8373448773492638,-3.565564443823781,641.7850000000001
PI655977,0,0,2.3951724786737825,-7.711390810653066,404.8733333333333
PI655978,0,0,1.403816110279279,-7.856190915498637,148.92
PI655979,0,0,1.8276788102186567,-6.530159857473234,356.29999999999995
PI655980,0,0,2.148667864408526,-7.365742647340433,2201.46
PI655982,0,0,1.5646259482938831,-6.904464644352773,705.89
PI655983,0,0,2.441673004548825,-5.77251695970946,887.72
PI655984,0,0,2.354305306686296,-6.383476290400906,1401.22
PI655985,0,0,1.6912235002418867,-7.54530941801235,173.42
PI655986,0,0,1.938109194178915,-5.952234243150277,241.70000000000002
PI655987,0,0,2.3240174971059013,-6.187563604815772,251.90333333333334
PI655988,0,0,1.7456587732285458,-7.264796034208596,246.94
PI655989,0,0,2.47911622198752,-5.133796440191615,897.22
PI655990,0,0,1.9709351241649864,-6.606720259922736,705.89
PI655991,0,0,1.4026624703464925,-6.969775668302185,267.525
PI655992,0,0,1.9323656804800955,-6.577793970989354,335.0366666666667
PI655993,0,0,1.4019026423492458,-8.278343526836204,288.1166666666667
PI655995,0,0,1.995505383521909,-8.18931336361874,732.0533333333333
PI655996,0,0,2.207175773824998,-8.320697508348676,
PI655997,0,0,2.0733152381598283,-7.424993937491296,785.965
PI655998,0,0,2.418590703881738,-7.581168054081205,508.42
PI655999,0,0,1.77329987472645,-7.171558986292101,269.99666666666667
PI656000,0,0,1.7461896948626845,-7.374328057389334,77.97
PI656001,0,0,1.6321331044755527,-7.126903195861206,869.2266666666666
PI656002,0,0,2.0314774709002905,-7.507885879594966,614.59
PI656003,0,0,1.9023030509888352,-5.897970343348183,3.62
PI656004,0,0,1.2822456721285351,-8.527520210355464,408.395
PI656005,0,0,1.7480003142523095,-8.833338604781327,1.56
PI656006,0,0,1.615030205825977,-8.468896105511389,1506.3166666666668
PI656007,0,0,2.36015543757175,-6.402598066518147,788.0099999999999
PI656008,0,0,1.3350732191794172,-8.848772319005873,200.37333333333333
PI656010,0,0,1.676097210496442,-8.529469649416018,799.4933333333333
PI656011,0,0,1.51749949029592,-8.730911669068695,60.78
PI656012,0,0,2.241084005278337,-6.851150486751958,5.59
PI656015,0,0,2.1340193999531,-5.664048897886994,1466.7
PI656016,0,0,2.043788899340723,-7.9193188383286754,0.15
PI656017,0,0,1.9520087093981096,-8.543635024975538,4.0
PI656018,0,0,1.954896668716278,-7.282369370316515,233.79333333333338
PI656019,0,0,2.626231610202288,-5.030671629073975,165.61666666666667
PI656020,0,0,2.064508354686171,-5.386907018650778,182.35
PI656021,0,0,1.9546218027630544,-6.443426216249212,
PI656022,0,0,2.662616456370561,-3.693656802678917,1336.405
PI656023,0,0,2.3720451079657874,-7.440598963202673,1577.85
PI656024,0,0,1.8985681968091197,-6.6272062147168525,193.01666666666665
PI656025,2,2,3.399269435761993,-2.5390722969359825,224.4
PI656026,0,0,1.3631793295444026,-7.312277901466807,971.295
PI656027,0,0,2.141581953987405,-5.191524755135974,2.83
PI656028,0,0,1.4952982356969742,-7.257617454618641,1028.3933333333334
PI656029,0,0,2.2120827377207104,-6.522586277926678,717.98
PI656031,0,0,1.232921820082623,-9.560806726954963,513.63
PI656033,0,0,2.0695744517241814,-6.241428025987875,840.275
PI656034,0,0,1.362503237932563,-9.502530246999982,1066.8666666666666
PI656035,0,0,2.258715950332614,-5.728893100359116,0.78
PI656036,0,0,1.3695348467491082,-9.518802736791942,393.54999999999995
PI656037,0,0,1.5770196770600802,-8.584179697278584,315.3433333333333
PI656038,0,0,1.989748510053124,-7.571658028821104,917.11
PI656039,0,0,1.6459578399981305,-6.967423683599302,637.915
PI656040,0,0,2.8318145553922798,-5.889730736362969,54.28
PI656041,0,0,2.106320477052828,-7.7551602620663695,461.23333333333335
PI656042,0,0,2.321853668671189,-7.187516565340037,
PI656043,0,0,1.4154254486539657,-7.784524270314558,840.5649999999999
PI656044,0,0,1.2602630894407287,-9.84543595893631,482.1966666666667
PI656046,1,2,3.3172196713644926,-3.0395585171816863,545.23
PI656047,0,0,2.674895617809166,-7.62761797316404,434.485
PI656048,0,0,1.9012907226348403,-8.651248219064529,0.4
PI656049,0,0,2.66507467280014,-4.595977203757336,533.79
PI656050,0,0,2.382588971301044,-5.327534210167938,49.98
PI656051,0,0,1.5625919297136426,-7.136465620759138,955.9633333333333
PI656052,0,0,2.5149840653808333,-7.525114533427375,1363.48
PI656053,0,0,1.4554191757545183,-8.94390706590406,671.5966666666667
PI656054,0,0,1.3579346827766376,-8.196359872382608,
PI656055,0,0,1.6879523500684963,-8.08048778148012,558.3666666666667
PI656056,0,0,1.823524021679647,-7.535050431157153,690.86
PI656057,0,0,1.9130889982583816,-6.915485127159167,1304.0766666666666
PI656058,0,0,1.7558328321333985,-7.642331959934565,380.68666666666667
PI656059,0,0,2.0078677770902127,-7.323926684333724,1038.16
PI656060,0,0,2.1360182538226056,-6.196174955023142,446.8633333333333
PI656061,0,0,2.4738579787944706,-5.653689825310735,266.54
PI656062,0,0,1.301354257656224,-8.65126158539147,83.06
PI656064,0,0,2.589366929682883,-4.619251181241932,
PI656065,0,0,2.262894468657065,-5.944480575845813,
PI656066,0,0,1.2082507500901658,-6.780122720800279,
PI656067,0,0,2.272120823324631,-5.813803658522311,
PI656068,0,0,1.0851247405395488,-9.288104868764652,380.77333333333337
PI656069,0,0,1.9968174800275564,-6.895779454344727,1008.84
PI656070,0,0,2.423228441393748,-7.364052106091194,603.23
PI656071,0,0,2.6175447373214054,-5.917384441265888,286.63000000000005
PI656072,0,0,1.848288212510193,-7.818989175278141,449.89333333333326
PI656073,0,0,2.034670716733731,-8.284748207129645,1173.32
PI656074,0,1,1.4487256366906538,-6.919183072255949,10.67
PI656075,0,0,1.3494218910761,-7.4870795544236755,1028.825
PI656076,0,0,1.2458203613421714,-10.035853597131938,52.4
PI656077,0,0,2.4022447155312845,-5.016398364558763,572.7766666666668
PI656078,0,0,2.0723936051870178,-7.459352424533402,433.23
PI656079,0,0,2.558418312096709,-5.898713953106279,623.2900000000001
PI656082,2,0,3.4145688769827665,-4.634030172112796,640.79
PI656083,0,0,2.167273173977729,-6.773309125244368,344.26
PI656085,0,0,2.023678465047228,-7.078522692687399,1416.8533333333332
PI656086,0,0,1.6990282785535225,-7.167309343981508,557.37
PI656087,0,0,3.1267999582249355,-4.169017368206627,316.01666666666665
PI656088,0,2,2.780298502179363,-3.6372227176852814,1055.02
PI656091,0,0,1.7178017871252582,-7.818843700233241,339.25333333333333
PI656092,0,0,2.417670604963376,-6.862906894797073,225.77666666666664
PI656093,0,0,2.602377183025702,-4.577775817030682,785.115
PI656094,0,0,2.5899221520293816,-4.826822454011463,808.6733333333333
PI656095,0,0,1.9201907453937488,-5.047055821911417,766.7066666666666
PI656096,0,0,2.7491325818526526,-4.515493711349921,1007.5
PI656097,0,0,2.0361156825669564,-6.544457404418514,302.58
PI656098,0,0,2.6771986828605647,-6.852227065678825,915.09
PI656099,0,0,2.081633622586463,-6.055149394196702,601.82
PI656100,0,0,2.089418029096456,-7.835934875274328,2.86
PI656101,0,0,3.199958870093443,-4.203368199135897,435.77333333333337
PI656102,0,0,2.905190151012999,-5.011036504147175,553.42
PI656103,2,2,3.093496386216544,-3.761775115606576,249.28
PI656104,0,0,1.5368094506597936,-8.352173114562676,355.545
PI656105,0,0,2.1613570812394043,-7.364576396925026,114.52333333333335
PI656106,0,0,2.2120162833784023,-7.130660859364646,437.31666666666666
PI656107,0,0,2.2662529929301307,-4.682614029352303,518.57
PI656108,0,0,2.574005826249714,-4.176223865318848,312.63666666666666
PI656109,0,0,2.8124712739211617,-6.516326568709335,318.02
PI656111,0,0,2.292750099166914,-6.436001425166843,520.59
PI656112,0,0,2.8442525361978617,-4.257322625536007,605.5766666666667
PI656118,0,0,1.7496973115242975,-7.196287000693639,882.7166666666667
PI656120,0,0,1.4607146216445257,-9.795866642552204,2695.295
PI656121,0,0,3.036152513617898,-4.749568813869358,476.39000000000004
PI659691,0,0,1.917022918902422,-7.5440531269200095,936.1333333333332
PI659694,0,0,1.2156155645852167,-8.867579432684474,236.74499999999998
PI659695,0,0,1.821342768056478,-5.880214406093513,326.6333333333333
PI659696,0,0,1.9414996113417904,-5.648577839620181,519.2433333333333
PI659753,0,0,2.314717712000063,-5.722774161291506,275.2033333333333
SC0003,0,0,2.1013713941486976,-5.905015473279162,0.57
SC0027,0,0,1.9003879697708816,-6.613631794949952,17.86
SC0041,0,0,1.729781182690548,-5.478082439223357,0.34
SC0092,0,0,1.864554013884269,-8.840065849076161,96.94
SC0138,0,0,1.7961097519324525,-6.6271974544976375,0.28
SC0150,0,0,2.1857614096695936,-5.347228942796796,47.1
SC0156,2,2,2.3904031867183315,-6.108649653451701,135.03
SC0157,0,0,2.578572067251024,-5.088984476868872,21.75
SC0159,2,2,2.620983381764498,-4.235974453338153,41.13
SC0178,2,2,3.020675801124337,-5.162883838631709,23.32
SC0179,0,0,2.200217471204101,-7.526534215897051,247.34
SC0191,0,0,2.0994702052061225,-6.319761051055693,0.15
SC0201,0,0,2.0431659553175527,-6.207450396635283,6.86
SC0236,2,2,2.730626531695404,-4.416535142884338,88.38
SC0247,0,0,2.1013903864923726,-8.578667112502453,0.76
SC0263,0,0,1.8596721633859992,-7.996752457854055,76.55
SC0266,0,0,2.311266419264657,-5.299533358299135,11.43
SC0276,0,0,2.3403349349742864,-3.258039643234575,
SC0287,0,0,2.154630108421117,-6.437046871633928,
SC0297,0,0,3.4979888707178137,-2.4295398890229185,248.98
SC0314,0,0,2.152205675141988,-5.995662158745381,0.0
SC0343,0,0,2.48588553524492,-4.779160090184945,
SC0371,0,0,3.019604641591262,-3.569776467705553,21.63
SC0400,0,0,2.102834458646376,-6.7447107807783615,
SC0409,0,0,2.8571659104106395,-5.481148468371597,4.27
SC0436,0,0,1.9587302558177544,-5.243514905780003,15.16
SC0445,0,0,2.1578531295310768,-6.403389351374701,10.62
SC0448,0,0,2.313104329859216,-6.193899126251102,0.95
SC0456,0,0,2.197125884573021,-4.10190739392208,1.55
SC0458,0,0,1.6916614586879777,-7.980458153307734,12.89
SC0470,0,0,2.2036960826925345,-6.372217268654574,0.03
SC0479,0,0,2.0009773520561294,-7.974551881928986,33.01
SC0505,0,0,2.2999602176813063,-5.431492190745672,0.18
SC0517,0,0,2.2743426806820617,-5.872600187509842,6.1
SC0521,0,0,3.131926310136148,-3.120477675532848,
SC0540,0,0,2.9485421669483487,-4.527482846274953,6.09
SC0542,0,0,1.9921061253869772,-6.9532394074170485,1.2
SC0550,0,2,1.9327371531952184,-6.545992784390895,37.6
SC0551,0,0,3.070902923678013,-4.4981872848556375,166.86
SC0556,0,0,2.0693748714241176,-6.743528373200935,10.81
SC0581,0,0,1.2793496595575176,-9.052777807873428,2.01
SC0582,0,0,2.57272134094602,-5.675648014083149,2.14
SC0602,0,0,1.740932673064655,-7.196525259034922,
SC0616,0,0,2.168243499296483,-5.871962890734467,
SC0618,0,0,1.661198136703512,-7.085227531001536,15.82
SC0631,0,0,2.039882511550472,-7.17079972988746,1.02
SC0636,0,0,2.591273791306209,-4.559741175422376,1.06
SC0685,0,0,2.5672607692003497,-4.761607158403169,4.61
SC0713,0,0,2.318231307368124,-5.519732078364382,2.43
SC0741,0,0,2.6051386087238777,-3.659376088822284,0.36
SC0747,0,0,2.354027064039621,-5.6437595356263,37.22
SC0753,0,0,2.4003650488002988,-5.245590179798819,0.64
SC0777,0,0,2.7268592093902635,-7.004852379735995,22.76
SC0814,0,0,2.806889477441288,-4.789407101730655,20.85
SC0823,0,0,2.486319669841646,-5.529459804023219,0.42
SC0834,0,0,3.1139062576400063,-3.01935844458559,11.52
SC0837,0,0,1.872491648479099,-7.621410964198255,
SC0847,0,0,3.408085180804821,-1.960572116417313,249.34
SC0848,0,0,2.874651164913807,-3.942136848784288,0.16
SC0854,0,0,2.2638446351578807,-5.207588996656458,3.13
SC0858,0,0,2.191596596288732,-5.355555010366234,0.44
SC0860,0,0,2.6584775205559428,-6.100299197486683,4.66
SC0864,0,0,3.157229629181125,-3.832047332687452,
SC0868,0,0,2.081347330844659,-6.751770064066934,0.33
SC0870,0,0,2.200857944771357,-6.382899916077353,30.74
SC0871,0,0,3.708100848434017,-2.1009181109725645,18.56
SC0877,0,0,2.3759418676762127,-5.557043443465609,
SC0878,0,0,,,1.02
SC0893,0,0,1.5440566781474216,-6.828292313289966,40.39
SC0895,0,0,,,
SC0914,0,0,1.7534350955033224,-7.51845145531387,41.05
SC0921,0,0,2.171212961949305,-7.261916165557847,21.17
SC0923,0,0,2.9832695266283222,-2.917141242623935,
SC0965,0,0,2.91447427435263,-2.43662856611059,
SC1021,0,0,2.314084124641946,-5.806628742141882,74.7
SC1023,0,0,3.133265890736887,-4.623675962369632,17.85
SC1058,0,0,2.967694617848122,-3.510436562202777,1.78
SC1082,0,0,2.6188620457077194,-5.594904607671035,29.88
SC1097,0,0,1.733888246613975,-5.859152976365451,166.94
SC1107,0,0,1.895096340011023,-6.163434595896875,0.29
SC1114,0,0,2.8892011769802446,-5.075668544239134,6.61
SC1119,0,0,2.619592777808003,-4.34970160780051,36.93
SC1120,0,0,2.4647908659208486,-4.896022983662618,12.11
SC1133,0,0,2.286408654438686,-6.262635942269721,0.06
SC1166,0,0,2.486419958907758,-4.302311343628091,25.8
SC1170,0,0,2.695211076916114,-3.622730783874796,7.6
SC1178,0,0,2.4470464352465475,-6.321533162203202,
SC1193,0,0,3.037663046639129,-3.686910576146751,0.0
SC1216,0,0,2.1424235392690667,-8.423342266984278,0.0
SC1442,0,0,2.005944156260212,-7.186405796403345,
SC1446,0,0,2.309593452769274,-6.274888826172125,
PI533755,0,0,2.1025260712594367,-6.798480175077119,17.17
PI533772,0,0,2.516834902770496,-5.880212732858764,
PI533775,0,0,3.00758137173342,-3.596137709911825,25.46
PI533780,0,0,2.5650691213937944,-5.219681441096427,
PI533854,1,0,2.8097181248480614,-4.449916533564513,
PI533859,0,0,2.1293371579487315,-5.806640672891774,9.18
PI533926,0,0,2.8934971377099536,-4.337197993573008,30.7
PI533952,0,0,2.9811413512100926,-4.364398001036788,
PI533963,0,0,1.8510961434642423,-6.6722879680221405,0.28
PI534088,0,0,2.2476429831167875,-4.598142070517718,0.34
PI534098,0,0,2.599598110390249,-5.677131301996813,3.49
PI534121,0,0,1.7371934269922973,-7.140624172600354,
PI534130,0,0,1.937031608580578,-6.928332439423648,619.08
PI534166,1,0,2.8458299084845184,-3.42807807410143,
PI543247,0,0,2.1025134801372314,-6.573545763539014,
PI554646,0,0,2.698952161884046,-5.650905776410591,
PI554648,0,0,1.958576598767381,-8.085893093714514,
PI576350,0,0,2.6942469351111,-6.341144401102068,
PI576366,0,0,1.887890171328317,-7.665365804158137,
PI576385,0,0,1.9884951360145735,-5.170665712890701,
PI576391,0,0,2.4514903046114327,-6.142660152467625,73.89
PI576420,0,0,2.712170845824922,-4.71311516934732,1.95
PI585291,0,0,1.4393548701960424,-8.30587497990427,
PI595729,0,0,2.1774685153604536,-6.536271652454531,122.77
PI642793,0,0,2.0623215044910137,-7.521303696975915,
PI656090,0,0,2.37629041339726,-5.488705186518175,736.915
PI656110,2,2,2.8023102517693745,-3.360048797503234,632.4633333333333
PI656115,0,2,2.919396560977241,-4.587242998172669,4.5
SC0412,0,0,2.419932040253053,-4.813359758150122,
SC0604,0,0,2.701188796725469,-4.911268592300688,
SC0615,0,0,2.836624293006225,-3.921243984811889,
SC0652,0,0,2.9140981059875664,-4.642978782283281,
SC0999,0,0,2.2668294632017143,-6.627102274809952,0.0
SC1024,2,2,2.4601748173841167,-4.99089586093508,192.07
PI153852,0,0,2.116807082114652,-7.621529073852028,
PI533827,0,0,2.198232888906916,-6.601101769590161,0.0
PI533865,0,0,1.748624951154539,-7.439902440365975,1.38
PI533883,1,0,3.006472491498932,-4.050561928778896,221.63
PI533890,0,0,2.2858632584945595,-5.441783809171704,
PI533933,0,0,1.9289232896572892,-7.599531886825795,2.2
PI534018,0,0,2.317141578981095,-6.933154169152399,4.61
PI534024,0,0,1.805047695424142,-6.4003379944005925,4.69
PI534087,0,0,3.492426176262289,-2.1540621822757924,57.65
PI534093,0,0,2.8754921250444974,-3.665941838272543,
PI534125,0,0,2.190256630274669,-6.8812845019565305,150.68
PI534143,0,0,3.1705639940091386,-3.7295288540203098,
PI561472,0,0,1.312415052238396,-8.819161994580746,1003.665
PI574397,0,0,2.2147353225001662,-6.283971383001348,
PI576331,0,0,3.272690915658829,-3.501832112495231,39.2
PI576353,0,0,2.3638770112133223,-7.064294086133177,0.99
PI576430,0,0,3.018438249881481,-5.030664142269066,0.28
PI603983,0,0,1.736206908821593,-7.482953252940577,
PI605723,0,0,2.113711278752372,-7.191715491454133,
PI605724,0,0,1.6678371121161502,-6.524157196445966,
PI605725,0,0,1.6385752083104173,-7.14752319001772,
PI605726,0,0,2.4825563464483427,-6.455594074395368,
PI606788,0,0,1.4051835565549915,-6.988414259253766,
PI613611,0,0,3.3212449916975677,-2.2161502138098363,
PI613613,0,0,2.604210084334319,-5.589623260156513,
PI619402,0,0,2.0253930907624182,-7.246933901368632,
PI656013,2,2,3.458060614737604,-2.955233334946133,0.13
PI656014,0,0,2.4188075980644714,-5.333388887257248,2.41
PI656032,0,0,1.8029098320605776,-8.745277305860174,0.83
PI656063,0,0,2.531859718021781,-5.517005510195288,0.79
PI656113,0,2,2.9067705367245464,-5.1218460241375965,561.355
PI656114,0,0,1.5284509115675329,-8.270929076955957,
SC0235,0,0,2.7837933270354966,-6.264893008227665,130.77
SC0249,0,0,2.0491104021282576,-7.076064389468987,2.06
SC0438,0,0,2.5196380626524686,-4.863629560410874,0.12
SC0463,0,0,2.611994803847737,-6.187904390614753,
SC0547,1,0,,,26.18
SC0759,0,0,2.5542065118595643,-5.9926012254130505,5.07
