genotype,peak_dose,lof_dose,human_score,disease_exg,G019100_expr_log2,G019100_tpm
BTx643,0,0,1.375,0.06654019974,,
BTx645,0,0,,0.12092981678333332,3.130930869826449,7.76
PI152651,0,0,2.75,0.729408176959091,2.587364990936461,5.010000000000001
PI153844,0,0,,0.15887965096363635,2.6507645591169022,5.28
PI153846,0,0,,1.3351078969925925,3.039138393906958,7.22
PI156549,0,0,,,,
PI17548,0,0,,,2.608809242675524,5.1
PI22326,0,0,1.75,0.0390357677,0.12432813500220177,0.09
PI24969,0,0,,0.22509293778421055,2.7527485914071335,5.739999999999999
PI276837,0,0,1.25,0.006871153582608696,2.5046203924035524,4.675
PI329435,0,0,,0.006633553933333334,,
PI329440,0,0,2.6875,0.8952705564685713,1.857980995127572,2.625
PI34911,0,0,,0.08209392856666667,0.0,0.0
PI35038,0,0,2.25,0.6142161361999999,1.269033146455237,1.4100000000000001
PI48770,0,0,2.125,0.41298623889,2.4711874603869854,4.545
PI533745,2,0,,1.1273888008333333,1.0772429989324606,1.11
PI533746,2,0,,1.17032912972,1.6915341649192002,2.23
PI533747,0,0,,1.7908353712,3.323370069061269,9.01
PI533749,0,0,2.5,0.9878587843909091,0.04264433740849372,0.03
PI533751,0,0,2.0,0.18533735390476191,2.2898344651775093,3.89
PI533752,0,0,1.5,0.17689581048333333,0.023846741954367662,0.016666666666666666
PI533753,0,0,2.5,0.36594621873333333,2.3645724322958563,4.15
PI533754,0,0,,0.5527159157888888,3.3622360835408993,9.283333333333333
PI533756,0,0,,0.35679057194444447,3.389566811762726,9.48
PI533757,0,0,1.5,0.03847637632,2.9975935022929048,6.986666666666667
PI533758,0,0,,1.166856881204762,2.92283213947754,6.583333333333333
PI533759,0,0,,0.46225655081333333,0.009586048829197932,0.006666666666666667
PI533760,0,0,2.0,0.10247786615652174,3.20006486151431,8.19
PI533761,0,0,1.5,0.3304769467478261,2.771885578515366,5.830000000000001
PI533762,0,0,,0.6989234065090909,3.3822061068114717,9.426666666666668
PI533763,0,2,2.625,1.6324500885818183,,
PI533764,0,0,2.25,0.5223105716666666,1.9597701552114672,2.89
PI533765,0,0,,0.9190352423,1.8237493603082728,2.54
PI533766,0,0,1.25,0.2982131753043479,2.73768676140986,5.669999999999999
PI533768,0,0,1.75,0.32299321276363635,,
PI533769,0,0,,0.14961210272068967,2.700439718141092,5.5
PI533770,0,0,,1.1424492746666666,2.9373443921502322,6.66
PI533771,0,0,2.75,0.28611858880476193,3.733354340613827,12.3
PI533774,0,0,1.625,0.07122576453783784,3.070389327891398,7.4
PI533776,0,2,2.75,0.9080159138888888,2.821029858954681,6.066666666666667
PI533777,0,0,2.75,1.642777846425,2.424922088210688,4.37
PI533778,0,2,2.75,1.0601998625391305,2.7463127664254587,5.71
PI533779,0,0,,0.05673720287,,
PI533781,0,0,2.75,0.98783391482,,
PI533782,0,0,2.5,1.4125231509789473,,
PI533783,0,0,2.25,0.9329759633636364,0.0,0.0
PI533784,0,0,,0.8624021409642858,2.3248106034204836,4.01
PI533785,0,0,1.75,0.40002385018333336,0.23061292814141637,0.17333333333333334
PI533786,0,0,2.0,0.2836354804,3.2957230245399685,8.82
PI533787,0,0,2.0,0.978912469925,,
PI533788,0,0,,0.5056021625357142,3.1610814822771838,7.945
PI533789,0,0,1.875,0.15629090851578947,2.569653110605738,4.9366666666666665
PI533790,0,0,3.25,1.18633243578,3.374343989038501,9.37
PI533791,0,0,2.75,1.28308843655,2.646162657157894,5.26
PI533792,0,0,,0.7929925155,3.249445341085839,8.51
PI533793,0,0,,0.06190974479,1.7048719644563528,2.26
PI533794,0,0,2.0833333333333335,1.5270053992666666,3.27550375779601,8.683333333333332
PI533795,0,0,,0.8889803218962963,4.071247819461443,15.81
PI533797,0,0,2.0,0.32798967367272724,3.8011586560936985,12.94
PI533798,0,0,1.5,0.15753743218333335,2.948600847493356,6.72
PI533799,0,0,,0.17864298475454546,3.2549970867683755,8.546666666666667
PI533800,0,0,1.25,0.33007236851666666,3.566003282835341,10.843333333333334
PI533802,0,0,1.25,0.009790082516666666,2.873813198359087,6.33
PI533803,0,2,,0.9759528045470589,2.4620523187964327,4.51
PI533804,0,0,1.75,1.0750496414615385,2.361768359419153,4.14
PI533807,0,0,3.5,0.8460727628333333,0.07952033964352634,0.05666666666666667
PI533808,0,0,,0.7373040428777778,3.3854310371935203,9.45
PI533809,0,0,,0.79135138075,3.250961573533219,8.52
PI533810,0,0,1.625,0.8646359004,0.02856915219677092,0.02
PI533811,0,0,,1.6668698766,2.963474123974886,6.8
PI533812,0,0,,0.3463847019357143,3.5921580021253603,11.06
PI533813,0,0,,0.10373893399999999,3.3687683490903346,9.33
PI533814,0,0,1.5,0.042055658100000004,3.3950627995175777,9.52
PI533816,0,0,2.375,0.3066014542742857,3.894332742277694,13.87
PI533818,0,0,1.5,0.5410928211363637,2.2600256559614555,3.79
PI533819,0,0,,0.8319843213217392,2.790772037862,5.92
PI533820,0,0,,0.7418073164944444,,
PI533821,0,0,2.0,0.44205980496153846,3.2774888906044257,8.696666666666667
PI533822,0,0,,0.22583818094,3.454175893185802,9.959999999999999
PI533823,0,0,2.75,1.9628964679157896,2.729008870337863,5.63
PI533824,0,0,2.25,0.18715013914705883,2.0071955014042038,3.02
PI533825,0,0,2.375,0.24066761902173914,3.7092906357233577,12.08
PI533828,0,0,2.5,1.8108406880833334,2.4515408330178317,4.47
PI533829,0,0,2.5,1.6300481344826085,3.1667154449664223,7.98
PI533830,0,0,,2.476961612633333,0.08406426478847455,0.060000000000000005
PI533831,0,0,1.75,0.2986752926409091,3.2213615566688723,8.326666666666666
PI533832,0,0,1.5,0.5285962413181818,,
PI533833,0,0,,0.7687017914,3.06981671623836,7.396666666666666
PI533834,0,0,1.75,0.03721124431818182,,
PI533835,0,0,1.5,0.13025290268095238,2.513490745588118,4.71
PI533836,0,0,2.25,0.6763822665263157,3.729008870337863,12.26
PI533837,0,0,1.5,0.07713680371666667,2.333423733725192,4.04
PI533838,0,0,,0.4826535834,2.176322772640463,3.52
PI533839,0,0,,0.10673134755238096,2.711494906650088,5.55
PI533840,0,2,4.25,1.3792368584181818,2.8196681834964554,6.06
PI533841,0,0,2.125,0.5352747695166666,0.0,0.0
PI533842,0,0,1.5,0.07704632310909092,3.6205864104518777,11.3
PI533844,0,0,,0.0118046681,1.899175630480513,2.73
PI533846,0,0,1.75,0.8744723269666667,3.250961573533219,8.52
PI533847,0,0,,0.2708236540764706,2.035623909730721,3.1
PI533848,0,0,,1.0375463610434783,2.855989697308481,6.24
PI533849,0,0,,2.0948433389529413,,
PI533850,0,0,2.0,1.2781132281142855,3.569248029867182,10.87
PI533851,0,0,2.375,0.31928431521333334,2.4854268271702415,4.6
PI533853,0,0,1.5,0.14174521886842104,3.593353770980297,11.07
PI533855,0,0,,0.33551043788,2.560714954474479,4.8999999999999995
PI533856,0,0,2.0,0.3837282046409091,2.8589756142920195,6.255
PI533857,0,0,3.0,1.0205518517681818,2.280956313831056,3.86
PI533858,0,0,1.375,0.046721954170588234,,
PI533860,0,0,2.1666666666666665,0.20702004780000002,3.5109619192773796,10.4
PI533861,0,0,,0.226147702825,1.0214797274104517,1.03
PI533862,0,0,4.125,2.017377989366667,,
PI533863,0,0,1.75,0.13743998964285714,1.456806149230474,1.745
PI533864,0,0,2.75,0.293111579,3.9717734471933728,14.69
PI533867,0,0,3.0,1.3408785488818182,3.6803243568440163,11.82
PI533869,0,0,2.4166666666666665,1.21323587396,1.726831217032493,2.31
PI533870,0,0,,0.5257793135000001,3.795974694206668,12.89
PI533871,0,0,2.0,0.13361554564782607,2.129832510397006,3.3766666666666665
PI533872,0,0,1.75,0.09340986786086958,3.3687683490903346,9.33
PI533873,0,0,4.25,1.3690942111650002,3.0443941193584534,7.25
PI533874,0,0,2.0,0.9133336594333333,0.3103401206121505,0.24
PI533876,0,0,2.125,1.317958586826087,0.03562390973072122,0.025
PI533877,0,2,2.5,1.0513360627894737,2.545144677937677,4.836666666666667
PI533878,0,0,1.25,0.2279344087409091,3.5285713188707577,10.54
PI533879,0,0,,1.26740578854,,
PI533880,0,0,2.25,0.6105248676333334,2.0,3.0
PI533881,0,0,,1.30518560895,3.1667154449664223,7.98
PI533882,0,0,,0.06113171563333333,2.523561956057013,4.75
PI533884,0,0,2.5,1.068729665775,2.8639384504239715,6.28
PI533885,0,0,3.75,1.3270420528391305,3.1795110502715103,8.06
PI533887,0,0,,0.0582689081,0.0,0.0
PI533888,0,0,2.0,1.0642613392052631,0.0,0.0
PI533893,0,0,2.0833333333333335,0.4616938235166667,3.8529975876133165,13.45
PI533894,0,0,,1.16878045505,3.883620816285671,13.76
PI533895,0,0,,0.37851870489,,
PI533897,0,0,,0.5517928769238095,3.0874628412503395,7.5
PI533898,0,2,2.0,0.3508705564,2.693765712217783,5.47
PI533899,0,0,2.25,0.83060728646,1.7048719644563528,2.26
PI533900,0,2,2.5,0.58086030926,2.3533232911628965,4.11
PI533901,0,0,,,1.7398481026993275,2.34
PI533902,0,0,1.75,0.24319599838333336,2.651912744645783,5.285
PI533903,0,0,1.75,0.2876980774818182,1.5041966311900818,1.8366666666666667
PI533904,0,0,2.75,1.5256167837714285,2.0806576633452254,3.23
PI533905,0,0,2.6875,1.2310284366228572,2.1342209397606338,3.39
PI533906,0,0,1.9166666666666667,0.23992340296666667,3.3645724322958563,9.3
PI533907,0,0,1.3,0.08271295097619047,2.2203299548795554,3.66
PI533908,0,0,,0.4429956932466667,1.9781956296816516,2.94
PI533909,0,0,1.5,0.9704203449,3.41006969175638,9.63
PI533910,0,0,1.125,0.08447608441764706,2.8011586560936985,5.97
PI533911,0,0,1.5,1.4207186309333333,0.4646682670034445,0.38000000000000006
PI533912,0,0,,0.5255727342571429,3.5443205162238103,10.666666666666666
PI533913,0,0,2.0,0.5756965811210527,3.0250287944915226,7.14
PI533914,0,0,,0.36188153778260873,3.4208865749755315,9.71
PI533915,0,0,1.875,0.7556207804612903,3.2637856138908026,8.605
PI533916,0,0,1.9166666666666667,0.8037770082222222,3.7463127664254587,12.42
PI533917,0,2,1.5,0.12728538707058823,1.765534746362977,2.4
PI533918,0,0,,0.15576180730526318,3.4342946179599254,9.81
PI533919,0,0,,1.22783095146,3.255500733148386,8.549999999999999
PI533920,0,0,1.875,0.15193975324545453,3.097610796626422,7.56
PI533921,0,0,1.5,0.19825960976666668,2.7803100990433753,5.87
PI533922,0,0,2.625,0.7982361072476191,2.711494906650088,5.55
PI533923,0,0,,0.15062724619130433,2.974529312483882,6.86
PI533924,0,0,,0.12838848566363636,3.0107798387532423,7.06
PI533925,0,0,2.5,0.529611458226087,2.6530600171045644,5.29
PI533927,0,0,,,2.361768359419153,4.14
PI533928,0,0,1.5,0.42294161732,2.903038270112912,6.48
PI533929,0,0,1.0,0.0065686227111111115,1.1505596765753812,1.22
PI533930,0,0,1.75,0.2909224591909091,3.9020735793107426,13.95
PI533931,2,0,3.5,1.8026321225565216,0.09761079662642233,0.07
PI533932,0,0,,0.16076468975,,
PI533934,0,0,,0.31910650717391303,2.673556423990145,5.38
PI533935,2,0,,1.619736672942857,2.344828496997441,4.08
PI533936,0,0,2.25,0.15703436140000002,1.0048009862638212,1.0066666666666666
PI533937,0,0,1.75,0.3848664546742857,1.9616233282869446,2.8950000000000005
PI533938,0,0,,0.4956816578954546,1.8619553641448696,2.635
PI533940,2,0,,0.1271163694277778,0.023846741954367662,0.016666666666666666
PI533941,0,0,,0.8304005960173914,1.7180875839605168,2.29
PI533942,0,0,,0.7593749211333334,3.1292830169449664,7.75
PI533943,0,0,,1.1837537791714285,2.070389327891398,3.2
PI533944,0,0,1.875,1.21009089485,2.2898344651775093,3.89
PI533946,0,0,,0.08029353230000001,1.6461626571578936,2.13
PI533947,2,0,2.375,1.12044168779375,1.0071955014042038,1.01
PI533948,0,0,1.875,0.07800089390434782,1.3673710656485294,1.58
PI533949,0,0,,0.40172269656666665,3.306942687490775,8.896666666666667
PI533950,0,0,2.25,0.71306715146,2.974529312483882,6.86
PI533951,0,0,2.5,0.5659903199095238,0.15055967657538138,0.11
PI533953,0,0,,0.456091619,2.424922088210688,4.37
PI533954,0,0,,0.25027564178235295,0.8399595874895318,0.79
PI533955,0,0,2.5,0.5145285297909091,1.5143327036166188,1.8566666666666667
PI533956,0,0,2.0,1.00024942802,3.0908534304511135,7.52
PI533957,0,0,1.4166666666666667,0.14795677874375,3.224451943514742,8.346666666666666
PI533958,0,0,1.9166666666666667,0.539552707225,2.4854268271702415,4.6
PI533959,0,0,3.5,1.8193129046869567,,
PI533960,0,0,,0.20244350909333333,1.5260688116675876,1.88
PI533962,0,0,1.25,0.28297108028571427,3.253485091827302,8.536666666666667
PI533964,0,0,,0.003316776966666667,3.0059987406214432,7.033333333333334
PI533965,0,0,,0.017954728683333334,0.023846741954367662,0.016666666666666666
PI533966,0,0,2.25,0.7200281892869566,3.1009776477248208,7.58
PI533967,0,0,,1.1389756649,2.7513208871432764,5.733333333333333
PI533968,0,0,2.3333333333333335,1.9542139428333332,0.0,0.0
PI533969,0,0,1.5833333333333333,0.17192741269545453,0.070389327891398,0.05
PI533970,0,0,2.5,0.4909680287666667,2.081794091163647,3.233333333333333
PI533971,0,0,1.75,0.7138822261666666,3.6322682154995127,11.4
PI533972,0,0,,0.05346021278,2.805292455600712,5.99
PI533973,0,0,1.25,0.18692752445454544,,
PI533974,0,0,1.5,0.03695015144,0.0,0.0
PI533975,0,0,3.5,1.2182412641166669,2.2387868595871168,3.72
PI533976,0,0,,0.4393963981833333,0.09761079662642233,0.07
PI533977,0,0,1.375,0.23194123027368418,0.0,0.0
PI533978,0,0,,0.844547668555,0.9781956296816515,0.97
PI533979,0,0,,0.08177681832727272,0.01910882294770474,0.013333333333333334
PI533980,0,0,,0.41202240725,2.798396194663954,5.956666666666666
PI533981,0,0,,0.07464791057777778,3.065227622775619,7.37
PI533982,0,0,,0.3598106264285714,2.0250287944915226,3.07
PI533983,0,0,2.0625,0.21959074878666668,0.09761079662642233,0.07
PI533984,0,0,1.5,0.08280597662222222,1.944858445807539,2.85
PI533985,0,0,1.5,0.24988285493749998,3.197446064206217,8.173333333333334
PI533986,0,0,2.0,0.26323491943157895,3.2755037577960104,8.683333333333334
PI533987,0,0,,0.19046933961,0.009586048829197932,0.006666666666666667
PI533988,0,0,1.375,0.08441647183846154,4.080657663345225,15.92
PI533989,0,0,2.0,0.31526764366666665,3.2484336334420716,8.503333333333332
PI533990,0,0,1.0,0.22134745359444444,2.3248106034204836,4.01
PI533991,0,0,2.25,0.30173812764333335,3.1895610288690754,8.123333333333333
PI533992,0,0,,0.44798578755,3.6357543912777603,11.43
PI533993,0,0,1.25,0.24149790506666666,3.502075956045791,10.33
PI533994,0,0,1.25,0.034016695283333336,,
PI533995,0,0,,0.8374853652157895,0.070389327891398,0.05
PI533996,0,0,2.25,0.5154061432142857,3.73768676140986,12.34
PI533997,0,0,2.5,0.17884161955555555,1.3822061068114713,1.6066666666666667
PI533999,0,0,2.25,0.3762847841666667,3.3659724275933836,9.31
PI534001,0,0,1.25,0.10436468369999999,2.792855352362489,5.93
PI534002,0,0,1.5,0.33257216542,0.18903382439001715,0.14
PI534004,0,0,1.5,0.3347070410285714,2.5801454844233804,4.98
PI534005,0,0,,1.1825216634,3.23112515787905,8.39
PI534006,0,0,2.25,0.013043370673333334,0.070389327891398,0.05
PI534007,0,0,,0.04911797722222223,3.0373822220030804,7.21
PI534008,0,0,1.625,0.14315580848333334,2.792855352362489,5.93
PI534009,0,0,1.1666666666666667,0.3387681529,2.5046203924035524,4.675
PI534010,0,0,1.75,0.18175718750294118,2.438292851579147,4.42
PI534011,0,0,1.875,1.2397353502,3.674686619927999,11.77
PI534013,2,0,1.3333333333333333,0.26559876166875,0.8073549220576041,0.75
PI534014,0,0,1.0,0.0033004378833333334,2.944858445807539,6.7
PI534015,0,0,1.375,0.0825173572952381,0.0,0.0
PI534016,0,0,1.625,0.7030172389333335,2.948600847493356,6.72
PI534017,2,0,,0.6751907875363636,0.12432813500220177,0.09
PI534019,0,0,,0.2183471438285714,2.204766750654613,3.61
PI534020,2,0,2.75,1.0008773251166667,0.13750352374993502,0.1
PI534021,0,0,1.5,0.13921350695,3.016139702655253,7.09
PI534022,0,0,2.3333333333333335,0.470107916575,,
PI534023,0,0,,2.002583785114286,,
PI534025,0,0,1.25,0.19349509466153844,2.821710215034674,6.07
PI534026,0,0,2.25,0.28914160163333336,,
PI534027,0,0,3.75,1.6949587499142857,,
PI534028,0,0,2.25,0.43737034188,2.9945797242157473,6.97
PI534030,0,0,1.5,0.35976101683333334,3.0942360698457656,7.54
PI534031,0,0,,0.4933686063304348,,
PI534032,0,0,1.25,0.124624060545,0.02856915219677092,0.02
PI534033,0,0,1.25,0.7830888953166667,,
PI534034,0,0,1.75,0.8115977365333333,,
PI534035,0,0,2.375,0.766453378209091,0.0,0.0
PI534036,0,0,1.75,0.09120110113,2.613531652917927,5.12
PI534037,0,0,,0.408385527955,3.0947990727956967,7.543333333333333
PI534038,0,0,2.75,0.5425068199086956,2.7845039829295666,5.89
PI534040,0,0,,0.5105612577631579,3.203201156316611,8.21
PI534041,0,0,,0.15410808990869565,,
PI534042,0,0,2.5,1.62265040595,,
PI534043,0,0,1.75,0.057265212121739135,3.0908534304511135,7.52
PI534044,0,0,1.875,0.4438307835695652,,
PI534045,0,0,1.125,0.009877283275,0.08406426478847455,0.06
PI534046,0,0,2.5,0.841690615726923,2.6952514950894635,5.476666666666667
PI534047,0,0,,0.6149649429473684,1.1076878693143737,1.155
PI534049,0,0,,0.019783402999999998,0.04264433740849372,0.03
PI534050,0,0,1.8125,0.5253844957173913,2.2203299548795554,3.66
PI534051,0,0,2.25,0.590405443068421,0.04264433740849372,0.03
PI534052,0,0,,0.442012245275,,
PI534053,0,0,2.0833333333333335,0.5600074915166667,2.8318772411916733,6.12
PI534054,0,0,1.25,0.24271003566666668,2.337235347675211,4.053333333333334
PI534055,0,0,,0.8411564108333334,0.02856915219677092,0.02
PI534057,0,0,2.0,0.2795386004888889,0.0,0.0
PI534058,0,0,,1.8505307997217393,3.8429788317883253,13.35
PI534059,0,0,1.5,0.45961260756666666,3.655351828612554,11.6
PI534060,0,0,1.75,0.8666672055000001,3.5285713188707577,10.54
PI534061,0,0,,0.2129420896,,
PI534062,0,0,1.375,0.41168863919411763,2.060047383669939,3.17
PI534063,0,0,1.5,0.07198277143000001,3.180307019969433,8.065
PI534065,0,2,2.5,0.9502563398388888,1.996388746447621,2.99
PI534066,0,0,2.25,0.5635835894529412,3.6848187375532224,11.86
PI534067,0,2,3.25,1.5567802649,2.4515408330178317,4.47
PI534069,0,2,2.3333333333333335,0.8487421875636364,2.1043366598147357,3.3
PI534070,0,0,,1.9836512490333333,3.1082456481888605,7.623333333333334
PI534072,0,0,1.5,0.2960454771478261,3.1969217338203295,8.17
PI534073,0,0,2.5,1.39202370582,2.711494906650088,5.55
PI534074,0,0,,0.09715389155714285,3.4620523187964327,10.02
PI534075,0,0,,0.488395206637931,3.6421239161534875,11.485
PI534076,0,0,2.0,0.4939876708,3.8399595874895316,13.32
PI534077,0,2,2.25,0.44851428911052627,1.7180875839605168,2.29
PI534078,0,0,1.75,0.2613318867235294,2.570462931026041,4.94
PI534079,0,0,1.75,0.06991705007272728,1.298658315564515,1.46
PI534080,0,2,1.25,0.8440519500606061,2.2357270598380583,3.71
PI534081,0,0,3.25,1.6821710734090909,2.8094144442358986,6.01
PI534082,0,0,3.25,2.401777065408696,1.944858445807539,2.85
PI534083,0,0,1.875,0.56393264639,3.488000770834068,10.22
PI534084,0,0,2.25,1.2913492611666666,2.4489009511451276,4.46
PI534085,0,0,,,3.300123724569014,8.85
PI534086,0,2,2.25,0.9296169781391304,,
PI534089,0,0,,2.2753529363333334,0.11103131238874395,0.08
PI534090,0,2,2.8333333333333335,1.4366644848999999,2.3161457422933562,3.98
PI534091,0,0,2.5,2.5908578251666667,2.1634987322828794,3.48
PI534092,0,0,3.0,1.2148770534526314,3.444490385065814,9.886666666666667
PI534094,0,0,1.625,0.22788064284999998,2.0874628412503395,3.25
PI534096,0,0,,0.2715278449333334,2.495695162624069,4.640000000000001
PI534097,0,0,,0.21401089238333335,0.6446254220194958,0.5633333333333334
PI534099,0,0,,0.1312986555857143,0.021479727410451392,0.015
PI534100,0,0,2.625,1.37212666354375,1.8953026213333068,2.72
PI534101,0,0,,0.8295996398500001,1.8223902504188838,2.5366666666666666
PI534102,0,0,,0.03146378932727273,2.6322682154995127,5.2
PI534103,0,0,1.5,0.04465916962000001,1.9373443921502325,2.83
PI534105,0,0,,0.34266197351666666,3.481987743203471,10.173333333333334
PI534106,0,0,,0.13163422106,2.582556003014061,4.99
PI534107,0,0,1.25,0.8542016414478262,2.5285713188707577,4.77
PI534108,0,0,,0.4307726443818182,3.140778655782796,7.82
PI534109,0,0,,1.3252363491409092,0.7398481026993274,0.67
PI534110,0,0,1.625,0.1447410614,3.2957230245399685,8.82
PI534111,0,0,2.125,1.0794192407193548,,
PI534112,0,0,,0.10540060398181819,3.033863451866284,7.19
PI534113,0,0,1.75,0.07563614825652173,3.257010618206024,8.56
PI534114,0,0,,0.5015891956333333,2.869213392464646,6.3066666666666675
PI534115,0,0,1.0,0.7922244250449999,3.474219698490536,10.113333333333333
PI534116,0,0,1.6666666666666667,0.9024887315666666,3.2577649685713874,8.565
PI534117,0,0,3.0,0.877102527111111,3.449341267046879,9.923333333333334
PI534118,0,0,,0.333232335825,3.503348735167504,10.34
PI534119,0,0,,0.029778976164285716,,
PI534120,0,0,2.125,0.46296853425,3.723558561472103,12.21
PI534122,0,0,1.5,0.289158782175,3.2645364309990255,8.61
PI534123,0,0,2.25,0.43451225744285715,2.797012977836145,5.95
PI534124,0,0,2.0,0.62318409768,,
PI534126,0,0,3.75,2.19230352625,2.5582676340557358,4.89
PI534127,0,0,,0.12377211424666666,2.189033824390017,3.56
PI534128,0,0,,0.0489177873368421,2.364572432295856,4.1499999999999995
PI534131,0,0,1.5,0.1336380333590909,,
PI534132,0,0,1.5,0.20163729957000004,3.0959244199985356,7.55
PI534133,0,0,,0.47802971976,2.83255250216393,6.123333333333334
PI534134,0,0,2.5,1.19805213234,3.3476656563009706,9.18
PI534135,0,0,,0.021749813933333334,2.374343989038501,4.185
PI534136,0,0,1.25,0.01731950235238095,3.3868109464722167,9.46
PI534137,0,0,1.25,0.10204289024444445,2.792161248408331,5.926666666666667
PI534138,0,0,2.25,0.5439542668260869,,
PI534139,0,0,2.25,0.48153552398,2.7570232465074596,5.76
PI534140,0,0,1.0,0.04471961793333334,,
PI534141,0,0,,0.3281945413,3.114367024952,7.66
PI534142,0,0,3.5,2.4573913704514285,1.8639384504239715,2.64
PI534144,0,0,2.0833333333333335,0.36043688204,3.032100843167024,7.18
PI534145,0,0,,,2.823749360308273,6.08
PI534146,0,0,,0.7192593223466666,3.12267271882414,7.71
PI534147,0,0,3.0,1.6891936751599999,3.5716768099709313,10.89
PI534148,0,0,2.125,0.7083871691130434,3.57106999816771,10.885
PI534149,0,0,1.75,0.0198026273,,
PI534150,0,0,,0.580093959685,2.321928094887362,4.0
PI534151,2,0,1.875,0.09855048346363637,0.0,0.0
PI534152,0,0,1.5,0.27079853734000003,,
PI534153,0,0,2.5,0.761312942925,3.9020735793107426,13.95
PI534154,0,0,1.5,0.06440489611333335,2.4276061727818994,4.38
PI534155,0,0,,0.0856844686,2.2499509289798825,3.7566666666666664
PI534156,0,0,1.875,0.14451264268181818,,
PI534157,0,0,1.5,0.021396615950000003,3.253485091827302,8.536666666666667
PI534158,0,0,1.25,0.03125021721428571,,
PI534159,0,0,1.5,0.0634706799173913,3.249445341085839,8.51
PI534160,0,0,1.5,0.1529647279043478,1.9297909977185974,2.81
PI534162,2,0,1.875,1.3672072681714285,0.11103131238874395,0.08
PI534163,0,0,1.25,0.4661387722111111,2.838615670260641,6.153333333333333
PI534164,0,0,1.5,1.3527214921000001,2.996388746447621,6.98
PI534165,0,0,1.0,0.03760542544615385,2.550900664647523,4.86
PI534167,0,0,1.5,0.45129543306086956,0.5655971758542251,0.48
PI540816,0,0,1.75,0.2796201013757576,,
PI542406,0,0,,0.009420850285714285,1.613531652917927,2.06
PI542718,2,0,4.5,2.762464729825,0.6507645591169021,0.57
PI543243,0,0,1.5,0.10420072324761905,,
PI544069,0,0,,0.6548504094800001,,
PI548797,0,0,1.0,0.01634508849047619,1.835924074254375,2.57
PI552856,0,0,1.25,0.022991223800000002,3.334139178838237,9.085
PI552861,0,0,1.75,0.7354700043842105,1.9927684307689242,2.98
PI554647,0,0,,,,
PI554649,0,0,1.25,0.045019566233333336,,
PI554650,0,0,1.25,0.05289943541666667,,
PI554652,0,0,,,,
PI554654,0,0,,0.6810016793142858,,
PI555457,0,0,,0.060116390533333335,,
PI561071,0,0,,0.25040894347142856,1.510961919277379,1.8499999999999999
PI561072,0,0,1.5,0.14854216361666667,1.2110121934855116,1.315
PI561073,0,0,,0.022097939325,1.5929552914746867,2.0166666666666666
PI561926,0,0,1.0,0.03044781635,,
PI562621,0,0,,,,
PI562622,0,0,,,,
PI562623,0,0,1.0833333333333333,0.05677851105,,
PI562624,0,0,,,,
PI562625,0,0,,,,
PI562730,0,0,,,,
PI564085,0,0,,,,
PI564163,0,0,1.25,0.338114266182117,3.064413447253318,7.365277777777777
PI564164,0,0,,0.12318205003636364,2.20997316208238,3.6266666666666665
PI564165,0,0,,0.15623380938,1.8626166958277264,2.6366666666666667
PI565121,0,0,,0.047396220793939396,3.3353307994898507,9.093333333333334
PI566819,0,0,,,1.0874628412503393,1.125
PI574398,0,0,1.5,0.43382334281666673,,
PI574406,0,0,,,,
PI574407,0,0,1.25,0.08653264833333334,,
PI576130,0,0,1.5,0.030326699234999997,1.1043366598147357,1.1500000000000001
PI576328,0,0,2.25,0.14116865999375,0.070389327891398,0.05
PI576329,0,0,1.0,0.8799302167333334,1.8953026213333068,2.72
PI576332,0,0,,0.5154601314181818,3.1104746096842133,7.636666666666667
PI576333,0,0,1.25,0.29887753788235294,2.0179219079972626,3.0500000000000003
PI576334,0,2,2.5,2.2280989955391304,,
PI576335,0,0,,0.6709499733217391,,
PI576338,0,0,2.0,1.4058893201666667,3.7441610955704103,12.4
PI576339,0,0,,0.33020840395217393,2.8914191868460786,6.420000000000001
PI576340,0,0,,0.10473278773333333,1.372952097911829,1.5899999999999999
PI576341,0,0,1.5,0.2724317473368421,,
PI576342,0,0,2.0,0.80326539258,,
PI576343,0,0,2.75,0.8816884210045455,3.356143810225275,9.24
PI576345,0,0,1.375,0.7868525379,2.9304219599157917,6.623333333333334
PI576346,0,0,1.75,0.57121858351875,,
PI576348,0,0,,0.7923718097411765,2.643856189774725,5.25
PI576349,0,0,,,4.067810783789621,15.77
PI576351,0,0,2.0,0.29545954435,0.0,0.0
PI576352,0,0,1.75,0.5470696596083333,2.5443205162238103,4.833333333333333
PI576354,0,0,1.75,0.3330748042555556,,
PI576355,0,0,1.625,0.1828133460681818,,
PI576357,0,0,,1.16234111875,,
PI576358,0,0,1.125,0.8051990443699999,3.502075956045791,10.33
PI576359,0,0,2.25,0.4864440169909091,2.8439838440483265,6.18
PI576360,0,0,,0.2980049764851852,3.5323169593327655,10.57
PI576361,2,0,3.875,2.9262273650833333,0.04264433740849372,0.03
PI576362,0,0,2.0,0.1553706587894737,2.8155754288625725,6.04
PI576363,0,0,1.5,0.10736510269999999,0.09761079662642233,0.07
PI576364,0,0,2.125,0.41224407798333335,0.6629650127224295,0.5833333333333334
PI576368,0,0,,0.226014048575,0.0,0.0
PI576369,0,0,1.375,0.2621696016058824,2.0738202332916713,3.21
PI576370,0,0,,0.62100861005,2.6758159311722696,5.39
PI576371,0,0,,0.7177600417166667,2.560714954474479,4.9
PI576372,0,0,1.625,0.05769240842857143,0.2016338611696504,0.15
PI576373,0,0,,0.28649868658695654,2.004800986263821,3.013333333333333
PI576374,0,0,1.875,0.05183160253333333,3.792855352362489,12.86
PI576375,2,0,,1.3104099757636363,2.2539892662307865,3.77
PI576376,0,0,,0.3171639462333333,2.590562100368719,5.023333333333333
PI576377,0,0,,0.24320932655000002,,
PI576378,0,0,2.4166666666666665,0.4359489742,2.920293300211007,6.57
PI576379,0,0,2.375,0.7284631878684211,,
PI576380,0,0,1.625,0.09957922865238096,2.727920454563199,5.625
PI576381,0,0,1.375,0.5202788431333333,2.8982083525087177,6.455
PI576382,0,0,2.25,1.8888427310428573,3.442280035252584,9.87
PI576383,0,0,2.75,0.4470855519833334,2.920293300211007,6.57
PI576386,0,0,,0.02488694058695652,0.03327615487429864,0.023333333333333334
PI576387,0,0,,0.3047930848043478,2.855989697308481,6.24
PI576389,0,0,1.25,0.5380975587190476,1.2630344058337937,1.4
PI576390,0,0,,0.7823620239000001,3.0823619695574735,7.47
PI576392,0,0,1.75,0.8485666843794119,1.875780063068488,2.67
PI576393,0,0,1.25,0.07131544253333334,2.1963972128035034,3.5833333333333335
PI576395,0,0,,0.24834997749545454,2.817623257511431,6.05
PI576396,0,0,,0.08747038772173912,0.04730571477835682,0.03333333333333333
PI576397,0,0,,0.21602496426,2.0250287944915226,3.07
PI576398,0,0,1.75,0.4644335687761905,3.463360885816658,10.03
PI576399,0,0,,1.0407337705904762,2.5084286525318573,4.69
PI576400,0,0,1.5,0.15763788578333335,3.142413437873741,7.83
PI576401,2,0,2.0,0.42699249849473686,0.13750352374993502,0.1
PI576402,2,0,1.25,0.526232313347619,0.04264433740849372,0.03
PI576403,0,0,2.5,0.9261640714454547,0.056583528366367514,0.04
PI576405,0,0,2.125,1.4754469772913041,2.292781749227846,3.9
PI576406,0,0,,1.1442510223888889,4.23342794374847,17.81
PI576407,2,0,,0.619795441,0.27500704749986976,0.21
PI576408,0,0,,1.5803492157,,
PI576409,0,0,2.0,0.5803010012,3.111031312388744,7.64
PI576410,0,0,1.0,0.31365901046000005,2.8379432418910273,6.15
PI576411,0,0,,0.16005858176666668,0.056583528366367514,0.04
PI576412,0,0,,0.5010491968,0.0,0.0
PI576413,0,0,2.0,1.01947973492,2.3248106034204836,4.01
PI576414,0,0,,0.8825830795789473,2.3645724322958563,4.15
PI576415,0,2,2.5,2.0749079514666664,1.944858445807539,2.85
PI576416,0,0,,0.3915528992818182,2.8011586560936985,5.97
PI576417,0,0,,0.44177476676000005,0.17632277264046287,0.13
PI576418,0,0,,0.957716735935,2.3103401206121505,3.96
PI576419,0,0,2.5,0.8960046719944444,2.5533605033353277,4.87
PI576421,0,0,2.0,0.40751584094210525,3.513490745588118,10.42
PI576422,0,0,3.0,0.3367111899733333,1.3074285251922473,1.475
PI576423,0,0,1.625,0.5018472813470588,,
PI576424,0,0,,1.3439732102043478,2.817623257511431,6.05
PI576425,0,0,1.625,0.07122517826086958,3.284415423310172,8.743333333333334
PI576426,0,0,1.0,0.02353891135652174,2.639232163249277,5.2299999999999995
PI576427,0,0,1.75,0.08163022341428572,3.6599245584023783,11.64
PI576428,0,0,1.75,0.05904792692000001,2.990954860396993,6.95
PI576429,0,0,,2.088519391433333,0.5058909297299573,0.42
PI576431,0,0,2.625,0.5873187714666667,2.356143810225275,4.12
PI576432,0,0,,0.7843156046666667,2.711494906650088,5.55
PI576433,0,0,2.5,0.37493629742727275,3.3161457422933562,8.96
PI576434,0,0,,0.6450120410454545,0.07952033964352634,0.056666666666666664
PI576435,0,0,2.0,0.29898903083333334,3.404630684217612,9.59
PI576436,0,0,,0.09754857094,0.632268215499513,0.55
PI576437,0,0,2.0,0.06281263104117647,2.0214797274104517,3.06
PI585295,0,0,2.25,0.45031921024210525,,
PI594354,0,0,,,,
PI594355,0,0,1.75,0.1056652564173913,,
PI595221,0,0,,,,
PI595699,2,0,,0.5186999584222223,0.6040713236688608,0.52
PI595700,0,0,,2.2630957874749997,2.411426245726465,4.32
PI595701,0,0,2.0,0.6130861470428571,2.039138393906958,3.11
PI595702,0,0,,1.56975092,1.582556003014061,1.9949999999999999
PI595703,0,0,1.0,0.6472296287307693,,
PI595704,0,0,2.6666666666666665,0.6774319122210526,3.1391420191456887,7.81
PI595705,2,0,,0.9211787610000001,0.12432813500220177,0.09
PI595706,0,0,,1.0566529807222222,2.7782085763980877,5.86
PI595708,0,0,1.75,1.314095595052381,2.6205864104518777,5.15
PI595709,0,0,,0.4451791672235294,,
PI595710,0,0,2.25,0.17021284720666668,1.372952097911829,1.59
PI595711,0,0,,0.10050770833333333,2.424922088210688,4.37
PI595712,0,0,,0.23113580200625003,,
PI595713,0,0,1.75,0.26371978860333334,2.1634987322828794,3.48
PI595714,0,0,1.75,0.15180233881666666,3.1182489666699897,7.683333333333334
PI595715,0,0,,,,
PI595716,0,0,,0.08265788362000001,3.2357270598380583,8.42
PI595717,0,0,1.75,0.46420957711052635,2.7990873060740036,5.96
PI595718,0,0,,0.40184519490434784,3.130381794637751,7.756666666666667
PI595719,0,0,2.0,1.1837210012636363,3.568032104771279,10.86
PI595720,0,0,,1.0704649074736843,3.8046043110415697,12.973333333333334
PI595721,0,0,,0.23543228120000004,3.3645724322958563,9.3
PI595722,0,0,2.125,0.5760524595666666,2.6229303509201767,5.16
PI595723,0,0,,1.226818605947826,,
PI595724,0,0,1.625,0.48099822219523813,0.070389327891398,0.05
PI595725,0,0,2.5,0.279350542,2.608809242675524,5.1
PI595726,0,0,1.25,0.13654125871714287,2.389566811762726,4.24
PI595727,0,0,1.0,0.029186436766666667,0.0,0.0
PI595728,0,0,1.6666666666666667,0.10737279086521741,3.2094533656289497,8.25
PI595730,0,0,,1.331174073431818,,
PI595731,0,0,3.25,2.6449836835,3.0840642647884744,7.48
PI595732,0,0,,0.14668692416363635,3.2645364309990255,8.61
PI595733,0,0,1.0833333333333333,0.0036183021454545454,4.017921907997263,15.2
PI595734,0,0,,0.00990131365,3.4698859762744636,10.08
PI595735,0,0,1.5,0.13421708395,3.526068811667588,10.52
PI595736,0,0,1.125,0.07354305267391305,3.2942531364445142,8.81
PI595737,0,0,1.5,0.4019957307913043,2.8278190246173196,6.1
PI595738,0,0,1.25,0.20120735489545458,1.9335726382610239,2.82
PI595739,0,0,1.0,0.025589693217857142,2.625270489374693,5.170000000000001
PI595740,0,0,1.375,0.11373020423333333,2.984589350362456,6.914999999999999
PI595741,0,0,1.25,1.092287297690476,2.5025003405291835,4.666666666666667
PI595742,0,0,2.0,0.7244368945333334,,
PI595743,0,0,,1.2105986135826086,3.545144677937677,10.673333333333334
PI595744,0,0,,1.149691373594737,2.9951829837022244,6.973333333333334
PI595745,0,0,2.25,1.0005839083434782,3.176322772640463,8.04
PI595746,0,0,1.0,0.986012955290909,2.339137384919585,4.06
PI595747,0,0,1.25,0.028397174196551724,0.0,0.0
PI595748,0,0,,0.13494198155,2.899175630480513,6.46
PI596332,0,0,,0.06568761128181819,,
PI596567,0,0,,0.06992599928333333,,
PI597943,2,0,2.25,0.5870582316,0.29865831556451516,0.23
PI597944,0,0,1.25,0.049292807970588236,,
PI597945,0,0,2.75,1.0510308154833334,3.48155728070859,10.17
PI597946,0,0,3.75,0.9230661203052631,0.03327615487429864,0.023333333333333334
PI597947,0,0,2.25,0.44439260185454543,3.097610796626422,7.56
PI597949,0,0,,0.1611296472875,2.060047383669939,3.17
PI597950,0,0,3.25,1.9754689513,2.5668151540108965,4.925
PI597951,0,2,2.75,1.0166679303,2.0885939232689887,3.2533333333333334
PI597952,0,0,,1.5219573787666667,3.2398053524221377,8.446666666666667
PI597953,0,0,,1.5038140634,0.0,0.0
PI597955,0,0,,0.08417806502857143,1.6182386555954547,2.07
PI597956,0,0,2.25,2.0146797516999997,,
PI597958,0,0,1.25,0.1780253506909091,0.0,0.0
PI597959,0,0,,0.1321785424090909,0.0,0.0
PI597960,0,0,,0.5165287046,0.021479727410451392,0.015
PI597961,0,0,1.25,0.2668096011166667,3.0291583680680976,7.163333333333333
PI597962,0,0,,0.38961765966521744,3.3923174227787602,9.5
PI597963,0,0,2.0,0.35851931811111115,3.3868109464722167,9.46
PI597964,0,0,,,3.405311682597445,9.594999999999999
PI597965,0,0,,0.2644816339666667,0.04264433740849372,0.03
PI597966,0,0,2.0,0.5249276717272727,0.37109415169124693,0.29333333333333333
PI597967,0,0,,0.08327047602727274,3.3687683490903346,9.33
PI597968,0,0,1.75,2.4814591892099997,3.576522137920503,10.93
PI597970,0,0,1.75,0.19779771383333333,0.0,0.0
PI597971,0,0,1.9166666666666667,0.29600263816666667,3.6291623046316914,11.373333333333335
PI597972,0,0,2.75,1.113759966075,1.9158395523360015,2.7733333333333334
PI597973,0,0,1.5,0.19542269883333332,0.056583528366367514,0.04
PI597974,0,0,3.0,2.0534383816583333,0.18903382439001715,0.14
PI597975,0,0,2.25,1.356093475575,0.0,0.0
PI597976,0,0,1.625,0.28793414573333337,0.11990946373519668,0.08666666666666667
PI597977,0,0,4.0,2.5964352809090907,,
PI597978,0,0,,0.705971309175,0.903038270112912,0.87
PI597979,0,0,2.0,0.2715710929882353,,
PI597980,0,0,1.375,2.308459882815385,3.136410158755664,7.793333333333333
PI597981,0,0,,1.2662554045818182,2.339137384919585,4.06
PI597982,0,0,,0.12551855841904763,3.2433644256936605,8.47
PI598069,0,0,,0.00199006618,,
PI598070,0,0,1.5,0.84434053465,2.71259578044703,5.555
PI601264,0,0,,,,
PI601415,0,0,,0.08977209535000001,,
PI601552,0,1,,,,
PI601553,0,0,,0.03373399031304348,,
PI601554,0,0,1.0,0.09524525364,,
PI601555,0,0,,0.1590979101,,
PI601556,0,0,1.25,0.024616624516666668,,
PI601557,0,0,1.5833333333333333,0.06497581665789474,,
PI601716,0,0,,0.7117775758166668,,
PI601717,0,0,,,,
PI601718,0,0,,,,
PI601719,0,0,,,,
PI601720,0,0,,,,
PI601721,0,0,1.5,0.07603243947391305,,
PI601743,0,0,,0.08904766242727273,,
PI601744,0,0,1.0,0.02204273287647059,,
PI601756,0,0,,0.26096636338333334,,
PI601816,0,0,2.0,0.9707789172,3.0565835283663674,7.32
PI602599,0,0,,0.15284750586666668,,
PI602600,0,0,2.0,0.7090388449047619,,
PI607931,0,0,1.625,0.4856126229428571,0.831877241191673,0.7799999999999999
PI609456,0,0,2.0,0.6881975622380953,2.765534746362977,5.8
PI613536,0,0,1.75,0.1969095738904762,3.5533605033353277,10.74
PI629034,0,0,1.0,0.0152743844,2.924733341212231,6.593333333333334
PI629040,0,0,1.625,0.1028971289,1.9171134553246347,2.776666666666667
PI629059,0,0,1.5,0.04733014911304347,1.6119592330991734,2.0566666666666666
PI641824,0,0,1.75,0.13764967786666668,0.0,0.0
PI641836,0,0,,1.1417269896,,
PI641849,0,0,,0.1535449255909091,0.8399595874895318,0.79
PI641874,0,0,,0.8177204036,2.446256229889564,4.449999999999999
PI642791,0,0,,0.42391306246190474,0.655351828612554,0.575
PI642992,0,0,,0.32888951835,,
PI642998,0,0,1.75,1.1943813946000001,0.6072316645621889,0.5233333333333333
PI651492,0,0,,0.030273633190909092,,
PI651496,0,0,,0.8673461374466667,2.714428705405673,5.5633333333333335
PI653616,0,0,1.5,0.241812042425,,
PI653617,0,0,,1.4769070266666666,0.021479727410451392,0.015
PI655970,0,0,1.0,0.04489916347272727,1.3200032179628705,1.4966666666666668
PI655971,0,0,,0.391195842052381,2.3476656563009706,4.09
PI655972,0,0,,0.6057701056181818,2.6614455865252284,5.326666666666667
PI655973,0,0,1.5,0.1328939824257143,2.496973580998276,4.645
PI655974,0,0,1.5,0.17289792946666668,1.7427248634548909,2.3466666666666662
PI655975,0,0,1.0,0.03430003742727273,1.7935491225325737,2.466666666666667
PI655976,0,0,,1.436729783573684,2.8708578643637623,6.315
PI655977,0,0,,0.2882919818086957,3.386351123347722,9.456666666666667
PI655978,0,0,1.5,0.05110724448,3.465974464504069,10.05
PI655979,0,0,1.25,0.11905017804210527,2.93451650158608,6.645
PI655980,0,0,1.5,0.2097139641935484,2.611172380044005,5.11
PI655982,0,0,1.625,0.14313761051739132,1.3476656563009706,1.545
PI655983,0,0,1.875,0.13243463193333335,2.8011586560936985,5.970000000000001
PI655984,0,0,1.5,0.3553673340652174,1.6735564239901446,2.19
PI655985,0,0,,0.33748587615000003,1.8639384504239715,2.6399999999999997
PI655986,0,0,,0.7293122083833333,1.5426707790047174,1.9133333333333333
PI655987,0,0,2.25,0.32719138445,1.969626350956481,2.9166666666666665
PI655988,0,0,1.25,0.20383668157142856,1.7376867614098603,2.335
PI655989,0,0,2.5,0.5998407790217392,1.7355221772965375,2.33
PI655990,0,0,,0.37882318020714284,1.2016338611696504,1.3
PI655991,0,0,1.25,0.19357625083333332,1.1795110502715103,1.265
PI655992,0,0,2.0,0.4972936601,1.722466024471091,2.3
PI655993,0,0,1.25,0.030426584933333334,1.647698256069119,2.1333333333333333
PI655995,0,0,,0.049062135489473684,0.7253776198909944,0.6533333333333333
PI655996,0,0,,0.03784137813076923,,
PI655997,0,0,1.5,0.03213769454117647,2.596935142387232,5.05
PI655998,0,0,,0.07105609882500001,0.7398481026993274,0.6699999999999999
PI655999,0,0,1.5,0.14044986335,2.9036810391326284,6.483333333333333
PI656000,0,0,1.25,0.13739048767714288,2.8914191868460786,6.42
PI656001,0,0,1.4166666666666667,0.0742538017,2.3476656563009706,4.09
PI656002,0,0,,0.07812895944347827,2.174193333079116,3.5133333333333336
PI656003,0,0,2.25,0.398856384826087,1.070389327891398,1.1
PI656004,0,0,1.25,0.045553386104999996,2.955126781261366,6.755000000000001
PI656005,0,0,1.75,0.0344481522,2.356143810225275,4.12
PI656006,0,0,,0.1685168976157895,2.580949438214533,4.983333333333333
PI656007,0,0,2.5,0.41458024415714284,2.4690176674664954,4.536666666666667
PI656008,0,0,,0.026073411600000002,3.3932331289604956,9.506666666666668
PI656010,0,0,1.5833333333333333,0.11608812961666666,3.377586522201904,9.393333333333333
PI656011,0,0,1.0,0.009394376255,2.5897634869849773,5.02
PI656012,0,0,1.875,0.3316369214454546,3.282439805006387,8.73
PI656015,0,0,2.125,0.45085412006666664,0.24488705912353448,0.185
PI656016,0,0,,0.029740974964705885,2.6712933724815757,5.37
PI656017,0,0,,0.01381434118,2.6392321632492775,5.23
PI656018,0,0,2.0,0.9876909217037038,1.72100802026323,2.296666666666667
PI656019,0,0,,1.45100492035,1.8953026213333068,2.72
PI656020,0,0,1.375,1.40863530155,2.5109619192773796,4.7
PI656021,0,0,,0.3072161180333333,,
PI656022,0,0,,0.6636096278,0.02856915219677092,0.02
PI656023,0,0,,0.096479673496,1.5921580021253599,2.0149999999999997
PI656024,0,0,1.375,1.61363250606,2.567220918333889,4.926666666666667
PI656025,2,0,,3.2031034858235294,0.8046043110415694,0.7466666666666667
PI656026,0,0,1.125,0.11008577594999999,3.2063306478710496,8.23
PI656027,2,0,,0.14923673808,0.6959938131099002,0.62
PI656028,0,0,,0.13607128478333333,2.099856236832067,3.2866666666666666
PI656029,0,0,3.0,0.14986218585454544,3.5430833902018355,10.656666666666668
PI656031,0,0,1.0,0.00199006618,0.023846741954367662,0.016666666666666666
PI656033,0,0,2.5,0.5026630740227273,2.651912744645783,5.285
PI656034,0,0,1.0,0.0030283615782608696,3.4096172234945907,9.626666666666667
PI656035,0,0,1.75,0.32526804946666665,0.0,0.0
PI656036,0,0,,0.0017304923304347825,3.332946573131826,9.076666666666666
PI656037,0,0,1.0,0.03721325772272727,3.311793717753649,8.93
PI656038,0,0,,0.7330132656166667,1.6553518286125541,2.15
PI656039,0,0,1.25,0.4751458271052631,2.707082991771706,5.529999999999999
PI656040,0,0,,0.25828920094545454,3.269033146455237,8.64
PI656041,0,0,,0.06435961835000001,3.016734015759801,7.093333333333334
PI656042,0,0,,0.1504858976,,
PI656043,0,0,1.25,0.21531344436666666,3.5273206078770474,10.530000000000001
PI656044,0,0,,0.004958826366666666,3.1489341045263393,7.87
PI656046,2,0,,1.81396053895,0.6103850976010632,0.5266666666666667
PI656047,0,0,,1.4868447706105263,3.130107178658833,7.755
PI656048,0,0,1.5,0.008275603333333334,3.361768359419153,9.28
PI656049,0,0,,0.8637356370999999,1.8439838440483265,2.59
PI656050,0,0,,1.1842291583,0.0,0.0
PI656051,0,0,,0.3712492966666667,3.084631250467177,7.483333333333334
PI656052,0,0,1.75,0.5401432431428572,0.014355292977070054,0.01
PI656053,0,0,,0.03685537278,1.5897634869849775,2.0100000000000002
PI656054,0,0,1.0,0.10766836522727273,,
PI656055,0,0,1.75,0.2134846454923077,3.203723209892378,8.213333333333333
PI656056,0,0,,0.07646188339090909,3.687434008316329,11.883333333333335
PI656057,0,0,2.375,0.2686147221473684,0.009586048829197932,0.006666666666666667
PI656058,0,0,1.5,0.09318040072222222,1.8731569804533503,2.6633333333333336
PI656059,0,0,1.625,0.939817479652174,3.1548856019781715,7.906666666666666
PI656060,0,0,1.75,0.37417447179714286,1.99397621237223,2.983333333333333
PI656061,0,0,,1.5833911977833335,1.7004397181410922,2.25
PI656062,0,0,,0.0,2.693765712217783,5.47
PI656064,2,0,2.75,1.2512802046904763,,
PI656065,0,0,2.375,0.37934672562380956,,
PI656066,0,0,1.375,0.5606388943999999,,
PI656067,2,0,2.1875,0.6103389868727273,,
PI656068,0,0,1.0,0.00398013236,3.1380498956712124,7.803333333333334
PI656069,0,0,1.5833333333333333,0.2316015983121212,1.282933963271499,1.4333333333333333
PI656070,0,0,1.75,0.0723509491095238,3.2504563397543245,8.516666666666667
PI656071,0,0,2.25,0.33966463532,2.554179518424533,4.873333333333334
PI656072,0,0,,0.14239145629130434,2.619804249933457,5.1466666666666665
PI656073,0,0,1.5,0.07857308308571428,2.628773595201645,5.1850000000000005
PI656074,0,0,,0.84022769985,2.2479275134435857,3.75
PI656075,0,0,,0.32929957053636366,3.2094533656289497,8.25
PI656076,0,0,1.0,0.001421475842857143,2.5298209465286954,4.775
PI656077,0,0,2.625,0.6305236548466666,2.9004643264490855,6.466666666666666
PI656078,0,0,2.0,0.27616748329090907,3.0542696625281214,7.3066666666666675
PI656079,0,0,,0.29742551425,0.009586048829197932,0.006666666666666667
PI656082,0,0,,0.2774029265,2.7015490569430707,5.505
PI656083,0,0,2.0,0.1362830015909091,3.1527242606887045,7.8933333333333335
PI656085,0,0,,0.945969598268421,3.066376265384775,7.376666666666668
PI656086,0,0,1.0,0.07790786898095238,0.16349873228287956,0.12
PI656087,0,0,2.0,1.2814226347411766,2.9023952145903915,6.476666666666667
PI656088,0,0,3.0,1.6514370087058823,3.3909427728025427,9.49
PI656091,0,0,,0.04564971338,2.8052924556007115,5.989999999999999
PI656092,0,0,,0.06303174168,2.614317220615469,5.123333333333334
PI656093,0,0,,1.1267522326333335,2.4802651220544627,4.58
PI656094,0,0,,1.3535341627,0.056583528366367514,0.04
PI656095,0,0,,0.8357894400500001,3.212050477114989,8.266666666666667
PI656096,0,0,,0.5999978947705882,2.571272297129114,4.943333333333333
PI656097,0,0,,0.10721620733333333,0.056583528366367514,0.04
PI656098,0,0,,0.14808191537499998,2.348610137539868,4.093333333333333
PI656099,0,0,1.75,0.25633167864444445,0.070389327891398,0.049999999999999996
PI656100,0,0,1.75,0.21139010943076925,2.503348735167504,4.67
PI656101,0,0,2.75,1.1910349406833334,3.2710271965873248,8.653333333333334
PI656102,0,0,,0.605181400031579,3.0709617123626587,7.403333333333333
PI656103,2,0,2.5,1.4739459594473683,0.48198774320347076,0.39666666666666667
PI656104,0,0,1.25,0.06545053590000001,3.0539801681876515,7.305
PI656105,0,0,1.5,0.11105985605999999,0.5260688116675876,0.43999999999999995
PI656106,0,0,,0.09451083758857143,2.8406310769319028,6.163333333333334
PI656107,0,0,2.25,0.8457941536555557,0.08859392326898838,0.06333333333333334
PI656108,2,0,2.0,1.2475790936869564,0.03327615487429864,0.023333333333333334
PI656109,0,0,,0.742101574175,2.8493321172387693,6.206666666666667
PI656111,0,0,3.0,1.0467019055000002,2.786596361890807,5.9
PI656112,0,0,2.75,1.061598338163158,1.411426245726465,1.6600000000000001
PI656118,0,0,2.0,0.3807613680333333,0.04730571477835682,0.03333333333333333
PI656120,0,0,1.25,0.007543858019047619,0.9963887464476212,0.995
PI656121,0,2,,2.56599761776,1.693022246578609,2.233333333333333
PI659691,0,0,2.25,0.19388752998235295,2.7019186470670054,5.506666666666667
PI659694,0,0,,0.011242541047619048,1.831877241191673,2.56
PI659695,0,0,1.5,0.83244017265,2.219297614913582,3.6566666666666663
PI659696,0,0,2.375,1.8635872792,2.8933622107638715,6.43
PI659753,0,0,1.5,0.39453106600000004,2.747745432919449,5.716666666666666
SC0003,0,0,,0.21223729474000003,0.0,0.0
SC0027,0,0,1.75,0.42026771789,2.5185351389821804,4.73
SC0041,0,0,,0.896192465985,3.3248106034204836,9.02
SC0092,0,0,,0.006633553933333334,1.9183862344463478,2.78
SC0138,0,0,2.375,0.54895019845,3.1602748314085933,7.94
SC0150,0,0,1.5,0.6005550990347827,3.3248106034204836,9.02
SC0156,0,0,2.25,0.4203139476909091,2.7949356628035362,5.94
SC0157,0,0,,1.604635572178261,3.2539892662307865,8.54
SC0159,0,0,,1.0662121094304349,3.102658131363739,7.59
SC0178,0,0,2.5,0.6077775013608696,3.570462931026041,10.88
SC0179,0,0,,0.13652100518333335,2.4905701304462013,4.62
SC0191,2,0,1.25,0.6334429361,0.903038270112912,0.87
SC0201,0,0,1.25,0.27626696454736843,3.2249663650002742,8.35
SC0236,0,0,1.75,1.0974155353115385,3.438292851579147,9.84
SC0247,0,0,,0.016436112715789476,2.9126498648972037,6.53
SC0263,0,0,,0.0479563828,2.713695814843359,5.56
SC0266,0,0,2.0,0.6669154645875,2.5631581304028077,4.91
SC0276,0,0,3.0,1.6381127136541667,,
SC0287,0,0,,0.24253458684,,
SC0297,0,2,,2.549606078230435,2.0669502439246266,3.19
SC0314,0,0,1.75,0.3213724854235294,2.2448870591235344,3.74
SC0343,0,0,2.0,0.2664357921,,
SC0371,0,2,,1.9704301635,1.6461626571578936,2.13
SC0400,0,0,,0.3718603754782609,,
SC0409,0,0,3.0,1.8191279808454546,3.4905701304462013,10.24
SC0436,0,0,1.5,0.40914541374,3.4059923596758366,9.6
SC0445,0,0,,0.28786533065000003,1.4168397419128291,1.67
SC0448,0,0,1.75,0.6150903967681818,3.6241008946281146,11.33
SC0456,0,0,,1.2955917009,3.2387868595871163,8.44
SC0458,2,0,,0.09166601465555556,0.02856915219677092,0.02
SC0470,0,0,,0.3910005365217391,4.046141781644721,15.52
SC0479,0,0,1.25,0.300285305647619,0.0,0.0
SC0505,0,0,2.125,0.5956036258307692,3.8569856897822046,13.49
SC0517,0,0,,0.21187678247500003,2.655351828612554,5.3
SC0521,0,2,3.5,2.7597820974571428,,
SC0540,0,0,,1.6560138722399997,2.6507645591169022,5.28
SC0542,0,0,1.4166666666666667,0.13578780624,2.956056652412403,6.76
SC0550,0,0,1.8333333333333333,0.16947152099999999,3.145677455195635,7.85
SC0551,0,0,3.5,1.6326905622045453,2.8972404255747994,6.45
SC0556,0,0,1.6666666666666667,0.169545786895,2.3812833725037836,4.21
SC0581,0,0,1.25,0.35991181759999996,2.1473066987802936,3.43
SC0582,0,0,2.75,0.5207100384173913,1.7612852733616193,2.39
SC0602,0,0,1.1666666666666667,0.15712174006666665,,
SC0616,0,0,1.6666666666666667,0.1563297974,,
SC0618,0,0,1.25,0.21407168325,2.341985747228616,4.07
SC0631,0,0,1.5,0.1046346119357143,2.2357270598380583,3.71
SC0636,0,0,,0.9338540214000001,2.673556423990145,5.38
SC0685,0,0,2.0,1.3168855030772728,0.04264433740849372,0.03
SC0713,0,0,,0.4964408398190476,0.0,0.0
SC0741,2,0,,1.48563165698,0.925999418556223,0.9
SC0747,0,0,2.0,0.5923141394866666,0.09761079662642233,0.07
SC0753,0,0,1.5,1.082444905938889,3.028569152196771,7.16
SC0777,0,0,,0.24310942763913043,2.992768430768924,6.96
SC0814,0,0,1.75,1.0640176342833334,1.632268215499513,2.1
SC0823,0,0,1.9,0.3401496116129032,4.118525848935668,16.37
SC0834,0,0,3.375,2.027874039968182,1.8836208162856714,2.69
SC0837,2,0,1.75,0.0835691326125,,
SC0847,2,0,2.25,3.1087347512454544,0.34482849699744117,0.27
SC0848,0,0,,1.77735941594,4.82781902461732,27.4
SC0854,0,0,1.75,0.40052965876,0.9560566524124029,0.94
SC0858,0,0,2.25,0.5692648450129032,2.137503523749935,3.4
SC0860,0,0,,0.7438728898944444,2.873813198359087,6.33
SC0864,2,0,,3.5257437967,,
SC0868,0,0,1.375,0.08014658116666666,2.1473066987802936,3.43
SC0870,0,0,1.5,0.20031924887199998,2.114367024952,3.33
SC0871,2,0,4.25,2.58339345417,0.04264433740849372,0.03
SC0877,0,0,2.0,0.47729145291578945,,
SC0878,2,0,,,0.41142624572646497,0.33
SC0893,2,0,1.75,0.5729120229,0.32192809488736235,0.25
SC0895,2,0,,,,
SC0914,0,0,1.0,0.074640052488,2.711494906650088,5.55
SC0921,0,0,1.625,0.09862695676666666,1.1375035237499351,1.2
SC0923,0,0,,2.2242276363409093,,
SC0965,0,0,,2.1623722953,,
SC1021,0,0,2.0,0.35907221904545455,1.765534746362977,2.4
SC1023,0,0,,1.131477854065,3.6769443591069124,11.79
SC1058,2,0,,1.2853599865826086,0.6415460290875237,0.56
SC1082,0,0,1.75,0.2999668880714285,1.6690267655096307,2.18
SC1097,0,0,1.375,0.4002800882142857,1.5897634869849773,2.01
SC1107,0,0,,0.31327337948,3.177917792195843,8.05
SC1114,0,0,1.75,0.20322626082222223,3.885574364371426,13.78
SC1119,0,2,4.25,1.023417655090476,2.3476656563009706,4.09
SC1120,0,0,,0.7184963768521738,3.5008020530571575,10.32
SC1133,0,0,,0.3700019079476191,1.765534746362977,2.4
SC1166,0,0,2.125,0.7853533454272728,2.2448870591235344,3.74
SC1170,0,0,3.75,1.4845751022421052,2.269033146455237,3.82
SC1178,0,0,,0.23333781631304348,,
SC1193,0,0,,2.1336671845499997,3.613531652917927,11.24
SC1216,0,0,1.75,0.2894319739,2.8953026213333066,6.44
SC1442,0,0,1.5,0.10828620842352941,,
SC1446,0,0,,0.29517376980000004,,
PI533755,0,0,,0.11238811578333334,3.169925001442312,8.0
PI533772,0,0,2.0,0.51058286576,,
PI533775,0,0,,1.0885100030250001,3.6099912952126787,11.21
PI533780,0,0,1.5,0.8690829756470588,,
PI533854,0,0,2.25,1.0835060206222222,,
PI533859,0,0,1.5,0.5334522354,0.0,0.0
PI533926,0,0,2.25,1.5316901032199999,0.29865831556451516,0.23
PI533952,0,0,3.0,1.666753874738095,,
PI533963,0,0,1.4166666666666667,0.16773586815,1.5897634869849773,2.01
PI534088,2,0,2.25,0.9009998639052631,3.1953475983222193,8.16
PI534098,0,0,,1.452492165561905,2.625270489374693,5.17
PI534121,0,0,1.5,0.09728886572222223,,
PI534130,0,0,1.25,0.34664986415238097,1.9781956296816516,2.94
PI534166,0,0,2.25,1.4627750954,,
PI543247,0,0,1.25,0.12510651485454546,,
PI554646,0,0,,0.2160390598478261,,
PI554648,0,0,1.75,0.019638081542857143,,
PI576350,0,0,,0.3202642684,,
PI576366,0,0,1.8125,0.2217050431521739,,
PI576385,0,0,1.9583333333333333,0.8012983611666668,,
PI576391,0,0,1.5,0.4827040370333333,2.5582676340557358,4.89
PI576420,0,0,,1.0292696971956523,0.0,0.0
PI585291,0,0,,0.05273675638333333,,
PI595729,0,0,,0.6928179744952381,2.111031312388744,3.32
PI642793,0,0,,0.9266779762333334,,
PI656090,0,0,,0.4094651105666667,2.0823619695574735,3.235
PI656110,0,0,2.25,0.9399699443222223,2.455053178126723,4.483333333333333
PI656115,0,0,,0.463027542825,3.0,7.0
SC0412,0,0,2.0,0.46683266766000003,,
SC0604,0,0,,0.6488226802375,,
SC0615,0,0,,1.7762532152250001,,
SC0652,0,0,,1.4696469260692306,,
SC0999,0,0,1.875,0.5073312774333333,4.083213368248981,15.95
SC1024,0,0,2.0,0.6672920459666667,2.5058909297299574,4.68
PI153852,0,0,1.5,0.07354324973076923,,
PI533827,0,0,,0.3048793264066667,2.0071955014042038,3.02
PI533865,0,0,1.25,0.07953622226,0.32192809488736235,0.25
PI533883,0,0,,0.76123107974,3.016139702655253,7.09
PI533890,0,2,2.125,0.7198712119999999,,
PI533933,0,0,2.0,0.15337872051999998,2.7311832415722,5.64
PI534018,2,0,,0.28960164930000004,1.0426443374084937,1.06
PI534024,0,0,1.25,0.11352793523478262,3.645009884391095,11.51
PI534087,0,1,4.5,2.712642293945455,3.2203299548795554,8.32
PI534093,0,0,2.25,1.863095100125,,
PI534125,0,0,2.5,0.2879420122,2.957914598632985,6.77
PI534143,2,0,2.125,2.1267094794782606,,
PI561472,0,0,1.0,0.01611672535,3.374343989038501,9.370000000000001
PI574397,0,0,,0.09804133813333334,,
PI576331,0,0,,1.8249722164333333,1.3391373849195856,1.53
PI576353,0,0,,0.10979477595454545,0.056583528366367514,0.04
PI576430,0,0,,0.5025239728111112,4.02945288578697,15.33
PI603983,0,0,,0.06780365786666667,,
PI605723,0,0,1.5,0.12483574903500001,,
PI605724,0,0,1.6666666666666667,0.53111637405,,
PI605725,0,0,,0.1630167366,,
PI605726,0,0,2.0,0.18269172153333332,,
PI606788,0,0,1.5,0.06181131716086956,,
PI613611,0,0,,1.7461606382250001,,
PI613613,0,0,2.25,0.4725462146157895,,
PI619402,0,0,1.25,0.07318011981666667,,
PI656013,2,0,3.25,2.0726466073666665,0.632268215499513,0.55
PI656014,0,0,1.875,0.46508487,1.298658315564515,1.46
PI656032,0,0,,0.5900790252,1.6915341649192002,2.23
PI656063,0,0,2.0,1.3327581854043478,3.12267271882414,7.71
PI656113,0,0,2.75,0.72039069553,3.2418401835646704,8.459999999999999
PI656114,0,0,1.5,0.0355713331,,
SC0235,0,0,,0.27533710697826086,2.3161457422933562,3.98
SC0249,0,0,1.625,0.32995491173636365,1.6507645591169025,2.14
SC0438,0,0,2.75,0.4936594325904761,2.3950627995175777,4.26
SC0463,0,0,2.0,0.2342493159526316,,
SC0547,0,2,,,1.0565835283663676,1.08
SC0759,0,0,2.0,0.2632353895,1.3103401206121505,1.48
