genotype,peak_dose,single_plant_panicle_dry_weight_g
PI152651,0,53.1
PI17548,0,29.86
PI24969,0,54.81
PI276837,0,25.19
PI329435,0,85.23
PI329440,0,55.77
PI34911,0,81.00800000000001
PI35038,0,56.13
PI533752,0,101.45
PI533754,0,46.36
PI533757,0,101.8
PI533758,0,110.4
PI533759,0,86.3
PI533760,0,149.49
PI533761,0,58.25
PI533762,0,9.14
PI533766,0,33.05
PI533769,0,53.02
PI533776,0,110.4
PI533785,0,85.728
PI533788,0,53.4
PI533789,0,81.56
PI533792,0,98.7
PI533794,0,86.35
PI533799,0,109.21
PI533800,0,42.45
PI533807,0,64.5
PI533810,0,56.03
PI533814,0,53.3
PI533821,0,86.79
PI533822,0,60.13
PI533824,0,26.0
PI533830,0,39.97
PI533838,0,36.52
PI533839,0,27.36
PI533841,0,39.44
PI533842,0,56.3
PI533855,0,56.8
PI533856,0,45.09
PI533863,0,52.87
PI533869,0,38.5
PI533871,0,55.4
PI533876,0,66.39
PI533901,0,51.31
PI533902,0,74.21
PI533903,0,22.89
PI533910,0,28.0
PI533911,0,53.3
PI533912,0,48.99
PI533913,0,66.31
PI533915,0,47.79
PI533919,0,84.47
PI533921,0,61.08
PI533924,0,64.45
PI533927,0,30.94
PI533936,0,21.7
PI533937,0,65.29
PI533938,0,105.25
PI533940,2,27.1
PI533943,0,98.45
PI533948,0,65.5
PI533949,0,58.84
PI533954,0,38.17
PI533955,0,66.45
PI533956,0,67.73
PI533957,0,59.23
PI533962,0,53.92
PI533964,0,71.78
PI533965,0,52.0
PI533967,0,46.78
PI533970,0,56.8
PI533972,0,65.88
PI533976,0,53.63
PI533979,0,32.56
PI533980,0,90.72
PI533985,0,60.08
PI533986,0,73.49
PI533987,0,81.77
PI533989,0,62.11
PI533991,0,68.41
PI533996,0,83.29
PI533997,0,65.01
PI534009,0,32.64
PI534021,0,36.6
PI534028,0,67.94
PI534037,0,29.33
PI534046,0,32.3
PI534047,0,64.228
PI534053,0,30.4
PI534054,0,50.21
PI534063,0,26.2
PI534070,0,109.9
PI534075,0,64.94
PI534079,0,93.36
PI534092,0,51.92
PI534096,0,36.6
PI534097,0,52.99
PI534099,0,82.14
PI534101,0,106.11
PI534105,0,48.1
PI534108,0,75.36
PI534112,0,124.4
PI534114,0,54.4
PI534115,0,73.34
PI534116,0,23.0
PI534117,0,66.6
PI534123,0,114.2
PI534124,0,47.29
PI534127,0,52.61
PI534128,0,49.13
PI534132,0,95.6
PI534133,0,97.4
PI534135,0,50.76
PI534137,0,52.32
PI534138,0,67.0
PI534139,0,27.7
PI534144,0,69.63
PI534145,0,24.2
PI534148,0,58.62
PI534155,0,66.56
PI534157,0,91.78
PI534163,0,46.14
PI534167,0,25.41
PI540816,0,77.4
PI542406,0,20.26
PI542718,2,107.27
PI548797,0,64.97
PI552856,0,84.23
PI552861,0,102.91
PI561071,0,73.03
PI561072,0,41.9
PI561073,0,26.06
PI564163,0,87.97266666666667
PI564164,0,96.478
PI564165,0,90.19
PI565121,0,125.6
PI566819,0,56.9
PI576130,0,25.31
PI576333,0,61.5
PI576339,0,68.19
PI576340,0,109.69
PI576345,0,77.81
PI576348,0,24.01
PI576349,0,16.0
PI576352,0,81.11
PI576359,0,14.65
PI576364,0,51.5
PI576373,0,38.41
PI576375,2,91.64
PI576376,0,72.914
PI576380,0,97.888
PI576381,0,78.1
PI576386,0,43.998000000000005
PI576387,0,83.8
PI576390,0,60.91
PI576393,0,46.51
PI576396,0,50.8
PI576399,0,56.29
PI576401,2,53.49
PI576418,0,60.08
PI576422,0,90.56
PI576425,0,104.91
PI576426,0,78.38
PI576428,0,123.19
PI576434,0,107.12
PI576435,0,49.24
PI576437,0,51.31
PI585295,0,85.2
PI595699,2,103.37
PI595702,0,53.84
PI595714,0,55.5
PI595718,0,46.44
PI595720,0,40.27
PI595739,0,102.43
PI595740,0,80.56
PI595741,0,36.06
PI595743,0,16.43
PI595744,0,80.69
PI595745,0,72.89
PI597945,0,51.7
PI597946,0,43.07
PI597949,0,44.11
PI597950,0,69.87
PI597951,0,41.66
PI597952,0,83.4
PI597958,0,55.45
PI597960,0,44.75
PI597961,0,59.8
PI597964,0,82.11
PI597965,0,97.6
PI597966,0,74.5
PI597967,0,70.59
PI597968,0,45.33
PI597971,0,110.05
PI597972,0,97.64
PI597973,0,26.9
PI597976,0,52.84
PI597980,0,67.75
PI597982,0,63.54600000000001
PI598070,0,10.82
PI601816,0,94.624
PI607931,0,59.91
PI613536,0,146.6
PI629034,0,70.82
PI629040,0,99.09
PI629059,0,72.29
PI641824,0,55.38
PI641836,0,61.98
PI641849,0,55.4
PI641874,0,51.5
PI642791,0,112.34
PI642992,0,109.346
PI642998,0,71.06
PI651492,0,82.1
PI651496,0,72.0
PI653616,0,116.05
PI653617,0,43.65
PI655970,0,30.51
PI655971,0,73.9
PI655972,0,78.19
PI655973,0,96.4
PI655974,0,105.5
PI655975,0,74.07
PI655976,0,69.62
PI655977,0,79.69
PI655978,0,86.97
PI655979,0,79.512
PI655980,0,14.59
PI655983,0,40.8
PI655984,0,70.73
PI655985,0,72.33
PI655986,0,23.8
PI655987,0,98.19
PI655988,0,62.42
PI655989,0,91.6
PI655990,0,60.53
PI655991,0,78.3
PI655992,0,83.29
PI655993,0,56.54
PI655995,0,43.66
PI655996,0,61.66
PI655997,0,48.1
PI655998,0,60.71
PI655999,0,35.8
PI656000,0,76.55
PI656001,0,89.5
PI656002,0,73.78
PI656003,0,46.64
PI656004,0,60.11
PI656005,0,84.8
PI656006,0,62.95
PI656007,0,62.74
PI656008,0,90.898
PI656010,0,84.1
PI656011,0,87.56
PI656012,0,34.28
PI656015,0,73.54
PI656016,0,93.77
PI656017,0,19.7
PI656018,0,32.39
PI656019,0,43.17
PI656020,0,40.83
PI656021,0,64.86
PI656022,0,84.01
PI656023,0,62.33
PI656024,0,84.43
PI656025,2,160.92
PI656026,0,85.4
PI656027,2,80.1
PI656028,0,59.766
PI656029,0,57.5
PI656031,0,95.518
PI656033,0,31.01
PI656034,0,68.3
PI656035,0,29.48
PI656036,0,114.96400000000001
PI656037,0,126.48
PI656038,0,34.72
PI656039,0,131.086
PI656040,0,44.33
PI656041,0,50.22
PI656042,0,76.63
PI656043,0,97.578
PI656044,0,107.41199999999999
PI656046,2,121.53
PI656047,0,94.33
PI656048,0,77.67
PI656049,0,54.3
PI656050,0,83.18
PI656051,0,83.92
PI656052,0,51.74
PI656053,0,64.75
PI656055,0,81.24
PI656056,0,74.2
PI656057,0,53.44
PI656058,0,58.47
PI656059,0,20.69
PI656060,0,51.76
PI656061,0,76.76
PI656062,0,72.07
PI656064,2,121.79
PI656065,0,55.66
PI656066,0,130.9
PI656068,0,86.72
PI656069,0,22.31
PI656070,0,57.7
PI656071,0,48.48
PI656072,0,65.78
PI656073,0,57.76
PI656074,0,60.8
PI656075,0,73.5
PI656076,0,75.01
PI656077,0,44.98
PI656078,0,13.48
PI656079,0,38.17
PI656082,0,87.45
PI656083,0,81.17
PI656085,0,63.8
PI656086,0,96.74
PI656087,0,58.05
PI656088,0,81.45
PI656091,0,16.15
PI656092,0,86.43
PI656093,0,74.9
PI656094,0,52.83
PI656095,0,97.16
PI656097,0,21.91
PI656098,0,64.3
PI656099,0,89.75
PI656100,0,24.3
PI656101,0,67.51
PI656102,0,61.46
PI656103,2,86.8
PI656104,0,39.57
PI656105,0,44.92
PI656106,0,64.92
PI656107,0,25.8
PI656108,2,63.03
PI656109,0,39.85
PI656111,0,49.7
PI656112,0,91.6
PI656118,0,84.84
PI656120,0,52.0
PI656121,0,52.464
PI659691,0,16.6
PI659694,0,66.3
PI659695,0,83.94
PI659696,0,86.412
PI659753,0,33.9
PI533755,0,46.7
PI576350,0,23.67
PI576366,0,14.2
PI576385,0,67.7
PI576391,0,50.36
PI585291,0,69.75
PI642793,0,80.99
PI656090,0,54.65
PI656110,0,28.96
PI656115,0,34.44
PI561472,0,76.58000000000001
PI656013,2,136.23999999999998
PI656014,0,61.99
PI656032,0,58.64
PI656113,0,16.75
PI656114,0,71.2
