env_id,genotype,mass_g,allele
MI2020,PI152651,53.1,GG
MI2021,PI152651,69.15,GG
NE2020,PI152651,21.96,GG
NE2021,PI152651,30.3,GG
NE2023,PI152651,116.43333333333334,GG
NE2025,PI152651,47.125,GG
MI2020,PI24969,54.81,GG
MI2021,PI24969,106.09,GG
NE2021,PI24969,57.43,GG
NE2023,PI24969,188.51666666666665,GG
NE2025,PI24969,223.7,GG
MI2020,PI276837,25.19,GG
MI2021,PI276837,69.2,GG
NE2020,PI276837,33.5,GG
NE2023,PI276837,142.7875,GG
MI2020,PI329435,85.23,GG
MI2021,PI329435,86.7,GG
NE2020,PI329435,26.475,GG
NE2025,PI329435,206.725,GG
MI2020,PI329440,55.77,GG
MI2021,PI329440,49.5,GG
NE2020,PI329440,38.325,GG
NE2023,PI329440,125.3,GG
NE2025,PI329440,66.4,GG
MI2020,PI34911,81.00800000000001,GG
MI2021,PI34911,86.0,GG
NE2021,PI34911,120.57,GG
NE2023,PI34911,220.03333333333333,GG
NE2025,PI34911,232.075,GG
MI2020,PI35038,56.13,GG
MI2021,PI35038,81.3,GG
NE2023,PI35038,147.375,GG
NE2025,PI35038,152.8,GG
MI2020,PI533752,101.45,GG
MI2021,PI533752,94.4,GG
NE2020,PI533752,47.82,GG
NE2021,PI533752,58.91,GG
NE2023,PI533752,215.1875,GG
NE2025,PI533752,138.675,GG
MI2020,PI533754,46.36,GG
MI2021,PI533754,58.0,GG
NE2020,PI533754,13.7,GG
NE2021,PI533754,22.325,GG
NE2023,PI533754,87.45,GG
NE2025,PI533754,34.775,GG
MI2020,PI533755,46.7,GG
MI2021,PI533755,28.9,GG
NE2020,PI533755,27.6,GG
NE2021,PI533755,23.255,GG
NE2023,PI533755,145.3375,GG
NE2025,PI533755,83.475,GG
MI2020,PI533757,101.8,GG
MI2021,PI533757,60.0,GG
NE2020,PI533757,43.92,GG
NE2021,PI533757,60.79,GG
NE2023,PI533757,208.9875,GG
NE2025,PI533757,76.3,GG
MI2020,PI533758,110.4,GG
MI2021,PI533758,79.59,GG
NE2020,PI533758,25.85,GG
NE2021,PI533758,33.035,GG
NE2023,PI533758,133.325,GG
NE2025,PI533758,61.6,GG
MI2020,PI533759,86.3,GG
MI2021,PI533759,78.67,GG
NE2020,PI533759,35.6,GG
NE2021,PI533759,44.88,GG
NE2023,PI533759,197.4625,GG
NE2025,PI533759,70.04249999999999,GG
MI2020,PI533760,149.49,GG
MI2021,PI533760,95.2,GG
NE2020,PI533760,28.9,GG
NE2021,PI533760,18.86,GG
NE2023,PI533760,18.85,GG
NE2025,PI533760,33.15,GG
MI2020,PI533761,58.25,GG
MI2021,PI533761,101.3,GG
NE2020,PI533761,36.0,GG
NE2021,PI533761,36.39,GG
NE2023,PI533761,144.7625,GG
NE2025,PI533761,139.85000000000002,GG
MI2020,PI533762,9.14,GG
MI2021,PI533762,77.3,GG
NE2021,PI533762,24.83,GG
NE2023,PI533762,86.65,GG
NE2025,PI533762,70.125,GG
MI2020,PI533766,33.05,GG
MI2021,PI533766,61.2,GG
NE2020,PI533766,26.46666666666667,GG
NE2021,PI533766,32.375,GG
NE2023,PI533766,110.975,GG
NE2025,PI533766,55.8,GG
MI2020,PI533769,53.02,GG
MI2021,PI533769,83.4,GG
NE2020,PI533769,28.25,GG
NE2021,PI533769,13.45,GG
NE2023,PI533769,95.1875,GG
NE2025,PI533769,57.150000000000006,GG
MI2020,PI533776,110.4,GG
MI2021,PI533776,117.53,GG
NE2020,PI533776,25.0,GG
NE2021,PI533776,54.41,GG
NE2023,PI533776,75.83333333333333,GG
NE2025,PI533776,108.875,GG
MI2020,PI533785,85.728,GG
MI2021,PI533785,56.34,GG
NE2020,PI533785,27.06,GG
NE2021,PI533785,19.735,GG
NE2023,PI533785,167.8,GG
NE2025,PI533785,132.7,GG
MI2020,PI533788,53.4,GG
MI2021,PI533788,38.9,GG
NE2021,PI533788,20.5,GG
NE2023,PI533788,27.03333333333333,GG
NE2025,PI533788,34.275,GG
MI2020,PI533789,81.56,GG
MI2021,PI533789,80.6,GG
NE2020,PI533789,45.56666666666666,GG
NE2021,PI533789,27.805,GG
NE2023,PI533789,140.5625,GG
NE2025,PI533789,130.175,GG
MI2020,PI533792,98.7,GG
MI2021,PI533792,127.36,GG
NE2023,PI533792,39.5,GG
NE2025,PI533792,122.05,GG
MI2020,PI533794,86.35,GG
MI2021,PI533794,111.68,GG
NE2020,PI533794,48.2,GG
NE2021,PI533794,71.98,GG
NE2023,PI533794,184.3375,GG
NE2025,PI533794,146.125,GG
MI2020,PI533799,109.21,GG
MI2021,PI533799,114.81,GG
NE2020,PI533799,37.36,GG
NE2021,PI533799,30.09,GG
NE2023,PI533799,151.625,GG
NE2025,PI533799,92.75,GG
MI2020,PI533800,42.45,GG
MI2021,PI533800,60.7,GG
NE2020,PI533800,36.8,GG
NE2021,PI533800,42.175,GG
NE2023,PI533800,259.4,GG
NE2025,PI533800,156.45,GG
MI2020,PI533807,64.5,GG
MI2021,PI533807,108.6,GG
NE2020,PI533807,60.95,GG
NE2021,PI533807,52.65,GG
NE2023,PI533807,167.975,GG
NE2025,PI533807,171.0,GG
MI2020,PI533810,56.03,GG
MI2021,PI533810,70.8,GG
NE2020,PI533810,15.9,GG
NE2021,PI533810,4.955,GG
NE2023,PI533810,93.1,GG
NE2025,PI533810,47.725,GG
MI2020,PI533814,53.3,GG
MI2021,PI533814,44.69,GG
NE2020,PI533814,32.7,GG
NE2021,PI533814,19.77,GG
NE2023,PI533814,164.15,GG
NE2025,PI533814,104.7,GG
MI2020,PI533821,86.79,GG
MI2021,PI533821,93.18,GG
NE2020,PI533821,36.52,GG
NE2021,PI533821,37.13,GG
NE2023,PI533821,82.85000000000001,GG
NE2025,PI533821,40.275,GG
MI2020,PI533822,60.13,GG
MI2021,PI533822,70.7,GG
NE2021,PI533822,24.880000000000003,GG
NE2023,PI533822,133.2625,GG
NE2025,PI533822,73.175,GG
MI2020,PI533824,26.0,GG
MI2021,PI533824,71.06,GG
NE2020,PI533824,31.7,GG
NE2021,PI533824,22.27,GG
NE2023,PI533824,124.64,GG
NE2025,PI533824,108.75,GG
MI2020,PI533830,39.97,GG
MI2021,PI533830,40.05,GG
NE2020,PI533830,24.950000000000003,GG
NE2021,PI533830,34.84,GG
NE2023,PI533830,84.95,GG
NE2025,PI533830,73.80000000000001,GG
MI2020,PI533838,36.52,GG
MI2021,PI533838,17.8,GG
NE2020,PI533838,19.7,GG
NE2023,PI533838,61.175,GG
NE2025,PI533838,3.075,GG
MI2020,PI533839,27.36,GG
MI2021,PI533839,22.0,GG
NE2020,PI533839,4.0200000000000005,GG
NE2023,PI533839,32.1625,GG
NE2025,PI533839,8.825,GG
MI2020,PI533841,39.44,GG
MI2021,PI533841,66.78,GG
NE2020,PI533841,39.0,GG
NE2021,PI533841,40.900000000000006,GG
NE2023,PI533841,168.75,GG
NE2025,PI533841,63.875,GG
MI2020,PI533842,56.3,GG
MI2021,PI533842,78.38,GG
NE2020,PI533842,23.95,GG
NE2023,PI533842,115.2125,GG
NE2025,PI533842,110.525,GG
MI2020,PI533855,56.8,GG
MI2021,PI533855,77.28,GG
NE2020,PI533855,35.175,GG
NE2023,PI533855,72.6375,GG
NE2025,PI533855,35.55,GG
MI2020,PI533856,45.09,GG
MI2021,PI533856,45.84,GG
NE2020,PI533856,35.175,GG
NE2021,PI533856,12.065,GG
NE2023,PI533856,119.15,GG
NE2025,PI533856,66.575,GG
MI2020,PI533863,52.87,GG
MI2021,PI533863,82.9,GG
NE2020,PI533863,38.56,GG
NE2021,PI533863,36.675,GG
NE2023,PI533863,97.05,GG
NE2025,PI533863,56.425,GG
MI2020,PI533869,38.5,GG
MI2021,PI533869,46.14,GG
NE2020,PI533869,23.766666666666666,GG
NE2021,PI533869,38.5,GG
NE2023,PI533869,80.53333333333335,GG
NE2025,PI533869,33.325,GG
MI2020,PI533871,55.4,GG
MI2021,PI533871,110.4,GG
NE2021,PI533871,25.255,GG
NE2023,PI533871,141.375,GG
NE2025,PI533871,95.025,GG
MI2020,PI533876,66.39,GG
MI2021,PI533876,65.2,GG
NE2021,PI533876,0.51,GG
NE2023,PI533876,90.565,GG
NE2025,PI533876,34.85,GG
MI2020,PI533902,74.21,GG
MI2021,PI533902,43.6,GG
NE2020,PI533902,20.65,GG
NE2021,PI533902,0.12,GG
NE2023,PI533902,105.4875,GG
NE2025,PI533902,65.525,GG
MI2020,PI533903,22.89,GG
MI2021,PI533903,88.99,GG
NE2020,PI533903,32.05,GG
NE2021,PI533903,0.45,GG
NE2023,PI533903,104.925,GG
NE2025,PI533903,34.6,GG
MI2020,PI533910,28.0,GG
MI2021,PI533910,68.0,GG
NE2020,PI533910,40.48,GG
NE2023,PI533910,157.29999999999998,GG
NE2025,PI533910,68.875,GG
MI2020,PI533911,53.3,GG
MI2021,PI533911,78.55,GG
NE2020,PI533911,26.53333333333333,GG
NE2021,PI533911,30.68,GG
NE2023,PI533911,149.075,GG
NE2025,PI533911,38.025,GG
MI2020,PI533912,48.99,GG
MI2021,PI533912,31.5,GG
NE2020,PI533912,22.2,GG
NE2021,PI533912,4.49,GG
NE2023,PI533912,95.0,GG
NE2025,PI533912,44.6,GG
MI2020,PI533913,66.31,GG
MI2021,PI533913,34.7,GG
NE2020,PI533913,28.075,GG
NE2021,PI533913,14.635,GG
NE2025,PI533913,49.55,GG
MI2020,PI533915,47.79,GG
MI2021,PI533915,36.3,GG
NE2020,PI533915,18.2,GG
NE2021,PI533915,35.33,GG
NE2023,PI533915,77.06666666666666,GG
NE2025,PI533915,41.025,GG
MI2020,PI533919,84.47,GG
MI2021,PI533919,65.03,GG
NE2020,PI533919,24.475,GG
NE2021,PI533919,17.695,GG
NE2023,PI533919,120.45,GG
NE2025,PI533919,69.4,GG
MI2020,PI533921,61.08,GG
MI2021,PI533921,93.5,GG
NE2020,PI533921,49.25,GG
NE2021,PI533921,13.81,GG
NE2025,PI533921,48.925,GG
MI2020,PI533924,64.45,GG
MI2021,PI533924,59.9,GG
NE2020,PI533924,14.933333333333332,GG
NE2021,PI533924,12.26,GG
NE2023,PI533924,86.08749999999999,GG
NE2025,PI533924,70.95,GG
MI2020,PI533936,21.7,GG
MI2021,PI533936,60.7,GG
NE2020,PI533936,20.1,GG
NE2021,PI533936,17.34,GG
NE2023,PI533936,78.2875,GG
NE2025,PI533936,31.775,GG
MI2020,PI533937,65.29,GG
MI2021,PI533937,64.92,GG
NE2020,PI533937,35.36,GG
NE2021,PI533937,19.755000000000003,GG
NE2023,PI533937,109.7375,GG
NE2025,PI533937,37.6,GG
MI2020,PI533938,105.25,GG
MI2021,PI533938,80.17,GG
NE2020,PI533938,46.8,GG
NE2021,PI533938,92.415,GG
NE2023,PI533938,33.95,GG
NE2025,PI533938,63.35,GG
MI2020,PI533940,27.1,TT
MI2021,PI533940,68.0,TT
NE2020,PI533940,12.52,TT
NE2021,PI533940,18.59,TT
NE2023,PI533940,54.0375,TT
NE2025,PI533940,56.45,TT
MI2020,PI533943,98.45,GG
MI2021,PI533943,67.1,GG
NE2020,PI533943,35.56666666666667,GG
NE2021,PI533943,26.5,GG
NE2023,PI533943,111.03333333333336,GG
NE2025,PI533943,79.725,GG
MI2020,PI533948,65.5,GG
MI2021,PI533948,37.34,GG
NE2020,PI533948,36.56,GG
NE2023,PI533948,107.625,GG
NE2025,PI533948,60.925,GG
MI2020,PI533949,58.84,GG
MI2021,PI533949,45.4,GG
NE2020,PI533949,30.82,GG
NE2023,PI533949,214.6625,GG
NE2025,PI533949,105.825,GG
MI2020,PI533954,38.17,GG
MI2021,PI533954,82.18,GG
NE2020,PI533954,12.54,GG
NE2023,PI533954,82.475,GG
NE2025,PI533954,19.05,GG
MI2020,PI533955,66.45,GG
MI2021,PI533955,34.1,GG
NE2020,PI533955,38.775,GG
NE2021,PI533955,44.27,GG
NE2023,PI533955,170.675,GG
NE2025,PI533955,66.2,GG
MI2020,PI533956,67.73,GG
MI2021,PI533956,77.91,GG
NE2020,PI533956,39.0,GG
NE2021,PI533956,40.57,GG
NE2025,PI533956,83.375,GG
MI2020,PI533957,59.23,GG
MI2021,PI533957,75.4,GG
NE2020,PI533957,28.775,GG
NE2021,PI533957,20.82,GG
NE2023,PI533957,129.67499999999998,GG
NE2025,PI533957,31.625,GG
MI2020,PI533962,53.92,GG
MI2021,PI533962,38.11,GG
NE2020,PI533962,28.125,GG
NE2021,PI533962,47.0,GG
NE2023,PI533962,129.39999999999998,GG
NE2025,PI533962,102.4,GG
MI2020,PI533964,71.78,GG
MI2021,PI533964,41.2,GG
NE2020,PI533964,37.3,GG
NE2021,PI533964,28.105,GG
NE2023,PI533964,114.7125,GG
NE2025,PI533964,227.525,GG
MI2020,PI533965,52.0,GG
MI2021,PI533965,90.12,GG
NE2020,PI533965,33.18,GG
NE2021,PI533965,22.15,GG
NE2023,PI533965,158.5125,GG
NE2025,PI533965,156.95,GG
MI2020,PI533967,46.78,GG
MI2021,PI533967,70.6,GG
NE2020,PI533967,25.96666666666667,GG
NE2021,PI533967,13.565,GG
NE2023,PI533967,135.5,GG
NE2025,PI533967,95.0,GG
MI2020,PI533970,56.8,GG
MI2021,PI533970,110.4,GG
NE2020,PI533970,52.36666666666667,GG
NE2021,PI533970,60.2,GG
NE2023,PI533970,144.7875,GG
NE2025,PI533970,112.95,GG
MI2020,PI533972,65.88,GG
MI2021,PI533972,70.87,GG
NE2020,PI533972,35.56,GG
NE2021,PI533972,32.74,GG
NE2023,PI533972,136.58333333333334,GG
NE2025,PI533972,135.0,GG
MI2020,PI533976,53.63,GG
MI2021,PI533976,80.2,GG
NE2020,PI533976,42.42,GG
NE2021,PI533976,35.81,GG
NE2023,PI533976,203.4375,GG
NE2025,PI533976,94.4,GG
MI2020,PI533979,32.56,GG
MI2021,PI533979,69.12,GG
NE2020,PI533979,36.8,GG
NE2021,PI533979,42.66,GG
NE2023,PI533979,102.1125,GG
NE2025,PI533979,90.3,GG
MI2020,PI533980,90.72,GG
MI2021,PI533980,57.7,GG
NE2020,PI533980,34.980000000000004,GG
NE2021,PI533980,27.825000000000003,GG
NE2023,PI533980,59.21666666666667,GG
NE2025,PI533980,35.025,GG
MI2020,PI533985,60.08,GG
MI2021,PI533985,83.84,GG
NE2020,PI533985,50.98,GG
NE2021,PI533985,53.58,GG
NE2023,PI533985,205.775,GG
NE2025,PI533985,136.85,GG
MI2020,PI533986,73.49,GG
MI2021,PI533986,87.6,GG
NE2020,PI533986,59.025,GG
NE2021,PI533986,85.26,GG
NE2023,PI533986,109.13333333333333,GG
NE2025,PI533986,71.1,GG
MI2020,PI533987,81.77,GG
MI2021,PI533987,96.3,GG
NE2020,PI533987,40.92,GG
NE2021,PI533987,66.105,GG
NE2023,PI533987,194.9125,GG
NE2025,PI533987,45.875,GG
MI2020,PI533989,62.11,GG
MI2021,PI533989,61.6,GG
NE2020,PI533989,31.25,GG
NE2021,PI533989,47.47,GG
NE2023,PI533989,92.0125,GG
NE2025,PI533989,156.9,GG
MI2020,PI533991,68.41,GG
MI2021,PI533991,61.7,GG
NE2020,PI533991,39.75,GG
NE2021,PI533991,53.445,GG
NE2023,PI533991,145.0125,GG
NE2025,PI533991,103.0,GG
MI2020,PI533996,83.29,GG
MI2021,PI533996,78.47,GG
NE2020,PI533996,51.225,GG
NE2021,PI533996,44.315,GG
NE2023,PI533996,200.0375,GG
NE2025,PI533996,58.325,GG
MI2020,PI533997,65.01,GG
MI2021,PI533997,65.46,GG
NE2020,PI533997,32.96,GG
NE2021,PI533997,12.57,GG
NE2023,PI533997,132.43333333333334,GG
NE2025,PI533997,62.675,GG
MI2020,PI534009,32.64,GG
MI2021,PI534009,28.2,GG
NE2020,PI534009,11.62,GG
NE2023,PI534009,147.36666666666667,GG
NE2025,PI534009,67.125,GG
MI2020,PI534021,36.6,GG
MI2021,PI534021,76.05,GG
NE2020,PI534021,22.66,GG
NE2023,PI534021,160.8875,GG
NE2025,PI534021,116.075,GG
MI2020,PI534028,67.94,GG
MI2021,PI534028,104.9,GG
NE2021,PI534028,1.325,GG
NE2023,PI534028,127.05,GG
NE2025,PI534028,58.05,GG
MI2020,PI534037,29.33,GG
MI2021,PI534037,40.6,GG
NE2020,PI534037,15.46,GG
NE2021,PI534037,20.84,GG
NE2023,PI534037,64.2125,GG
NE2025,PI534037,19.825000000000003,GG
MI2020,PI534046,32.3,GG
MI2021,PI534046,25.52,GG
NE2020,PI534046,22.5,GG
NE2021,PI534046,37.27,GG
NE2025,PI534046,31.0,GG
MI2020,PI534047,64.228,GG
MI2021,PI534047,81.73,GG
NE2020,PI534047,38.96,GG
NE2021,PI534047,38.65,GG
NE2023,PI534047,135.7,GG
NE2025,PI534047,63.8,GG
MI2020,PI534053,30.4,GG
MI2021,PI534053,76.2,GG
NE2020,PI534053,33.88,GG
NE2023,PI534053,40.55,GG
NE2025,PI534053,86.275,GG
MI2020,PI534054,50.21,GG
MI2021,PI534054,44.23,GG
NE2020,PI534054,37.66,GG
NE2021,PI534054,35.39,GG
NE2023,PI534054,118.8375,GG
NE2025,PI534054,67.325,GG
MI2020,PI534063,26.2,GG
MI2021,PI534063,70.7,GG
NE2020,PI534063,8.24,GG
NE2021,PI534063,12.45,GG
NE2023,PI534063,82.4875,GG
NE2025,PI534063,99.5,GG
MI2020,PI534070,109.9,GG
MI2021,PI534070,99.27,GG
NE2020,PI534070,23.36,GG
NE2021,PI534070,42.81,GG
NE2023,PI534070,110.9,GG
NE2025,PI534070,43.1,GG
MI2020,PI534075,64.94,GG
MI2021,PI534075,108.1,GG
NE2021,PI534075,52.435,GG
NE2023,PI534075,233.48333333333332,GG
NE2025,PI534075,85.275,GG
MI2020,PI534079,93.36,GG
MI2021,PI534079,100.8,GG
NE2021,PI534079,65.16,GG
NE2023,PI534079,123.075,GG
NE2025,PI534079,97.675,GG
MI2020,PI534092,51.92,GG
MI2021,PI534092,83.97,GG
NE2021,PI534092,15.295,GG
NE2023,PI534092,50.775,GG
NE2025,PI534092,38.85,GG
MI2020,PI534096,36.6,GG
MI2021,PI534096,28.15,GG
NE2023,PI534096,78.625,GG
NE2025,PI534096,32.224999999999994,GG
MI2020,PI534097,52.99,GG
MI2021,PI534097,44.02,GG
NE2020,PI534097,24.84,GG
NE2021,PI534097,44.66,GG
NE2023,PI534097,99.9,GG
NE2025,PI534097,26.1,GG
MI2020,PI534099,82.14,GG
MI2021,PI534099,92.3,GG
NE2020,PI534099,37.7,GG
NE2021,PI534099,26.825,GG
NE2023,PI534099,157.125,GG
NE2025,PI534099,107.175,GG
MI2020,PI534101,106.11,GG
MI2021,PI534101,68.38,GG
NE2020,PI534101,46.64,GG
NE2021,PI534101,47.74,GG
NE2023,PI534101,240.2625,GG
NE2025,PI534101,126.25,GG
MI2020,PI534105,48.1,GG
MI2021,PI534105,74.88,GG
NE2020,PI534105,27.4,GG
NE2021,PI534105,21.745,GG
NE2023,PI534105,150.25,GG
NE2025,PI534105,57.825,GG
MI2020,PI534108,75.36,GG
MI2021,PI534108,74.61,GG
NE2020,PI534108,47.14,GG
NE2021,PI534108,48.075,GG
NE2023,PI534108,149.75,GG
NE2025,PI534108,103.275,GG
MI2020,PI534112,124.4,GG
MI2021,PI534112,80.0,GG
NE2020,PI534112,45.225,GG
NE2021,PI534112,49.8,GG
NE2023,PI534112,163.9,GG
NE2025,PI534112,135.4,GG
MI2020,PI534114,54.4,GG
MI2021,PI534114,63.8,GG
NE2020,PI534114,26.2,GG
NE2021,PI534114,28.32,GG
NE2023,PI534114,135.425,GG
NE2025,PI534114,77.95,GG
MI2020,PI534115,73.34,GG
MI2021,PI534115,107.4,GG
NE2020,PI534115,44.3,GG
NE2021,PI534115,32.23,GG
NE2023,PI534115,169.96666666666667,GG
NE2025,PI534115,121.15,GG
MI2020,PI534116,23.0,GG
MI2021,PI534116,29.5,GG
NE2020,PI534116,23.575,GG
NE2023,PI534116,70.975,GG
NE2025,PI534116,19.45,GG
MI2020,PI534117,66.6,GG
MI2021,PI534117,72.6,GG
NE2020,PI534117,27.2,GG
NE2021,PI534117,19.34,GG
NE2023,PI534117,120.0875,GG
NE2025,PI534117,83.55000000000001,GG
MI2020,PI534123,114.2,GG
MI2021,PI534123,94.6,GG
NE2020,PI534123,19.375,GG
NE2021,PI534123,17.31,GG
NE2023,PI534123,43.06666666666666,GG
NE2025,PI534123,26.55,GG
MI2020,PI534124,47.29,GG
MI2021,PI534124,62.7,GG
NE2020,PI534124,28.2,GG
NE2021,PI534124,9.23,GG
NE2023,PI534124,101.45,GG
NE2025,PI534124,42.025,GG
MI2020,PI534127,52.61,GG
MI2021,PI534127,69.25,GG
NE2020,PI534127,8.1,GG
NE2021,PI534127,1.19,GG
NE2023,PI534127,118.31666666666668,GG
NE2025,PI534127,69.175,GG
MI2020,PI534128,49.13,GG
MI2021,PI534128,62.55,GG
NE2020,PI534128,11.875,GG
NE2021,PI534128,28.41,GG
NE2023,PI534128,113.0375,GG
NE2025,PI534128,71.375,GG
MI2020,PI534132,95.6,GG
MI2021,PI534132,94.26,GG
NE2020,PI534132,40.6,GG
NE2021,PI534132,24.05,GG
NE2023,PI534132,91.36666666666667,GG
NE2025,PI534132,153.525,GG
MI2020,PI534133,97.4,GG
MI2021,PI534133,89.1,GG
NE2020,PI534133,16.740000000000002,GG
NE2021,PI534133,9.515,GG
NE2023,PI534133,206.03333333333333,GG
NE2025,PI534133,59.75,GG
MI2020,PI534135,50.76,GG
MI2021,PI534135,64.1,GG
NE2020,PI534135,15.04,GG
NE2021,PI534135,33.37,GG
NE2023,PI534135,137.4,GG
NE2025,PI534135,103.275,GG
MI2020,PI534137,52.32,GG
MI2021,PI534137,73.0,GG
NE2020,PI534137,50.5,GG
NE2021,PI534137,68.26,GG
NE2023,PI534137,115.225,GG
NE2025,PI534137,69.95,GG
MI2020,PI534138,67.0,GG
MI2021,PI534138,42.0,GG
NE2025,PI534138,64.675,GG
MI2020,PI534139,27.7,GG
MI2021,PI534139,65.27,GG
NE2020,PI534139,14.15,GG
NE2021,PI534139,16.95,GG
NE2023,PI534139,59.225,GG
NE2025,PI534139,35.45,GG
MI2020,PI534144,69.63,GG
MI2021,PI534144,71.2,GG
NE2020,PI534144,34.75,GG
NE2021,PI534144,37.35,GG
NE2023,PI534144,78.76666666666667,GG
NE2025,PI534144,44.95,GG
MI2020,PI534148,58.62,GG
MI2021,PI534148,67.2,GG
NE2020,PI534148,19.58,GG
NE2021,PI534148,13.89,GG
NE2023,PI534148,144.725,GG
NE2025,PI534148,85.35,GG
MI2020,PI534155,66.56,GG
MI2021,PI534155,80.01,GG
NE2020,PI534155,23.725,GG
NE2021,PI534155,14.745,GG
NE2023,PI534155,120.55,GG
NE2025,PI534155,66.7,GG
MI2020,PI534157,91.78,GG
MI2021,PI534157,92.71,GG
NE2020,PI534157,48.475,GG
NE2021,PI534157,63.7,GG
NE2023,PI534157,113.075,GG
NE2025,PI534157,124.575,GG
MI2020,PI534163,46.14,GG
MI2021,PI534163,67.0,GG
NE2020,PI534163,22.825,GG
NE2021,PI534163,26.045,GG
NE2023,PI534163,126.2375,GG
NE2025,PI534163,103.175,GG
MI2020,PI534167,25.41,GG
MI2021,PI534167,42.53,GG
NE2021,PI534167,28.165,GG
NE2023,PI534167,91.2,GG
NE2025,PI534167,44.1,GG
MI2020,PI540816,77.4,GG
MI2021,PI540816,100.8,GG
NE2025,PI540816,157.75,GG
MI2020,PI542406,20.26,GG
MI2021,PI542406,12.84,GG
NE2020,PI542406,3.266666666666667,GG
NE2025,PI542406,7.775,GG
MI2020,PI542718,107.27,TT
MI2021,PI542718,98.5,TT
NE2020,PI542718,43.08,TT
NE2021,PI542718,53.425,TT
NE2023,PI542718,285.1125,TT
NE2025,PI542718,38.275,TT
MI2020,PI548797,64.97,GG
MI2021,PI548797,103.0,GG
NE2020,PI548797,42.76,GG
NE2021,PI548797,42.57,GG
NE2023,PI548797,168.5275,GG
NE2025,PI548797,164.375,GG
MI2020,PI552856,84.23,GG
MI2021,PI552856,78.67,GG
NE2023,PI552856,136.0375,GG
NE2025,PI552856,82.475,GG
MI2020,PI552861,102.91,GG
MI2021,PI552861,91.77,GG
NE2020,PI552861,55.32000000000001,GG
NE2021,PI552861,14.41,GG
NE2023,PI552861,156.3125,GG
NE2025,PI552861,201.125,GG
MI2020,PI561071,73.03,GG
MI2021,PI561071,118.53,GG
NE2021,PI561071,17.25,GG
NE2023,PI561071,191.6833333333333,GG
NE2025,PI561071,183.475,GG
MI2020,PI561072,41.9,GG
MI2021,PI561072,110.93,GG
NE2020,PI561072,59.3,GG
NE2023,PI561072,150.0,GG
NE2025,PI561072,81.17500000000001,GG
MI2020,PI561073,26.06,GG
MI2021,PI561073,68.2,GG
NE2020,PI561073,41.766666666666666,GG
NE2021,PI561073,49.68,GG
NE2023,PI561073,202.15,GG
NE2025,PI561073,197.575,GG
MI2020,PI561472,76.58000000000001,GG
MI2021,PI561472,99.3,GG
NE2020,PI561472,57.52,GG
NE2021,PI561472,63.86,GG
NE2023,PI561472,305.575,GG
NE2025,PI561472,249.0,GG
MI2020,PI564163,87.97266666666667,GG
MI2021,PI564163,81.52268292682926,GG
NE2020,PI564163,50.271578947368425,GG
NE2021,PI564163,61.8609090909091,GG
NE2023,PI564163,307.21248120300754,GG
NE2025,PI564163,161.2658273381295,GG
MI2020,PI564164,96.478,GG
MI2021,PI564164,62.2,GG
NE2020,PI564164,39.16,GG
NE2021,PI564164,54.54,GG
NE2023,PI564164,132.25,GG
NE2025,PI564164,164.35000000000002,GG
MI2020,PI564165,90.19,GG
MI2021,PI564165,136.4,GG
NE2020,PI564165,30.566666666666663,GG
NE2023,PI564165,162.7,GG
NE2025,PI564165,163.025,GG
MI2020,PI565121,125.6,GG
MI2021,PI565121,68.8,GG
NE2020,PI565121,62.13333333333333,GG
NE2023,PI565121,328.08750000000003,GG
NE2025,PI565121,220.375,GG
MI2020,PI576130,25.31,GG
MI2021,PI576130,77.9,GG
NE2020,PI576130,25.12,GG
NE2021,PI576130,23.23,GG
NE2023,PI576130,205.315,GG
NE2025,PI576130,91.125,GG
MI2020,PI576333,61.5,GG
MI2021,PI576333,48.02,GG
NE2020,PI576333,43.8,GG
NE2023,PI576333,139.075,GG
NE2025,PI576333,118.725,GG
MI2020,PI576339,68.19,GG
MI2021,PI576339,73.55,GG
NE2020,PI576339,26.76,GG
NE2021,PI576339,31.01,GG
NE2023,PI576339,187.35,GG
NE2025,PI576339,70.30000000000001,GG
MI2020,PI576340,109.69,GG
MI2021,PI576340,80.74,GG
NE2020,PI576340,39.5,GG
NE2021,PI576340,81.61,GG
NE2023,PI576340,162.4125,GG
NE2025,PI576340,100.125,GG
MI2020,PI576345,77.81,GG
MI2021,PI576345,68.4,GG
NE2020,PI576345,54.150000000000006,GG
NE2021,PI576345,35.53,GG
NE2023,PI576345,76.05,GG
NE2025,PI576345,159.3,GG
MI2020,PI576348,24.01,GG
MI2021,PI576348,21.91,GG
NE2020,PI576348,4.375,GG
NE2023,PI576348,23.9375,GG
NE2025,PI576348,9.0,GG
MI2020,PI576350,23.67,GG
MI2021,PI576350,29.8,GG
NE2020,PI576350,1.8,GG
NE2025,PI576350,17.25,GG
MI2020,PI576352,81.11,GG
MI2021,PI576352,77.7,GG
NE2020,PI576352,37.36666666666667,GG
NE2021,PI576352,31.43,GG
NE2023,PI576352,152.1,GG
NE2025,PI576352,68.6,GG
MI2020,PI576359,14.65,GG
MI2021,PI576359,63.9,GG
NE2020,PI576359,7.7,GG
NE2023,PI576359,44.9,GG
NE2025,PI576359,41.075,GG
MI2020,PI576364,51.5,GG
MI2021,PI576364,60.4,GG
NE2020,PI576364,22.68,GG
NE2021,PI576364,27.185,GG
NE2023,PI576364,74.0,GG
NE2025,PI576364,85.15,GG
MI2020,PI576366,14.2,GG
MI2021,PI576366,35.22,GG
NE2020,PI576366,28.7,GG
NE2021,PI576366,71.83,GG
NE2023,PI576366,172.53333333333333,GG
NE2025,PI576366,156.65,GG
MI2020,PI576373,38.41,GG
MI2021,PI576373,73.74,GG
NE2020,PI576373,38.24,GG
NE2021,PI576373,28.74,GG
NE2023,PI576373,147.2125,GG
NE2025,PI576373,50.5,GG
MI2020,PI576375,91.64,TT
MI2021,PI576375,100.2,TT
NE2020,PI576375,57.35,TT
NE2021,PI576375,31.02,TT
NE2023,PI576375,188.075,TT
NE2025,PI576375,154.575,TT
MI2020,PI576376,72.914,GG
MI2021,PI576376,27.53,GG
NE2020,PI576376,33.62,GG
NE2021,PI576376,29.1,GG
NE2023,PI576376,160.625,GG
NE2025,PI576376,95.575,GG
MI2020,PI576380,97.888,GG
MI2021,PI576380,38.5,GG
NE2020,PI576380,66.9,GG
NE2021,PI576380,75.06,GG
NE2023,PI576380,114.75,GG
NE2025,PI576380,135.3,GG
MI2020,PI576381,78.1,GG
MI2021,PI576381,50.7,GG
NE2020,PI576381,31.35,GG
NE2021,PI576381,28.245,GG
NE2023,PI576381,111.6875,GG
NE2025,PI576381,58.05,GG
MI2020,PI576385,67.7,GG
MI2021,PI576385,73.9,GG
NE2020,PI576385,43.82,GG
NE2021,PI576385,39.795,GG
NE2023,PI576385,46.55,GG
NE2025,PI576385,20.15,GG
MI2020,PI576386,43.998000000000005,GG
MI2021,PI576386,50.1,GG
NE2020,PI576386,18.950000000000003,GG
NE2021,PI576386,13.62,GG
NE2023,PI576386,37.825,GG
NE2025,PI576386,54.875,GG
MI2020,PI576387,83.8,GG
NE2020,PI576387,57.8,GG
NE2021,PI576387,50.34,GG
NE2023,PI576387,226.7125,GG
NE2025,PI576387,111.65,GG
MI2020,PI576390,60.91,GG
MI2021,PI576390,68.47,GG
NE2020,PI576390,25.4,GG
NE2021,PI576390,17.64,GG
NE2023,PI576390,110.725,GG
NE2025,PI576390,48.95,GG
MI2020,PI576391,50.36,GG
MI2021,PI576391,42.4,GG
NE2021,PI576391,72.16499999999999,GG
NE2025,PI576391,104.9,GG
MI2020,PI576393,46.51,GG
MI2021,PI576393,28.0,GG
NE2020,PI576393,20.275,GG
NE2021,PI576393,34.985,GG
NE2023,PI576393,106.15,GG
NE2025,PI576393,67.65,GG
MI2020,PI576396,50.8,GG
MI2021,PI576396,63.8,GG
NE2020,PI576396,34.3,GG
NE2021,PI576396,23.38,GG
NE2023,PI576396,72.89999999999999,GG
NE2025,PI576396,15.875,GG
MI2020,PI576399,56.29,GG
MI2021,PI576399,41.8,GG
NE2020,PI576399,29.9,GG
NE2021,PI576399,14.29,GG
NE2023,PI576399,86.7875,GG
NE2025,PI576399,44.6,GG
MI2020,PI576401,53.49,TT
MI2021,PI576401,86.04,TT
NE2020,PI576401,33.025,TT
NE2023,PI576401,103.7,TT
NE2025,PI576401,126.9,TT
MI2020,PI576418,60.08,GG
MI2021,PI576418,83.7,GG
NE2020,PI576418,34.44,GG
NE2021,PI576418,2.42,GG
NE2023,PI576418,68.8,GG
NE2025,PI576418,63.650000000000006,GG
MI2020,PI576422,90.56,GG
MI2021,PI576422,69.88,GG
NE2020,PI576422,60.0,GG
NE2021,PI576422,35.29,GG
NE2023,PI576422,140.975,GG
NE2025,PI576422,121.75,GG
MI2020,PI576425,104.91,GG
MI2021,PI576425,69.78,GG
NE2020,PI576425,48.125,GG
NE2021,PI576425,26.68,GG
NE2023,PI576425,267.4,GG
NE2025,PI576425,134.25,GG
MI2020,PI576426,78.38,GG
MI2021,PI576426,153.98,GG
NE2020,PI576426,47.66666666666666,GG
NE2021,PI576426,27.32,GG
NE2023,PI576426,203.725,GG
NE2025,PI576426,114.675,GG
MI2020,PI576428,123.19,GG
MI2021,PI576428,102.94,GG
NE2020,PI576428,22.84,GG
NE2021,PI576428,67.68,GG
NE2023,PI576428,142.8875,GG
NE2025,PI576428,34.05,GG
MI2020,PI576434,107.12,GG
MI2021,PI576434,122.4,GG
NE2021,PI576434,23.14,GG
NE2023,PI576434,78.0375,GG
NE2025,PI576434,160.875,GG
MI2020,PI576435,49.24,GG
MI2021,PI576435,99.18,GG
NE2020,PI576435,55.6,GG
NE2021,PI576435,37.19,GG
NE2025,PI576435,93.725,GG
MI2020,PI576437,51.31,GG
MI2021,PI576437,77.26,GG
NE2020,PI576437,26.4,GG
NE2021,PI576437,39.23,GG
NE2023,PI576437,63.35,GG
NE2025,PI576437,65.1,GG
MI2020,PI585291,69.75,GG
MI2021,PI585291,82.79,GG
NE2023,PI585291,123.95,GG
NE2025,PI585291,136.27499999999998,GG
MI2020,PI585295,85.2,GG
MI2021,PI585295,73.5,GG
NE2020,PI585295,44.35,GG
NE2025,PI585295,124.925,GG
MI2020,PI595699,103.37,TT
MI2021,PI595699,69.1,TT
NE2020,PI595699,37.875,TT
NE2021,PI595699,20.365,TT
NE2023,PI595699,197.1125,TT
NE2025,PI595699,79.55,TT
MI2020,PI595702,53.84,GG
MI2021,PI595702,72.2,GG
NE2020,PI595702,27.62,GG
NE2021,PI595702,35.040000000000006,GG
NE2023,PI595702,102.775,GG
NE2025,PI595702,45.875,GG
MI2020,PI595714,55.5,GG
MI2021,PI595714,90.2,GG
NE2020,PI595714,41.4,GG
NE2021,PI595714,61.87,GG
NE2023,PI595714,146.63333333333333,GG
NE2025,PI595714,94.15,GG
MI2020,PI595718,46.44,GG
MI2021,PI595718,24.31,GG
NE2020,PI595718,25.475,GG
NE2021,PI595718,36.7,GG
NE2023,PI595718,86.9,GG
NE2025,PI595718,81.19999999999999,GG
MI2020,PI595720,40.27,GG
MI2021,PI595720,42.51,GG
NE2020,PI595720,30.3,GG
NE2021,PI595720,36.89,GG
NE2023,PI595720,159.1625,GG
NE2025,PI595720,75.125,GG
MI2020,PI595739,102.43,GG
MI2021,PI595739,100.9,GG
NE2020,PI595739,48.325,GG
NE2021,PI595739,54.275000000000006,GG
NE2023,PI595739,123.35,GG
NE2025,PI595739,152.975,GG
MI2020,PI595740,80.56,GG
MI2021,PI595740,116.8,GG
NE2020,PI595740,23.66,GG
NE2021,PI595740,14.28,GG
NE2023,PI595740,208.58333333333331,GG
NE2025,PI595740,105.375,GG
MI2020,PI595741,36.06,GG
MI2021,PI595741,44.3,GG
NE2020,PI595741,16.95,GG
NE2021,PI595741,4.11,GG
NE2023,PI595741,75.5,GG
NE2025,PI595741,62.675,GG
MI2020,PI595743,16.43,GG
MI2021,PI595743,74.2,GG
NE2020,PI595743,16.325,GG
NE2021,PI595743,8.07,GG
NE2023,PI595743,53.23333333333333,GG
NE2025,PI595743,51.150000000000006,GG
MI2020,PI595744,80.69,GG
MI2021,PI595744,84.4,GG
NE2020,PI595744,45.575,GG
NE2021,PI595744,34.72,GG
NE2023,PI595744,124.8625,GG
NE2025,PI595744,102.375,GG
MI2020,PI595745,72.89,GG
MI2021,PI595745,86.6,GG
NE2020,PI595745,27.9,GG
NE2023,PI595745,138.3875,GG
NE2025,PI595745,118.8,GG
MI2020,PI597945,51.7,GG
MI2021,PI597945,69.81,GG
NE2023,PI597945,153.1,GG
NE2025,PI597945,86.92500000000001,GG
MI2020,PI597946,43.07,GG
MI2021,PI597946,25.97,GG
NE2020,PI597946,22.575,GG
NE2021,PI597946,16.295,GG
NE2023,PI597946,70.6275,GG
NE2025,PI597946,60.175,GG
MI2020,PI597949,44.11,GG
MI2021,PI597949,68.39,GG
NE2020,PI597949,4.5,GG
NE2021,PI597949,0.3199999999999999,GG
NE2023,PI597949,70.33333333333333,GG
NE2025,PI597949,30.625,GG
MI2020,PI597950,69.87,GG
MI2021,PI597950,42.13,GG
NE2020,PI597950,10.76,GG
NE2023,PI597950,106.8,GG
NE2025,PI597950,52.650000000000006,GG
MI2020,PI597951,41.66,GG
MI2021,PI597951,65.4,GG
NE2020,PI597951,18.8,GG
NE2021,PI597951,35.055,GG
NE2023,PI597951,58.275,GG
NE2025,PI597951,38.95,GG
MI2020,PI597952,83.4,GG
MI2021,PI597952,71.7,GG
NE2020,PI597952,41.475,GG
NE2021,PI597952,27.605,GG
NE2023,PI597952,81.65,GG
NE2025,PI597952,43.4,GG
MI2020,PI597958,55.45,GG
MI2021,PI597958,32.22,GG
NE2020,PI597958,23.46,GG
NE2021,PI597958,18.085,GG
NE2023,PI597958,130.525,GG
NE2025,PI597958,101.8,GG
MI2020,PI597960,44.75,GG
MI2021,PI597960,73.7,GG
NE2020,PI597960,36.4,GG
NE2021,PI597960,47.1,GG
NE2023,PI597960,49.583333333333336,GG
NE2025,PI597960,39.5,GG
MI2020,PI597961,59.8,GG
MI2021,PI597961,44.83,GG
NE2020,PI597961,38.775,GG
NE2021,PI597961,48.19,GG
NE2023,PI597961,150.48333333333332,GG
NE2025,PI597961,57.425,GG
MI2020,PI597965,97.6,GG
MI2021,PI597965,80.8,GG
NE2020,PI597965,56.98,GG
NE2021,PI597965,48.2,GG
NE2023,PI597965,157.98333333333332,GG
NE2025,PI597965,100.85,GG
MI2020,PI597966,74.5,GG
MI2021,PI597966,37.89,GG
NE2020,PI597966,49.2,GG
NE2021,PI597966,35.88,GG
NE2023,PI597966,176.6875,GG
NE2025,PI597966,86.5,GG
MI2020,PI597967,70.59,GG
MI2021,PI597967,149.91,GG
NE2020,PI597967,49.900000000000006,GG
NE2021,PI597967,68.44,GG
NE2025,PI597967,144.7,GG
MI2020,PI597968,45.33,GG
MI2021,PI597968,45.61,GG
NE2020,PI597968,41.2,GG
NE2021,PI597968,46.33,GG
NE2023,PI597968,119.81666666666668,GG
NE2025,PI597968,101.0,GG
MI2020,PI597971,110.05,GG
MI2021,PI597971,54.4,GG
NE2020,PI597971,42.42,GG
NE2021,PI597971,21.47,GG
NE2023,PI597971,150.91666666666666,GG
NE2025,PI597971,110.95,GG
MI2020,PI597972,97.64,GG
MI2021,PI597972,106.9,GG
NE2020,PI597972,52.0,GG
NE2021,PI597972,67.53,GG
NE2023,PI597972,218.2875,GG
NE2025,PI597972,129.25,GG
MI2020,PI597973,26.9,GG
MI2021,PI597973,86.68,GG
NE2020,PI597973,12.6,GG
NE2021,PI597973,7.5,GG
NE2023,PI597973,177.5375,GG
NE2025,PI597973,58.675,GG
MI2020,PI597976,52.84,GG
MI2021,PI597976,32.86,GG
NE2020,PI597976,32.46,GG
NE2021,PI597976,32.385000000000005,GG
NE2023,PI597976,129.675,GG
NE2025,PI597976,75.125,GG
MI2020,PI597980,67.75,GG
MI2021,PI597980,31.97,GG
NE2020,PI597980,35.225,GG
NE2021,PI597980,30.85,GG
NE2023,PI597980,138.7375,GG
NE2025,PI597980,70.05000000000001,GG
MI2020,PI597982,63.54600000000001,GG
MI2021,PI597982,49.4,GG
NE2020,PI597982,36.52,GG
NE2021,PI597982,44.87,GG
NE2023,PI597982,164.4375,GG
NE2025,PI597982,31.075,GG
MI2020,PI598070,10.82,GG
MI2021,PI598070,25.97,GG
NE2023,PI598070,19.9,GG
NE2025,PI598070,5.375,GG
MI2020,PI607931,59.91,GG
MI2021,PI607931,121.9,GG
NE2020,PI607931,37.06666666666667,GG
NE2021,PI607931,44.23,GG
NE2023,PI607931,122.13333333333333,GG
NE2025,PI607931,115.575,GG
MI2020,PI613536,146.6,GG
MI2021,PI613536,74.73,GG
NE2021,PI613536,41.44,GG
NE2023,PI613536,210.875,GG
NE2025,PI613536,99.475,GG
MI2020,PI629034,70.82,GG
MI2021,PI629034,57.65,GG
NE2021,PI629034,26.66,GG
NE2023,PI629034,135.975,GG
NE2025,PI629034,162.375,GG
MI2020,PI629040,99.09,GG
NE2020,PI629040,38.6,GG
NE2023,PI629040,132.35,GG
NE2025,PI629040,95.525,GG
MI2020,PI629059,72.29,GG
MI2021,PI629059,65.99,GG
NE2020,PI629059,37.48,GG
NE2021,PI629059,53.875,GG
NE2023,PI629059,245.9475,GG
NE2025,PI629059,192.325,GG
MI2020,PI641824,55.38,GG
MI2021,PI641824,68.2,GG
NE2023,PI641824,190.25,GG
NE2025,PI641824,154.27499999999998,GG
MI2020,PI641836,61.98,GG
MI2021,PI641836,60.07,GG
NE2023,PI641836,146.5666666666667,GG
NE2025,PI641836,84.875,GG
MI2020,PI641849,55.4,GG
MI2021,PI641849,17.4,GG
NE2020,PI641849,7.1,GG
NE2021,PI641849,22.195,GG
NE2023,PI641849,67.075,GG
NE2025,PI641849,34.225,GG
MI2020,PI641874,51.5,GG
MI2021,PI641874,91.13,GG
NE2020,PI641874,28.360000000000003,GG
NE2021,PI641874,30.04,GG
NE2023,PI641874,43.975,GG
NE2025,PI641874,27.35,GG
MI2020,PI642791,112.34,GG
NE2020,PI642791,38.86,GG
NE2021,PI642791,31.090000000000003,GG
NE2023,PI642791,266.725,GG
NE2025,PI642791,102.5,GG
MI2020,PI642793,80.99,GG
MI2021,PI642793,82.2,GG
NE2020,PI642793,31.58,GG
NE2023,PI642793,158.54999999999998,GG
NE2025,PI642793,119.875,GG
MI2020,PI642992,109.346,GG
NE2020,PI642992,53.7,GG
NE2023,PI642992,164.96666666666667,GG
NE2025,PI642992,207.675,GG
MI2020,PI642998,71.06,GG
MI2021,PI642998,42.3,GG
NE2020,PI642998,11.5,GG
NE2023,PI642998,80.475,GG
NE2025,PI642998,32.375,GG
MI2020,PI651492,82.1,GG
MI2021,PI651492,73.1,GG
NE2025,PI651492,161.55,GG
MI2020,PI651496,72.0,GG
MI2021,PI651496,74.15,GG
NE2020,PI651496,21.53333333333333,GG
NE2023,PI651496,147.6,GG
NE2025,PI651496,6.25,GG
MI2020,PI653616,116.05,GG
MI2021,PI653616,83.5,GG
NE2025,PI653616,29.3,GG
MI2020,PI653617,43.65,GG
MI2021,PI653617,59.52,GG
NE2023,PI653617,76.0125,GG
NE2025,PI653617,48.1,GG
MI2020,PI655970,30.51,GG
MI2021,PI655970,96.7,GG
NE2020,PI655970,25.525,GG
NE2021,PI655970,20.4,GG
NE2023,PI655970,196.4,GG
NE2025,PI655970,182.8,GG
MI2020,PI655971,73.9,GG
MI2021,PI655971,95.0,GG
NE2020,PI655971,41.88,GG
NE2021,PI655971,59.06999999999999,GG
NE2023,PI655971,84.725,GG
NE2025,PI655971,75.9,GG
MI2020,PI655972,78.19,GG
MI2021,PI655972,76.3,GG
NE2020,PI655972,42.1,GG
NE2021,PI655972,13.08,GG
NE2023,PI655972,211.36666666666667,GG
NE2025,PI655972,93.3,GG
MI2020,PI655973,96.4,GG
MI2021,PI655973,68.89,GG
NE2020,PI655973,53.15,GG
NE2021,PI655973,28.57,GG
NE2023,PI655973,54.55,GG
NE2025,PI655973,68.30000000000001,GG
MI2020,PI655974,105.5,GG
MI2021,PI655974,100.65,GG
NE2020,PI655974,51.5,GG
NE2021,PI655974,41.84,GG
NE2023,PI655974,181.3875,GG
NE2025,PI655974,166.0,GG
MI2020,PI655975,74.07,GG
MI2021,PI655975,95.36,GG
NE2020,PI655975,58.05,GG
NE2023,PI655975,238.16666666666663,GG
NE2025,PI655975,143.925,GG
MI2020,PI655976,69.62,GG
MI2021,PI655976,90.0,GG
NE2020,PI655976,40.34,GG
NE2021,PI655976,36.62,GG
NE2023,PI655976,135.16666666666666,GG
NE2025,PI655976,90.625,GG
MI2020,PI655977,79.69,GG
MI2021,PI655977,80.8,GG
NE2020,PI655977,50.94,GG
NE2021,PI655977,9.05,GG
NE2023,PI655977,171.6375,GG
NE2025,PI655977,165.25,GG
MI2020,PI655978,86.97,GG
NE2020,PI655978,34.2,GG
NE2021,PI655978,12.94,GG
NE2023,PI655978,130.38333333333333,GG
NE2025,PI655978,104.675,GG
MI2020,PI655979,79.512,GG
MI2021,PI655979,33.1,GG
NE2020,PI655979,34.6,GG
NE2021,PI655979,9.49,GG
NE2023,PI655979,100.375,GG
NE2025,PI655979,111.275,GG
MI2020,PI655980,14.59,GG
MI2021,PI655980,27.29,GG
NE2025,PI655980,12.125,GG
MI2020,PI655983,40.8,GG
MI2021,PI655983,57.0,GG
NE2023,PI655983,161.7125,GG
NE2025,PI655983,127.325,GG
MI2020,PI655984,70.73,GG
MI2021,PI655984,99.71,GG
NE2023,PI655984,171.35,GG
NE2025,PI655984,146.3,GG
MI2020,PI655985,72.33,GG
MI2021,PI655985,65.25,GG
NE2023,PI655985,308.8125,GG
NE2025,PI655985,119.175,GG
MI2020,PI655986,23.8,GG
MI2021,PI655986,86.34,GG
NE2021,PI655986,48.43,GG
NE2023,PI655986,190.7333333333333,GG
NE2025,PI655986,185.2,GG
MI2020,PI655987,98.19,GG
MI2021,PI655987,65.4,GG
NE2021,PI655987,24.57,GG
NE2023,PI655987,178.875,GG
NE2025,PI655987,92.9,GG
MI2020,PI655988,62.42,GG
MI2021,PI655988,79.7,GG
NE2023,PI655988,225.025,GG
NE2025,PI655988,132.075,GG
MI2020,PI655989,91.6,GG
MI2021,PI655989,90.22,GG
NE2023,PI655989,173.4625,GG
NE2025,PI655989,74.775,GG
MI2020,PI655990,60.53,GG
MI2021,PI655990,85.2,GG
NE2023,PI655990,153.4625,GG
NE2025,PI655990,109.55,GG
MI2020,PI655991,78.3,GG
MI2021,PI655991,76.14,GG
NE2023,PI655991,233.8625,GG
NE2025,PI655991,178.2,GG
MI2020,PI655992,83.29,GG
MI2021,PI655992,77.6,GG
NE2020,PI655992,31.525,GG
NE2021,PI655992,53.775000000000006,GG
NE2023,PI655992,160.1975,GG
NE2025,PI655992,114.175,GG
MI2020,PI655993,56.54,GG
MI2021,PI655993,82.37,GG
NE2020,PI655993,41.36,GG
NE2021,PI655993,47.595,GG
NE2023,PI655993,218.325,GG
MI2020,PI655995,43.66,GG
NE2020,PI655995,8.42,GG
NE2023,PI655995,93.25,GG
NE2025,PI655995,8.25,GG
MI2020,PI655996,61.66,GG
MI2021,PI655996,88.8,GG
NE2020,PI655996,45.9,GG
NE2021,PI655996,10.8825,GG
NE2023,PI655996,58.91666666666666,GG
NE2025,PI655996,116.2,GG
MI2020,PI655997,48.1,GG
MI2021,PI655997,77.6,GG
NE2020,PI655997,44.28,GG
NE2021,PI655997,22.03,GG
NE2023,PI655997,109.8,GG
NE2025,PI655997,62.625,GG
MI2020,PI655998,60.71,GG
MI2021,PI655998,56.1,GG
NE2020,PI655998,33.36,GG
NE2021,PI655998,36.8,GG
NE2023,PI655998,191.75,GG
NE2025,PI655998,102.1,GG
MI2020,PI655999,35.8,GG
MI2021,PI655999,42.1,GG
NE2020,PI655999,1.44,GG
NE2023,PI655999,12.766666666666666,GG
NE2025,PI655999,1.45,GG
MI2020,PI656000,76.55,GG
MI2021,PI656000,74.66,GG
NE2020,PI656000,38.760000000000005,GG
NE2021,PI656000,64.475,GG
NE2023,PI656000,197.75,GG
NE2025,PI656000,137.8,GG
MI2020,PI656001,89.5,GG
MI2021,PI656001,95.77,GG
NE2020,PI656001,37.58,GG
NE2021,PI656001,43.94,GG
NE2023,PI656001,264.67499999999995,GG
NE2025,PI656001,196.975,GG
MI2020,PI656002,73.78,GG
MI2021,PI656002,36.46,GG
NE2020,PI656002,59.760000000000005,GG
NE2021,PI656002,42.305,GG
NE2023,PI656002,192.4125,GG
NE2025,PI656002,107.95,GG
MI2020,PI656003,46.64,GG
MI2021,PI656003,80.55,GG
NE2020,PI656003,22.9,GG
NE2021,PI656003,17.43,GG
NE2023,PI656003,182.6,GG
NE2025,PI656003,127.7,GG
MI2020,PI656004,60.11,GG
MI2021,PI656004,74.93,GG
NE2020,PI656004,36.625,GG
NE2021,PI656004,20.78,GG
NE2023,PI656004,51.225,GG
NE2025,PI656004,90.85,GG
MI2020,PI656005,84.8,GG
MI2021,PI656005,43.8,GG
NE2020,PI656005,44.98,GG
NE2021,PI656005,42.17,GG
NE2023,PI656005,129.9125,GG
NE2025,PI656005,140.775,GG
MI2020,PI656006,62.95,GG
MI2021,PI656006,72.56,GG
NE2020,PI656006,36.2,GG
NE2021,PI656006,21.365,GG
NE2023,PI656006,137.68333333333334,GG
NE2025,PI656006,154.22500000000002,GG
MI2020,PI656007,62.74,GG
MI2021,PI656007,38.12,GG
NE2020,PI656007,35.4,GG
NE2021,PI656007,29.15,GG
NE2023,PI656007,88.9625,GG
NE2025,PI656007,86.05000000000001,GG
MI2020,PI656008,90.898,GG
MI2021,PI656008,173.5,GG
NE2020,PI656008,94.45,GG
NE2021,PI656008,48.16,GG
NE2023,PI656008,182.86666666666667,GG
NE2025,PI656008,328.725,GG
MI2020,PI656010,84.1,GG
MI2021,PI656010,66.9,GG
NE2020,PI656010,35.725,GG
NE2021,PI656010,56.24,GG
NE2023,PI656010,135.925,GG
NE2025,PI656010,107.325,GG
MI2020,PI656011,87.56,GG
MI2021,PI656011,107.5,GG
NE2020,PI656011,55.725,GG
NE2021,PI656011,119.34,GG
NE2023,PI656011,243.6375,GG
NE2025,PI656011,256.775,GG
MI2020,PI656012,34.28,GG
MI2021,PI656012,98.2,GG
NE2020,PI656012,49.95,GG
NE2021,PI656012,92.395,GG
NE2023,PI656012,226.7,GG
NE2025,PI656012,232.125,GG
MI2020,PI656013,136.23999999999998,TT
MI2021,PI656013,184.0,TT
NE2020,PI656013,49.63333333333333,TT
NE2021,PI656013,87.25,TT
NE2023,PI656013,178.425,TT
NE2025,PI656013,148.27499999999998,TT
MI2020,PI656014,61.99,GG
MI2021,PI656014,76.0,GG
NE2020,PI656014,11.533333333333331,GG
NE2021,PI656014,0.33,GG
NE2023,PI656014,63.51666666666667,GG
NE2025,PI656014,36.125,GG
MI2020,PI656015,73.54,GG
MI2021,PI656015,85.8,GG
NE2023,PI656015,235.86666666666667,GG
NE2025,PI656015,59.675,GG
MI2020,PI656016,93.77,GG
MI2021,PI656016,104.61,GG
NE2020,PI656016,37.720000000000006,GG
NE2021,PI656016,25.405,GG
NE2023,PI656016,128.28750000000002,GG
NE2025,PI656016,112.125,GG
MI2020,PI656017,19.7,GG
MI2021,PI656017,77.6,GG
NE2020,PI656017,13.35,GG
NE2021,PI656017,1.8,GG
NE2025,PI656017,17.625,GG
MI2020,PI656018,32.39,GG
MI2021,PI656018,90.64,GG
NE2020,PI656018,48.8,GG
NE2021,PI656018,39.555,GG
NE2023,PI656018,227.8,GG
NE2025,PI656018,232.825,GG
MI2020,PI656019,43.17,GG
MI2021,PI656019,62.2,GG
NE2020,PI656019,40.2,GG
NE2021,PI656019,38.15,GG
NE2023,PI656019,122.2625,GG
NE2025,PI656019,109.825,GG
MI2020,PI656020,40.83,GG
MI2021,PI656020,26.8,GG
NE2020,PI656020,24.9,GG
NE2021,PI656020,33.665,GG
NE2023,PI656020,139.0,GG
NE2025,PI656020,89.625,GG
MI2020,PI656021,64.86,GG
MI2021,PI656021,79.23,GG
NE2020,PI656021,36.38,GG
NE2021,PI656021,66.97,GG
NE2025,PI656021,13.75,GG
MI2020,PI656022,84.01,GG
MI2021,PI656022,112.09,GG
NE2020,PI656022,39.025,GG
NE2023,PI656022,117.525,GG
NE2025,PI656022,85.94999999999999,GG
MI2020,PI656023,62.33,GG
MI2021,PI656023,84.7,GG
NE2020,PI656023,38.12,GG
NE2021,PI656023,53.303333333333335,GG
NE2023,PI656023,204.83333333333331,GG
NE2025,PI656023,194.6,GG
MI2020,PI656024,84.43,GG
MI2021,PI656024,106.7,GG
NE2020,PI656024,32.725,GG
NE2023,PI656024,206.91666666666663,GG
NE2025,PI656024,192.6,GG
MI2020,PI656025,160.92,TT
MI2021,PI656025,87.0,TT
NE2020,PI656025,31.860000000000003,TT
NE2021,PI656025,48.795,TT
NE2023,PI656025,305.2625,TT
NE2025,PI656025,10.925,TT
MI2020,PI656026,85.4,GG
MI2021,PI656026,97.6,GG
NE2020,PI656026,23.2,GG
NE2021,PI656026,58.65,GG
NE2023,PI656026,160.0875,GG
NE2025,PI656026,105.15,GG
MI2020,PI656027,80.1,TT
MI2021,PI656027,128.7,TT
NE2020,PI656027,39.625,TT
NE2021,PI656027,9.655,TT
NE2025,PI656027,133.525,TT
MI2020,PI656028,59.766,GG
MI2021,PI656028,104.88,GG
NE2020,PI656028,30.559999999999995,GG
NE2021,PI656028,33.05,GG
NE2023,PI656028,133.775,GG
NE2025,PI656028,161.95,GG
MI2020,PI656029,57.5,GG
MI2021,PI656029,97.42,GG
NE2020,PI656029,24.44,GG
NE2021,PI656029,9.83,GG
NE2023,PI656029,131.97500000000002,GG
NE2025,PI656029,57.975,GG
MI2020,PI656031,95.518,GG
MI2021,PI656031,118.7,GG
NE2020,PI656031,45.275,GG
NE2021,PI656031,77.205,GG
NE2023,PI656031,269.8,GG
NE2025,PI656031,190.6,GG
MI2020,PI656032,58.64,GG
MI2021,PI656032,33.28,GG
NE2020,PI656032,19.56,GG
NE2021,PI656032,8.715,GG
NE2025,PI656032,100.85,GG
MI2020,PI656033,31.01,GG
MI2021,PI656033,86.1,GG
NE2023,PI656033,65.86666666666666,GG
NE2025,PI656033,128.8,GG
MI2020,PI656034,68.3,GG
MI2021,PI656034,91.24,GG
NE2020,PI656034,50.875,GG
NE2021,PI656034,12.71,GG
NE2023,PI656034,227.83333333333331,GG
NE2025,PI656034,240.725,GG
MI2020,PI656035,29.48,GG
MI2021,PI656035,81.04,GG
NE2020,PI656035,43.13333333333333,GG
NE2021,PI656035,35.275000000000006,GG
NE2023,PI656035,153.2375,GG
NE2025,PI656035,79.725,GG
MI2020,PI656036,114.964,GG
MI2021,PI656036,115.1,GG
NE2020,PI656036,39.766666666666666,GG
NE2023,PI656036,262.1125,GG
NE2025,PI656036,265.15,GG
MI2020,PI656037,126.48,GG
MI2021,PI656037,116.3,GG
NE2020,PI656037,71.03999999999999,GG
NE2023,PI656037,253.1875,GG
NE2025,PI656037,166.10000000000002,GG
MI2020,PI656038,34.72,GG
MI2021,PI656038,75.1,GG
NE2023,PI656038,107.3375,GG
NE2025,PI656038,67.775,GG
MI2020,PI656039,131.086,GG
MI2021,PI656039,86.6,GG
NE2020,PI656039,65.3,GG
NE2023,PI656039,311.35,GG
NE2025,PI656039,160.85,GG
MI2020,PI656040,44.33,GG
MI2021,PI656040,96.72,GG
NE2020,PI656040,35.0,GG
NE2021,PI656040,61.84,GG
NE2023,PI656040,77.025,GG
NE2025,PI656040,117.525,GG
MI2020,PI656041,50.22,GG
MI2021,PI656041,82.2,GG
NE2020,PI656041,37.525,GG
NE2021,PI656041,41.585,GG
NE2023,PI656041,53.05,GG
NE2025,PI656041,105.575,GG
MI2020,PI656042,76.63,GG
MI2021,PI656042,93.95,GG
NE2020,PI656042,37.25,GG
NE2021,PI656042,31.27,GG
NE2023,PI656042,60.28333333333334,GG
NE2025,PI656042,41.675,GG
MI2020,PI656043,97.578,GG
MI2021,PI656043,87.3,GG
NE2020,PI656043,74.9,GG
NE2021,PI656043,80.085,GG
NE2023,PI656043,267.5625,GG
NE2025,PI656043,285.79999999999995,GG
MI2020,PI656044,107.412,GG
MI2021,PI656044,100.3,GG
NE2020,PI656044,49.46666666666667,GG
NE2021,PI656044,56.46,GG
NE2023,PI656044,326.175,GG
NE2025,PI656044,217.575,GG
MI2020,PI656046,121.53,TT
MI2021,PI656046,81.12,TT
NE2020,PI656046,60.36666666666667,TT
NE2021,PI656046,22.59,TT
NE2023,PI656046,273.45000000000005,TT
NE2025,PI656046,122.85,TT
MI2020,PI656047,94.33,GG
MI2021,PI656047,155.35,GG
NE2023,PI656047,180.78333333333333,GG
NE2025,PI656047,141.85000000000002,GG
MI2020,PI656048,77.67,GG
MI2021,PI656048,33.7,GG
NE2020,PI656048,42.4,GG
NE2021,PI656048,41.31,GG
NE2023,PI656048,216.58333333333331,GG
NE2025,PI656048,182.4,GG
MI2020,PI656049,54.3,GG
MI2021,PI656049,91.85,GG
NE2020,PI656049,36.74,GG
NE2023,PI656049,184.25,GG
NE2025,PI656049,191.05,GG
MI2020,PI656050,83.18,GG
MI2021,PI656050,47.68,GG
NE2020,PI656050,34.825,GG
NE2021,PI656050,16.065,GG
NE2025,PI656050,128.175,GG
MI2020,PI656051,83.92,GG
MI2021,PI656051,134.19,GG
NE2020,PI656051,35.06,GG
NE2021,PI656051,39.595,GG
NE2023,PI656051,179.6125,GG
NE2025,PI656051,195.775,GG
MI2020,PI656052,51.74,GG
MI2021,PI656052,36.19,GG
NE2020,PI656052,42.22,GG
NE2023,PI656052,233.8375,GG
NE2025,PI656052,213.05,GG
MI2020,PI656053,64.75,GG
MI2021,PI656053,65.3,GG
NE2020,PI656053,63.3,GG
NE2021,PI656053,51.54,GG
NE2023,PI656053,171.85,GG
NE2025,PI656053,111.625,GG
MI2020,PI656055,81.24,GG
MI2021,PI656055,60.9,GG
NE2020,PI656055,38.3,GG
NE2021,PI656055,32.63,GG
NE2023,PI656055,71.56666666666666,GG
NE2025,PI656055,96.225,GG
MI2020,PI656056,74.2,GG
MI2021,PI656056,76.67,GG
NE2020,PI656056,23.8,GG
NE2021,PI656056,32.43,GG
NE2023,PI656056,190.225,GG
NE2025,PI656056,172.7,GG
MI2020,PI656057,53.44,GG
MI2021,PI656057,82.2,GG
NE2020,PI656057,29.8,GG
NE2021,PI656057,21.42,GG
NE2023,PI656057,179.075,GG
NE2025,PI656057,144.85,GG
MI2020,PI656058,58.47,GG
MI2021,PI656058,68.28,GG
NE2020,PI656058,48.775,GG
NE2021,PI656058,40.405,GG
NE2023,PI656058,113.4,GG
NE2025,PI656058,192.4,GG
MI2020,PI656059,20.69,GG
MI2021,PI656059,97.5,GG
NE2020,PI656059,39.52,GG
NE2021,PI656059,46.25,GG
NE2023,PI656059,246.25,GG
NE2025,PI656059,219.75,GG
MI2020,PI656060,51.76,GG
MI2021,PI656060,74.7,GG
NE2020,PI656060,48.68,GG
NE2021,PI656060,49.605,GG
NE2023,PI656060,145.2625,GG
NE2025,PI656060,133.475,GG
MI2020,PI656061,76.76,GG
MI2021,PI656061,65.0,GG
NE2020,PI656061,18.775,GG
NE2021,PI656061,4.3,GG
NE2023,PI656061,102.3,GG
NE2025,PI656061,97.7,GG
MI2020,PI656062,72.07,GG
MI2021,PI656062,101.4,GG
NE2020,PI656062,38.3,GG
NE2021,PI656062,67.64,GG
NE2023,PI656062,209.925,GG
NE2025,PI656062,208.625,GG
MI2020,PI656064,121.79,TT
MI2020,PI656065,55.66,GG
MI2021,PI656065,96.2,GG
NE2025,PI656065,119.2,GG
MI2020,PI656066,130.9,GG
MI2020,PI656068,86.72,GG
MI2021,PI656068,54.7,GG
NE2020,PI656068,45.6,GG
NE2021,PI656068,37.6,GG
NE2023,PI656068,145.79999999999998,GG
NE2025,PI656068,137.97500000000002,GG
MI2020,PI656069,22.31,GG
MI2021,PI656069,61.9,GG
NE2020,PI656069,30.566666666666663,GG
NE2021,PI656069,10.36,GG
NE2023,PI656069,186.675,GG
NE2025,PI656069,114.125,GG
MI2020,PI656070,57.7,GG
MI2021,PI656070,70.13,GG
NE2020,PI656070,24.96,GG
NE2021,PI656070,37.12,GG
NE2023,PI656070,154.3375,GG
NE2025,PI656070,113.825,GG
MI2020,PI656071,48.48,GG
MI2021,PI656071,66.73,GG
NE2020,PI656071,67.44,GG
NE2021,PI656071,84.85,GG
NE2023,PI656071,211.865,GG
NE2025,PI656071,196.875,GG
MI2020,PI656072,65.78,GG
MI2021,PI656072,118.8,GG
NE2020,PI656072,40.7,GG
NE2021,PI656072,25.885,GG
NE2023,PI656072,202.8166666666667,GG
NE2025,PI656072,95.5,GG
MI2020,PI656073,57.76,GG
MI2021,PI656073,91.11,GG
NE2021,PI656073,18.06,GG
NE2023,PI656073,52.05,GG
NE2025,PI656073,65.55000000000001,GG
MI2020,PI656074,60.8,GG
MI2021,PI656074,82.0,GG
NE2020,PI656074,12.725,GG
NE2021,PI656074,12.01,GG
NE2025,PI656074,16.775,GG
MI2020,PI656075,73.5,GG
MI2021,PI656075,125.01,GG
NE2020,PI656075,31.4,GG
NE2021,PI656075,23.73,GG
NE2023,PI656075,120.55,GG
NE2025,PI656075,109.325,GG
MI2020,PI656076,75.01,GG
MI2021,PI656076,35.44,GG
NE2020,PI656076,25.5,GG
NE2021,PI656076,86.94,GG
NE2023,PI656076,103.975,GG
NE2025,PI656076,85.6,GG
MI2020,PI656077,44.98,GG
MI2021,PI656077,51.76,GG
NE2020,PI656077,18.48,GG
NE2021,PI656077,42.86,GG
NE2023,PI656077,134.46666666666667,GG
NE2025,PI656077,69.775,GG
MI2020,PI656078,13.48,GG
MI2021,PI656078,49.1,GG
NE2020,PI656078,7.900000000000001,GG
NE2021,PI656078,10.65,GG
NE2023,PI656078,46.76,GG
NE2025,PI656078,39.2,GG
MI2020,PI656079,38.17,GG
MI2021,PI656079,69.8,GG
NE2020,PI656079,22.06,GG
NE2021,PI656079,34.78,GG
NE2023,PI656079,71.185,GG
NE2025,PI656079,56.425,GG
MI2020,PI656082,87.45,GG
MI2021,PI656082,96.35,GG
NE2020,PI656082,24.04,GG
NE2021,PI656082,0.91,GG
NE2023,PI656082,41.25,GG
NE2025,PI656082,55.95,GG
MI2020,PI656083,81.17,GG
MI2021,PI656083,126.72,GG
NE2020,PI656083,52.7,GG
NE2021,PI656083,53.8,GG
NE2023,PI656083,146.8,GG
NE2025,PI656083,74.85,GG
MI2020,PI656085,63.8,GG
MI2021,PI656085,27.8,GG
NE2020,PI656085,28.8,GG
NE2021,PI656085,74.46000000000001,GG
NE2023,PI656085,101.225,GG
NE2025,PI656085,80.25,GG
MI2020,PI656086,96.74,GG
MI2021,PI656086,102.85,GG
NE2020,PI656086,60.8,GG
NE2021,PI656086,31.605,GG
NE2023,PI656086,330.025,GG
NE2025,PI656086,131.65,GG
MI2020,PI656087,58.05,GG
MI2021,PI656087,71.6,GG
NE2020,PI656087,31.325,GG
NE2021,PI656087,30.015,GG
NE2023,PI656087,111.025,GG
NE2025,PI656087,38.15,GG
MI2020,PI656088,81.45,GG
MI2021,PI656088,96.29,GG
NE2020,PI656088,44.32,GG
NE2025,PI656088,32.875,GG
MI2020,PI656090,54.65,GG
MI2021,PI656090,72.6,GG
NE2020,PI656090,26.660000000000004,GG
NE2021,PI656090,28.66,GG
NE2023,PI656090,119.325,GG
NE2025,PI656090,74.3,GG
MI2020,PI656091,16.15,GG
MI2021,PI656091,28.1,GG
NE2020,PI656091,22.56,GG
NE2021,PI656091,12.03,GG
NE2023,PI656091,107.25,GG
NE2025,PI656091,75.4,GG
MI2020,PI656092,86.43,GG
MI2021,PI656092,33.0,GG
NE2020,PI656092,19.65,GG
NE2021,PI656092,9.23,GG
NE2023,PI656092,171.95000000000002,GG
NE2025,PI656092,96.0,GG
MI2020,PI656093,74.9,GG
MI2021,PI656093,34.89,GG
NE2020,PI656093,13.525,GG
NE2021,PI656093,16.86,GG
NE2023,PI656093,105.4875,GG
NE2025,PI656093,86.35,GG
MI2020,PI656094,52.83,GG
MI2021,PI656094,77.5,GG
NE2020,PI656094,24.4,GG
NE2021,PI656094,16.62,GG
NE2023,PI656094,156.575,GG
NE2025,PI656094,94.5,GG
MI2020,PI656095,97.16,GG
MI2021,PI656095,133.75,GG
NE2020,PI656095,35.724999999999994,GG
NE2021,PI656095,48.465,GG
NE2023,PI656095,197.46666666666667,GG
NE2025,PI656095,144.775,GG
MI2020,PI656097,21.91,GG
MI2021,PI656097,82.7,GG
NE2020,PI656097,16.025,GG
NE2021,PI656097,12.73,GG
NE2023,PI656097,80.4125,GG
NE2025,PI656097,46.45,GG
MI2020,PI656098,64.3,GG
MI2021,PI656098,66.7,GG
NE2021,PI656098,50.28,GG
NE2023,PI656098,199.3625,GG
NE2025,PI656098,64.95,GG
MI2020,PI656099,89.75,GG
MI2021,PI656099,95.83,GG
NE2020,PI656099,28.075,GG
NE2021,PI656099,10.79,GG
NE2023,PI656099,202.65,GG
NE2025,PI656099,39.475,GG
MI2020,PI656100,24.3,GG
MI2021,PI656100,74.2,GG
NE2020,PI656100,13.75,GG
NE2021,PI656100,6.9,GG
NE2025,PI656100,56.125,GG
MI2020,PI656101,67.51,GG
MI2021,PI656101,59.64,GG
NE2021,PI656101,28.17,GG
NE2023,PI656101,98.6,GG
NE2025,PI656101,76.9,GG
MI2020,PI656102,61.46,GG
MI2021,PI656102,73.1,GG
NE2020,PI656102,26.2,GG
NE2021,PI656102,7.83,GG
NE2023,PI656102,126.775,GG
NE2025,PI656102,48.675,GG
MI2020,PI656103,86.8,TT
MI2021,PI656103,81.3,TT
NE2021,PI656103,55.25,TT
NE2023,PI656103,231.8375,TT
NE2025,PI656103,121.375,TT
MI2020,PI656104,39.57,GG
MI2021,PI656104,38.4,GG
NE2020,PI656104,11.2,GG
NE2021,PI656104,15.16,GG
NE2023,PI656104,74.4,GG
NE2025,PI656104,39.05,GG
MI2020,PI656105,44.92,GG
MI2021,PI656105,32.4,GG
NE2020,PI656105,31.96,GG
NE2021,PI656105,26.43,GG
NE2023,PI656105,133.0125,GG
NE2025,PI656105,95.75,GG
MI2020,PI656106,64.92,GG
MI2021,PI656106,100.3,GG
NE2020,PI656106,39.36,GG
NE2021,PI656106,35.084999999999994,GG
NE2023,PI656106,133.0875,GG
NE2025,PI656106,106.9,GG
MI2020,PI656107,25.8,GG
MI2021,PI656107,106.43,GG
NE2020,PI656107,57.9,GG
NE2021,PI656107,56.58,GG
NE2023,PI656107,170.73333333333335,GG
NE2025,PI656107,207.8,GG
MI2020,PI656108,63.03,TT
MI2021,PI656108,44.5,TT
NE2020,PI656108,24.7,TT
NE2021,PI656108,18.405,TT
NE2023,PI656108,65.4125,TT
NE2025,PI656108,79.07499999999999,TT
MI2020,PI656109,39.85,GG
MI2021,PI656109,29.04,GG
NE2020,PI656109,21.02,GG
NE2021,PI656109,22.23,GG
NE2023,PI656109,56.333333333333336,GG
NE2025,PI656109,40.55,GG
MI2020,PI656110,28.96,GG
MI2021,PI656110,63.57,GG
NE2020,PI656110,11.65,GG
NE2021,PI656110,12.18,GG
NE2023,PI656110,100.26666666666668,GG
NE2025,PI656110,37.25,GG
MI2020,PI656111,49.7,GG
MI2021,PI656111,61.6,GG
NE2020,PI656111,40.24,GG
NE2021,PI656111,26.625,GG
NE2023,PI656111,127.9875,GG
NE2025,PI656111,97.475,GG
MI2020,PI656112,91.6,GG
MI2021,PI656112,84.23,GG
NE2021,PI656112,30.48,GG
NE2023,PI656112,67.25,GG
NE2025,PI656112,69.7,GG
MI2020,PI656113,16.75,GG
MI2021,PI656113,45.5,GG
NE2021,PI656113,5.625,GG
NE2023,PI656113,185.7625,GG
NE2025,PI656113,93.075,GG
MI2020,PI656114,71.2,GG
MI2021,PI656114,88.22,GG
NE2020,PI656114,30.166666666666668,GG
NE2021,PI656114,9.07,GG
NE2023,PI656114,101.15,GG
NE2025,PI656114,124.175,GG
MI2020,PI656115,34.44,GG
MI2021,PI656115,28.0,GG
NE2020,PI656115,6.8,GG
NE2021,PI656115,5.065,GG
NE2023,PI656115,31.83333333333333,GG
NE2025,PI656115,18.3,GG
MI2020,PI656118,84.84,GG
MI2021,PI656118,58.36,GG
NE2020,PI656118,20.95,GG
NE2021,PI656118,16.81,GG
NE2023,PI656118,156.6,GG
NE2025,PI656118,97.275,GG
MI2020,PI656120,52.0,GG
MI2021,PI656120,131.7,GG
NE2020,PI656120,33.86666666666667,GG
NE2023,PI656120,141.0,GG
NE2025,PI656120,39.35,GG
MI2020,PI656121,52.464,GG
MI2021,PI656121,36.17,GG
NE2020,PI656121,31.675,GG
NE2021,PI656121,28.455,GG
NE2023,PI656121,136.70000000000002,GG
NE2025,PI656121,95.75,GG
MI2020,PI659691,16.6,GG
MI2021,PI659691,80.99,GG
NE2020,PI659691,9.125,GG
NE2021,PI659691,78.2,GG
NE2023,PI659691,110.45,GG
NE2025,PI659691,113.475,GG
MI2020,PI659694,66.3,GG
MI2021,PI659694,113.0,GG
NE2020,PI659694,37.14,GG
NE2021,PI659694,37.14,GG
NE2023,PI659694,158.45,GG
NE2025,PI659694,140.775,GG
MI2020,PI659695,83.94,GG
MI2021,PI659695,90.18,GG
NE2020,PI659695,32.225,GG
NE2021,PI659695,31.5,GG
NE2023,PI659695,136.0375,GG
NE2025,PI659695,46.0,GG
MI2020,PI659696,86.412,GG
MI2021,PI659696,88.1,GG
NE2020,PI659696,44.84,GG
NE2021,PI659696,41.12,GG
NE2023,PI659696,151.85,GG
NE2025,PI659696,137.575,GG
MI2020,PI659753,33.9,GG
MI2021,PI659753,91.19,GG
NE2020,PI659753,20.125,GG
NE2023,PI659753,124.53333333333336,GG
NE2025,PI659753,102.925,GG
MI2021,PI48770,78.8,GG
NE2020,PI48770,26.1,GG
NE2021,PI48770,89.15,GG
NE2023,PI48770,202.3,GG
NE2025,PI48770,196.95,GG
MI2021,PI533831,100.1,GG
NE2021,PI533831,34.185,GG
NE2023,PI533831,73.73333333333333,GG
NE2025,PI533831,60.4,GG
MI2021,PI533833,61.92,GG
NE2020,PI533833,12.1,GG
NE2021,PI533833,16.605,GG
NE2023,PI533833,61.7,GG
NE2025,PI533833,24.375,GG
MI2021,PI533877,73.2,GG
NE2020,PI533877,21.0,GG
NE2021,PI533877,47.665,GG
NE2023,PI533877,62.625,GG
NE2025,PI533877,53.575,GG
MI2021,PI533878,102.2,GG
NE2020,PI533878,34.2,GG
NE2021,PI533878,15.58,GG
NE2023,PI533878,32.0,GG
NE2025,PI533878,139.9,GG
MI2021,PI533882,114.34,GG
NE2021,PI533882,12.97,GG
NE2023,PI533882,295.7333333333333,GG
NE2025,PI533882,66.175,GG
MI2021,PI534088,100.49,TT
NE2021,PI534088,23.74,TT
NE2023,PI534088,128.36249999999998,TT
NE2025,PI534088,116.65,TT
MI2021,PI576332,26.4,GG
NE2020,PI576332,38.0,GG
NE2021,PI576332,6.73,GG
NE2023,PI576332,90.075,GG
NE2025,PI576332,45.025,GG
MI2021,PI609456,72.78,GG
NE2020,PI609456,5.225,GG
NE2021,PI609456,2.02,GG
NE2023,PI609456,53.25,GG
NE2025,PI609456,4.1,GG
MI2021,PI655982,81.0,GG
NE2023,PI655982,98.66666666666669,GG
NE2025,PI655982,86.4,GG
MI2021,PI656096,84.4,GG
NE2020,PI656096,15.06,GG
NE2021,PI656096,30.96,GG
NE2023,PI656096,71.23333333333333,GG
NE2025,PI656096,42.5,GG
NE2020,PI598069,3.225,GG
NE2025,PI598069,3.425,GG
NE2021,BTx643,43.93,GG
NE2025,BTx643,115.175,GG
NE2021,BTx645,58.73,GG
NE2025,BTx645,190.15,GG
NE2021,PI153844,40.015,GG
NE2025,PI153844,73.3,GG
NE2021,PI153852,33.09,GG
NE2025,PI153852,30.825,GG
NE2021,PI22326,39.86,GG
NE2025,PI22326,261.1,GG
NE2021,PI533745,11.44,TT
NE2025,PI533745,23.7,TT
NE2021,PI533747,11.53,GG
NE2025,PI533747,56.325,GG
NE2021,PI533749,6.22,GG
NE2025,PI533749,111.175,GG
NE2021,PI533751,41.63,GG
NE2025,PI533751,124.3,GG
NE2021,PI533753,28.04,GG
NE2025,PI533753,45.625,GG
NE2021,PI533763,1.15,GG
NE2025,PI533763,4.9,GG
NE2021,PI533764,22.3,GG
NE2025,PI533764,28.7,GG
NE2021,PI533765,20.95,GG
NE2025,PI533765,29.475,GG
NE2021,PI533768,38.98,GG
NE2025,PI533768,75.875,GG
NE2021,PI533770,21.15,GG
NE2025,PI533770,38.25,GG
NE2021,PI533771,27.07,GG
NE2025,PI533771,28.45,GG
NE2021,PI533774,51.15,GG
NE2025,PI533774,94.575,GG
NE2021,PI533775,28.855,GG
NE2025,PI533775,75.32499999999999,GG
NE2021,PI533777,19.54,GG
NE2025,PI533777,20.675,GG
NE2021,PI533778,20.07,GG
NE2025,PI533778,36.1,GG
NE2021,PI533779,24.23,GG
NE2025,PI533779,15.975,GG
NE2021,PI533780,19.385,GG
NE2025,PI533780,39.675,GG
NE2021,PI533781,22.51,GG
NE2025,PI533781,27.25,GG
NE2021,PI533782,11.645,GG
NE2025,PI533782,23.125,GG
NE2021,PI533783,34.4,GG
NE2025,PI533783,83.10000000000001,GG
NE2021,PI533784,48.545,GG
NE2025,PI533784,97.5,GG
NE2021,PI533786,7.14,GG
NE2025,PI533786,53.7,GG
NE2021,PI533787,28.52,GG
NE2025,PI533787,80.025,GG
NE2021,PI533790,18.035,GG
NE2025,PI533790,31.450000000000003,GG
NE2021,PI533791,10.36,GG
NE2025,PI533791,49.05,GG
NE2021,PI533793,27.77,GG
NE2025,PI533793,113.05,GG
NE2021,PI533795,17.84,GG
NE2025,PI533795,20.625,GG
NE2021,PI533797,2.27,GG
NE2025,PI533797,22.875,GG
NE2021,PI533798,49.52,GG
NE2025,PI533798,86.625,GG
NE2021,PI533802,30.4,GG
NE2025,PI533802,110.7,GG
NE2021,PI533803,21.715,GG
NE2025,PI533803,23.925,GG
NE2021,PI533804,75.34,GG
NE2025,PI533804,47.525,GG
NE2021,PI533808,19.715,GG
NE2025,PI533808,62.775000000000006,GG
NE2021,PI533809,7.34,GG
NE2025,PI533809,89.0,GG
NE2021,PI533811,17.34,GG
NE2025,PI533811,80.3,GG
NE2021,PI533812,13.305,GG
NE2025,PI533812,65.45,GG
NE2021,PI533813,29.11,GG
NE2025,PI533813,88.55,GG
NE2021,PI533816,28.555,GG
NE2025,PI533816,52.0,GG
NE2021,PI533818,27.47,GG
NE2025,PI533818,49.4,GG
NE2021,PI533819,34.7,GG
NE2025,PI533819,35.55,GG
NE2021,PI533820,10.895,GG
NE2025,PI533820,19.85,GG
NE2021,PI533823,33.65,GG
NE2025,PI533823,55.7,GG
NE2021,PI533825,20.405,GG
NE2025,PI533825,58.65,GG
NE2021,PI533827,59.935,GG
NE2025,PI533827,79.2,GG
NE2021,PI533828,44.15,GG
NE2025,PI533828,49.400000000000006,GG
NE2021,PI533829,19.85,GG
NE2025,PI533829,43.3,GG
NE2021,PI533832,62.16,GG
NE2025,PI533832,81.25,GG
NE2021,PI533836,9.61,GG
NE2025,PI533836,33.475,GG
NE2021,PI533837,24.99,GG
NE2025,PI533837,48.400000000000006,GG
NE2021,PI533840,43.25,GG
NE2025,PI533840,24.425,GG
NE2021,PI533844,0.64,GG
NE2025,PI533844,24.15,GG
NE2021,PI533846,35.34,GG
NE2025,PI533846,54.150000000000006,GG
NE2021,PI533847,10.88,GG
NE2025,PI533847,49.025,GG
NE2021,PI533848,14.11,GG
NE2025,PI533848,32.9,GG
NE2021,PI533849,36.74,GG
NE2025,PI533849,36.2,GG
NE2021,PI533850,23.37,GG
NE2025,PI533850,22.65,GG
NE2021,PI533851,5.83,GG
NE2025,PI533851,52.875,GG
NE2021,PI533853,19.425,GG
NE2025,PI533853,44.625,GG
NE2021,PI533857,23.75,GG
NE2025,PI533857,81.0,GG
NE2021,PI533858,24.89,GG
NE2025,PI533858,63.55,GG
NE2021,PI533859,16.08,GG
NE2025,PI533859,44.2,GG
NE2021,PI533860,31.27,GG
NE2025,PI533860,43.1,GG
NE2021,PI533861,46.05,GG
NE2025,PI533861,44.675,GG
NE2021,PI533862,0.3,GG
NE2025,PI533862,13.75,GG
NE2021,PI533864,16.45,GG
NE2025,PI533864,35.075,GG
NE2021,PI533865,34.635,GG
NE2025,PI533865,56.025000000000006,GG
NE2021,PI533867,40.48,GG
NE2025,PI533867,96.875,GG
NE2021,PI533870,40.27,GG
NE2025,PI533870,46.05,GG
NE2021,PI533872,39.77,GG
NE2025,PI533872,40.375,GG
NE2021,PI533873,64.44,GG
NE2025,PI533873,111.55,GG
NE2021,PI533874,47.85,GG
NE2025,PI533874,81.35,GG
NE2021,PI533880,36.895,GG
NE2025,PI533880,85.175,GG
NE2021,PI533883,26.77,GG
NE2025,PI533883,31.875,GG
NE2021,PI533884,62.41,GG
NE2025,PI533884,55.175,GG
NE2021,PI533885,24.97,GG
NE2025,PI533885,34.75,GG
NE2021,PI533888,17.07,GG
NE2025,PI533888,42.525,GG
NE2021,PI533890,30.405,GG
NE2025,PI533890,11.225,GG
NE2021,PI533893,7.96,GG
NE2025,PI533893,20.675,GG
NE2021,PI533895,14.41,GG
NE2025,PI533895,34.3,GG
NE2021,PI533897,29.44,GG
NE2025,PI533897,64.1,GG
NE2021,PI533900,21.605,GG
NE2025,PI533900,45.275,GG
NE2021,PI533905,18.94,GG
NE2025,PI533905,80.35,GG
NE2021,PI533906,19.07,GG
NE2025,PI533906,59.45,GG
NE2021,PI533907,9.13,GG
NE2025,PI533907,128.275,GG
NE2021,PI533908,9.48,GG
NE2025,PI533908,31.0,GG
NE2021,PI533909,36.03,GG
NE2025,PI533909,74.65,GG
NE2021,PI533917,15.1,GG
NE2025,PI533917,28.0,GG
NE2021,PI533918,54.305,GG
NE2025,PI533918,108.45,GG
NE2021,PI533920,20.34,GG
NE2025,PI533920,66.325,GG
NE2021,PI533922,4.03,GG
NE2025,PI533922,44.175,GG
NE2021,PI533923,15.63,GG
NE2025,PI533923,37.225,GG
NE2021,PI533926,25.345,GG
NE2025,PI533926,66.325,GG
NE2021,PI533928,38.61,GG
NE2025,PI533928,95.65,GG
NE2021,PI533929,24.975,GG
NE2025,PI533929,65.775,GG
NE2021,PI533930,44.91,GG
NE2025,PI533930,71.075,GG
NE2021,PI533931,28.07,TT
NE2025,PI533931,30.55,TT
NE2021,PI533932,26.445,GG
NE2025,PI533932,117.225,GG
NE2021,PI533933,24.95,GG
NE2025,PI533933,109.7,GG
NE2021,PI533934,19.27,GG
NE2025,PI533934,43.2,GG
NE2021,PI533935,33.95,TT
NE2025,PI533935,22.825,TT
NE2021,PI533947,7.1,TT
NE2025,PI533947,30.425,TT
NE2021,PI533950,36.445,GG
NE2025,PI533950,50.275,GG
NE2021,PI533952,27.55,GG
NE2025,PI533952,63.4,GG
NE2021,PI533958,21.615,GG
NE2025,PI533958,20.8,GG
NE2021,PI533959,37.74,GG
NE2025,PI533959,55.7,GG
NE2021,PI533963,42.36,GG
NE2025,PI533963,44.15,GG
NE2021,PI533966,136.105,GG
NE2025,PI533966,96.925,GG
NE2021,PI533968,20.48,GG
NE2025,PI533968,59.475,GG
NE2021,PI533969,28.215,GG
NE2025,PI533969,81.4,GG
NE2021,PI533971,33.47,GG
NE2025,PI533971,42.025,GG
NE2021,PI533974,43.78,GG
NE2025,PI533974,65.75,GG
NE2021,PI533975,41.59,GG
NE2025,PI533975,93.225,GG
NE2021,PI533977,39.69,GG
NE2025,PI533977,143.175,GG
NE2021,PI533978,34.48,GG
NE2025,PI533978,70.775,GG
NE2021,PI533981,31.16,GG
NE2025,PI533981,70.575,GG
NE2021,PI533982,35.96,GG
NE2025,PI533982,46.8,GG
NE2021,PI533983,35.94,GG
NE2025,PI533983,83.875,GG
NE2021,PI533984,42.05,GG
NE2025,PI533984,18.875,GG
NE2021,PI533988,57.3,GG
NE2025,PI533988,29.775,GG
NE2021,PI533990,61.68,GG
NE2025,PI533990,75.55000000000001,GG
NE2021,PI533992,41.05,GG
NE2025,PI533992,116.075,GG
NE2021,PI533993,40.81,GG
NE2025,PI533993,72.75,GG
NE2021,PI533994,44.0,GG
NE2025,PI533994,140.425,GG
NE2021,PI533995,64.41,GG
NE2025,PI533995,77.6,GG
NE2021,PI533999,8.67,GG
NE2025,PI533999,27.875,GG
NE2021,PI534001,38.37,GG
NE2025,PI534001,210.225,GG
NE2021,PI534002,18.805,GG
NE2025,PI534002,88.8,GG
NE2021,PI534004,36.96,GG
NE2025,PI534004,111.9,GG
NE2021,PI534006,5.17,GG
NE2025,PI534006,83.8,GG
NE2021,PI534007,20.7,GG
NE2025,PI534007,64.775,GG
NE2021,PI534008,15.385,GG
NE2025,PI534008,34.15,GG
NE2021,PI534010,1.84,GG
NE2025,PI534010,55.225,GG
NE2021,PI534011,1.62,GG
NE2025,PI534011,32.3,GG
NE2021,PI534013,5.83,TT
NE2025,PI534013,98.95,TT
NE2021,PI534015,29.02,GG
NE2025,PI534015,27.65,GG
NE2021,PI534016,14.67,GG
NE2025,PI534016,139.35000000000002,GG
NE2021,PI534017,12.945,TT
NE2025,PI534017,59.125,TT
NE2021,PI534018,29.77,TT
NE2025,PI534018,38.2,TT
NE2021,PI534019,6.79,GG
NE2025,PI534019,80.475,GG
NE2021,PI534020,19.18,TT
NE2025,PI534020,109.025,TT
NE2021,PI534022,38.24,GG
NE2025,PI534022,77.425,GG
NE2021,PI534024,10.08,GG
NE2025,PI534024,112.275,GG
NE2021,PI534025,16.36,GG
NE2025,PI534025,71.0,GG
NE2021,PI534026,27.73,GG
NE2025,PI534026,94.8,GG
NE2021,PI534027,10.325,GG
NE2025,PI534027,63.425,GG
NE2021,PI534030,12.34,GG
NE2025,PI534030,86.875,GG
NE2021,PI534031,7.17,GG
NE2025,PI534031,45.275000000000006,GG
NE2021,PI534032,17.83,GG
NE2025,PI534032,22.225,GG
NE2021,PI534034,37.59,GG
NE2025,PI534034,94.025,GG
NE2021,PI534035,17.32,GG
NE2025,PI534035,101.725,GG
NE2021,PI534036,0.65,GG
NE2025,PI534036,39.85,GG
NE2021,PI534038,58.9,GG
NE2025,PI534038,115.425,GG
NE2021,PI534040,35.13,GG
NE2025,PI534040,25.575,GG
NE2021,PI534041,20.775,GG
NE2025,PI534041,48.75,GG
NE2021,PI534042,66.88,GG
NE2025,PI534042,53.25,GG
NE2021,PI534044,39.62,GG
NE2025,PI534044,75.75,GG
NE2021,PI534045,66.19,GG
NE2025,PI534045,57.7,GG
NE2021,PI534049,58.005,GG
NE2025,PI534049,103.65,GG
NE2021,PI534050,52.82,GG
NE2025,PI534050,108.45,GG
NE2021,PI534051,38.825,GG
NE2025,PI534051,87.25,GG
NE2021,PI534052,25.67,GG
NE2025,PI534052,90.125,GG
NE2021,PI534055,20.88,GG
NE2025,PI534055,38.925,GG
NE2021,PI534057,67.88,GG
NE2025,PI534057,37.3,GG
NE2021,PI534058,23.78,GG
NE2025,PI534058,9.6,GG
NE2021,PI534060,37.415,GG
NE2025,PI534060,12.175,GG
NE2021,PI534061,31.7,GG
NE2025,PI534061,145.95,GG
NE2021,PI534065,66.375,GG
NE2025,PI534065,82.9,GG
NE2021,PI534066,29.06,GG
NE2025,PI534066,53.775,GG
NE2021,PI534067,97.25,GG
NE2025,PI534067,103.5,GG
NE2021,PI534069,22.125,GG
NE2025,PI534069,69.375,GG
NE2021,PI534073,45.49,GG
NE2025,PI534073,81.8,GG
NE2021,PI534074,58.35,GG
NE2025,PI534074,70.55,GG
NE2021,PI534076,34.465,GG
NE2025,PI534076,35.95,GG
NE2021,PI534077,36.31,GG
NE2025,PI534077,66.275,GG
NE2021,PI534078,7.14,GG
NE2025,PI534078,11.125,GG
NE2021,PI534080,52.74,GG
NE2025,PI534080,19.725,GG
NE2021,PI534081,61.39,GG
NE2025,PI534081,77.6,GG
NE2021,PI534083,13.075,GG
NE2025,PI534083,76.8,GG
NE2021,PI534084,37.87,GG
NE2025,PI534084,41.1,GG
NE2021,PI534087,63.58,GG
NE2025,PI534087,82.1,GG
NE2021,PI534089,29.16,GG
NE2025,PI534089,44.075,GG
NE2021,PI534091,37.62,GG
NE2025,PI534091,9.825,GG
NE2021,PI534093,29.37,GG
NE2025,PI534093,5.75,GG
NE2021,PI534094,33.05,GG
NE2025,PI534094,57.625,GG
NE2021,PI534098,114.03,GG
NE2025,PI534098,102.6,GG
NE2021,PI534100,48.45,GG
NE2025,PI534100,72.0,GG
NE2021,PI534102,50.46,GG
NE2025,PI534102,66.775,GG
NE2021,PI534103,38.49,GG
NE2025,PI534103,70.025,GG
NE2021,PI534106,43.42,GG
NE2025,PI534106,60.85,GG
NE2021,PI534107,40.78,GG
NE2025,PI534107,46.900000000000006,GG
NE2021,PI534109,54.88,GG
NE2025,PI534109,79.65,GG
NE2021,PI534110,42.77,GG
NE2025,PI534110,110.725,GG
NE2021,PI534111,42.22,GG
NE2025,PI534111,74.025,GG
NE2021,PI534113,50.29,GG
NE2025,PI534113,103.35,GG
NE2021,PI534119,35.495000000000005,GG
NE2025,PI534119,106.375,GG
NE2021,PI534121,12.48,GG
NE2025,PI534121,70.675,GG
NE2021,PI534122,7.58,GG
NE2025,PI534122,50.5,GG
NE2021,PI534130,44.12,GG
NE2025,PI534130,94.0,GG
NE2021,PI534134,2.785,GG
NE2025,PI534134,45.875,GG
NE2021,PI534136,1.91,GG
NE2025,PI534136,61.0,GG
NE2021,PI534140,39.285,GG
NE2025,PI534140,77.45,GG
NE2021,PI534141,14.325,GG
NE2025,PI534141,44.1,GG
NE2021,PI534142,30.945,GG
NE2025,PI534142,51.55,GG
NE2021,PI534146,65.575,GG
NE2025,PI534146,179.5,GG
NE2021,PI534147,24.98,GG
NE2025,PI534147,34.175,GG
NE2021,PI534150,31.55,GG
NE2025,PI534150,96.825,GG
NE2021,PI534151,14.1,TT
NE2025,PI534151,55.275,TT
NE2021,PI534152,29.485,GG
NE2025,PI534152,67.575,GG
NE2021,PI534153,21.18,GG
NE2025,PI534153,43.75,GG
NE2021,PI534154,25.09,GG
NE2025,PI534154,139.22500000000002,GG
NE2021,PI534156,13.24,GG
NE2025,PI534156,61.15,GG
NE2021,PI534159,2.42,GG
NE2025,PI534159,49.9,GG
NE2021,PI534160,20.7,GG
NE2025,PI534160,40.475,GG
NE2021,PI534162,50.8,TT
NE2025,PI534162,49.225,TT
NE2021,PI534164,6.43,GG
NE2025,PI534164,26.85,GG
NE2021,PI534165,40.39,GG
NE2025,PI534165,40.725,GG
NE2021,PI534166,16.84,GG
NE2025,PI534166,60.775000000000006,GG
NE2021,PI576328,62.3,GG
NE2025,PI576328,40.875,GG
NE2021,PI576329,31.47,GG
NE2025,PI576329,127.075,GG
NE2021,PI576334,1.76,GG
NE2025,PI576334,26.0,GG
NE2021,PI576335,21.71,GG
NE2025,PI576335,83.425,GG
NE2021,PI576338,39.55,GG
NE2025,PI576338,93.975,GG
NE2021,PI576342,28.145,GG
NE2025,PI576342,60.6,GG
NE2021,PI576343,7.05,GG
NE2025,PI576343,52.475,GG
NE2021,PI576346,30.445,GG
NE2025,PI576346,35.475,GG
NE2021,PI576351,38.59,GG
NE2025,PI576351,108.675,GG
NE2021,PI576353,30.11,GG
NE2025,PI576353,145.875,GG
NE2021,PI576354,50.7,GG
NE2025,PI576354,121.775,GG
NE2021,PI576355,38.22,GG
NE2025,PI576355,96.825,GG
NE2021,PI576357,60.665,GG
NE2025,PI576357,50.525,GG
NE2021,PI576358,43.515,GG
NE2025,PI576358,74.525,GG
NE2021,PI576360,38.43,GG
NE2025,PI576360,66.05,GG
NE2021,PI576361,30.99,TT
NE2025,PI576361,83.375,TT
NE2021,PI576362,13.48,GG
NE2025,PI576362,67.325,GG
NE2021,PI576363,44.87,GG
NE2025,PI576363,121.125,GG
NE2021,PI576368,94.61,GG
NE2025,PI576368,140.525,GG
NE2021,PI576370,26.25,GG
NE2025,PI576370,61.5,GG
NE2021,PI576371,40.67,GG
NE2025,PI576371,64.575,GG
NE2021,PI576372,61.67,GG
NE2025,PI576372,163.95,GG
NE2021,PI576374,43.2,GG
NE2025,PI576374,122.3,GG
NE2021,PI576377,6.08,GG
NE2025,PI576377,129.1,GG
NE2021,PI576378,12.32,GG
NE2025,PI576378,43.025,GG
NE2021,PI576379,2.81,GG
NE2025,PI576379,59.025,GG
NE2021,PI576382,46.74,GG
NE2025,PI576382,40.925,GG
NE2021,PI576383,25.0,GG
NE2025,PI576383,36.35,GG
NE2021,PI576389,18.16,GG
NE2025,PI576389,40.85,GG
NE2021,PI576392,39.28,GG
NE2025,PI576392,53.525,GG
NE2021,PI576395,30.49,GG
NE2025,PI576395,56.75,GG
NE2021,PI576397,49.93,GG
NE2025,PI576397,87.75,GG
NE2021,PI576398,9.82,GG
NE2025,PI576398,67.0,GG
NE2021,PI576400,25.905,GG
NE2025,PI576400,86.775,GG
NE2021,PI576402,15.03,TT
NE2025,PI576402,59.35,TT
NE2021,PI576403,24.785,GG
NE2025,PI576403,58.025,GG
NE2021,PI576405,11.81,GG
NE2025,PI576405,17.7,GG
NE2021,PI576406,11.89,GG
NE2025,PI576406,74.1,GG
NE2021,PI576407,9.98,TT
NE2025,PI576407,146.75,TT
NE2021,PI576408,19.84,GG
NE2025,PI576408,31.325,GG
NE2021,PI576409,27.28,GG
NE2025,PI576409,58.575,GG
NE2021,PI576410,33.4,GG
NE2025,PI576410,52.2,GG
NE2021,PI576411,16.485,GG
NE2025,PI576411,119.4,GG
NE2021,PI576412,35.91,GG
NE2025,PI576412,111.4,GG
NE2021,PI576413,29.91,GG
NE2025,PI576413,123.0,GG
NE2021,PI576414,25.56,GG
NE2025,PI576414,58.875,GG
NE2021,PI576415,8.22,GG
NE2025,PI576415,24.075,GG
NE2021,PI576416,9.99,GG
NE2025,PI576416,37.55,GG
NE2021,PI576417,17.405,GG
NE2025,PI576417,55.175,GG
NE2021,PI576419,14.18,GG
NE2025,PI576419,40.825,GG
NE2021,PI576420,48.85,GG
NE2025,PI576420,33.775000000000006,GG
NE2021,PI576421,41.105,GG
NE2025,PI576421,24.375,GG
NE2021,PI576423,20.6,GG
NE2025,PI576423,107.375,GG
NE2021,PI576424,19.61,GG
NE2025,PI576424,71.6,GG
NE2021,PI576427,36.555,GG
NE2025,PI576427,51.75,GG
NE2021,PI576429,29.68,GG
NE2025,PI576429,64.0,GG
NE2021,PI576430,32.22,GG
NE2025,PI576430,6.6,GG
NE2021,PI576431,42.75,GG
NE2025,PI576431,32.775,GG
NE2021,PI576432,52.425,GG
NE2025,PI576432,86.9,GG
NE2021,PI576433,72.55,GG
NE2025,PI576433,135.075,GG
NE2021,PI576436,47.52,GG
NE2025,PI576436,120.375,GG
NE2021,PI595700,29.885,GG
NE2025,PI595700,119.625,GG
NE2021,PI595701,58.53,GG
NE2025,PI595701,77.17500000000001,GG
NE2021,PI595703,57.12,GG
NE2025,PI595703,115.325,GG
NE2021,PI595704,17.76,GG
NE2025,PI595704,103.65,GG
NE2021,PI595705,26.9,TT
NE2025,PI595705,71.775,TT
NE2021,PI595706,40.83,GG
NE2025,PI595706,57.8,GG
NE2021,PI595708,25.97,GG
NE2025,PI595708,35.974999999999994,GG
NE2021,PI595709,21.04,GG
NE2025,PI595709,109.275,GG
NE2021,PI595710,44.425,GG
NE2025,PI595710,84.69999999999999,GG
NE2021,PI595712,51.9,GG
NE2025,PI595712,55.575,GG
NE2021,PI595713,53.825,GG
NE2025,PI595713,89.6,GG
NE2021,PI595716,34.864999999999995,GG
NE2025,PI595716,35.95,GG
NE2021,PI595717,36.54,GG
NE2025,PI595717,2.625,GG
NE2021,PI595721,25.57,GG
NE2025,PI595721,72.75,GG
NE2021,PI595722,23.43,GG
NE2025,PI595722,73.1,GG
NE2021,PI595723,38.49,GG
NE2025,PI595723,57.525000000000006,GG
NE2021,PI595724,25.96,GG
NE2025,PI595724,85.5,GG
NE2021,PI595725,28.42,GG
NE2025,PI595725,58.150000000000006,GG
NE2021,PI595726,31.365,GG
NE2025,PI595726,11.675,GG
NE2021,PI595727,35.735,GG
NE2025,PI595727,65.125,GG
NE2021,PI595728,47.59,GG
NE2025,PI595728,85.94999999999999,GG
NE2021,PI595730,18.075,GG
NE2025,PI595730,11.625,GG
NE2021,PI595731,35.05,GG
NE2025,PI595731,66.5,GG
NE2021,PI595732,76.44,GG
NE2025,PI595732,165.7,GG
NE2021,PI595733,57.385,GG
NE2025,PI595733,105.85,GG
NE2021,PI595734,41.49,GG
NE2025,PI595734,113.9,GG
NE2021,PI595736,62.47,GG
NE2025,PI595736,120.75,GG
NE2021,PI595737,45.01,GG
NE2025,PI595737,136.75,GG
NE2021,PI595738,67.53,GG
NE2025,PI595738,63.35,GG
NE2021,PI595742,5.449999999999999,GG
NE2025,PI595742,11.275,GG
NE2021,PI595746,43.455,GG
NE2025,PI595746,191.15,GG
NE2021,PI595747,52.63,GG
NE2025,PI595747,83.1,GG
NE2021,PI597943,37.21,TT
NE2025,PI597943,50.85,TT
NE2021,PI597944,49.04,GG
NE2025,PI597944,42.675,GG
NE2021,PI597947,20.44,GG
NE2025,PI597947,76.175,GG
NE2021,PI597953,29.375,GG
NE2025,PI597953,42.825,GG
NE2021,PI597955,26.45,GG
NE2025,PI597955,68.45,GG
NE2021,PI597956,31.61,GG
NE2025,PI597956,26.15,GG
NE2021,PI597959,37.84,GG
NE2025,PI597959,85.2,GG
NE2021,PI597962,74.11,GG
NE2025,PI597962,77.825,GG
NE2021,PI597963,57.85,GG
NE2025,PI597963,79.1,GG
NE2021,PI597970,47.95,GG
NE2025,PI597970,14.925,GG
NE2021,PI597974,26.785,GG
NE2025,PI597974,50.375,GG
NE2021,PI597975,22.72,GG
NE2025,PI597975,52.375,GG
NE2021,PI597978,44.585,GG
NE2025,PI597978,58.825,GG
NE2021,PI597979,9.3,GG
NE2025,PI597979,37.625,GG
NE2021,PI597981,65.145,GG
NE2025,PI597981,57.9,GG
NE2021,PI656063,36.91,GG
NE2025,PI656063,150.5,GG
NE2021,SC0003,36.78,GG
NE2025,SC0003,37.375,GG
NE2021,SC0027,12.125,GG
NE2025,SC0027,62.8,GG
NE2021,SC0041,19.8,GG
NE2025,SC0041,80.625,GG
NE2021,SC0092,2.81,GG
NE2025,SC0092,55.9,GG
NE2021,SC0138,19.15,GG
NE2025,SC0138,54.825,GG
NE2021,SC0150,36.12,GG
NE2025,SC0150,63.8,GG
NE2021,SC0156,13.6,GG
NE2025,SC0156,31.3,GG
NE2021,SC0157,35.88,GG
NE2025,SC0157,130.95,GG
NE2021,SC0159,17.93,GG
NE2025,SC0159,20.6,GG
NE2021,SC0178,5.72,GG
NE2025,SC0178,16.575,GG
NE2021,SC0179,48.78,GG
NE2025,SC0179,89.925,GG
NE2021,SC0191,66.13,TT
NE2025,SC0191,48.875,TT
NE2021,SC0201,33.99,GG
NE2025,SC0201,68.025,GG
NE2021,SC0235,23.945,GG
NE2025,SC0235,51.275,GG
NE2021,SC0247,32.055,GG
NE2025,SC0247,19.75,GG
NE2021,SC0249,28.05,GG
NE2025,SC0249,26.575000000000003,GG
NE2021,SC0263,17.56,GG
NE2025,SC0263,50.975,GG
NE2021,SC0266,29.82,GG
NE2025,SC0266,35.4,GG
NE2021,SC0276,40.05,GG
NE2025,SC0276,36.05,GG
NE2021,SC0297,19.95,GG
NE2025,SC0297,28.700000000000003,GG
NE2021,SC0314,30.165,GG
NE2025,SC0314,86.75,GG
NE2021,SC0343,43.205,GG
NE2025,SC0343,89.15,GG
NE2021,SC0371,8.19,GG
NE2025,SC0371,46.5,GG
NE2021,SC0400,5.01,GG
NE2025,SC0400,1.0,GG
NE2021,SC0409,32.01,GG
NE2025,SC0409,57.25,GG
NE2021,SC0412,13.45,GG
NE2025,SC0412,52.4,GG
NE2021,SC0436,8.29,GG
NE2025,SC0436,22.075000000000003,GG
NE2021,SC0445,17.7,GG
NE2025,SC0445,36.725,GG
NE2021,SC0448,10.48,GG
NE2025,SC0448,108.375,GG
NE2021,SC0456,65.49,GG
NE2025,SC0456,134.925,GG
NE2021,SC0470,21.115,GG
NE2025,SC0470,55.85,GG
NE2021,SC0479,8.49,GG
NE2025,SC0479,52.9,GG
NE2021,SC0505,26.58,GG
NE2025,SC0505,19.375,GG
NE2021,SC0517,15.835,GG
NE2025,SC0517,16.049999999999997,GG
NE2021,SC0521,76.025,GG
NE2025,SC0521,14.85,GG
NE2021,SC0540,31.770000000000003,GG
NE2025,SC0540,78.94999999999999,GG
NE2021,SC0542,58.8,GG
NE2025,SC0542,66.3,GG
NE2021,SC0550,17.61,GG
NE2025,SC0550,28.175,GG
NE2021,SC0551,28.31,GG
NE2025,SC0551,51.975,GG
NE2021,SC0556,24.44,GG
NE2025,SC0556,26.0,GG
NE2021,SC0581,26.855,GG
NE2025,SC0581,105.05,GG
NE2021,SC0582,15.91,GG
NE2025,SC0582,68.675,GG
NE2021,SC0602,47.4,GG
NE2025,SC0602,155.825,GG
NE2021,SC0604,70.94,GG
NE2025,SC0604,42.55,GG
NE2021,SC0615,13.73,GG
NE2025,SC0615,50.45,GG
NE2021,SC0616,17.11,GG
NE2025,SC0616,20.575,GG
NE2021,SC0618,3.37,GG
NE2025,SC0618,60.95,GG
NE2021,SC0631,54.35,GG
NE2025,SC0631,94.775,GG
NE2021,SC0636,11.945,GG
NE2025,SC0636,29.700000000000003,GG
NE2021,SC0652,29.64,GG
NE2025,SC0652,6.025,GG
NE2021,SC0685,56.37,GG
NE2025,SC0685,79.7,GG
NE2021,SC0713,27.48,GG
NE2025,SC0713,82.275,GG
NE2021,SC0747,26.125,GG
NE2025,SC0747,35.8,GG
NE2021,SC0753,34.275000000000006,GG
NE2025,SC0753,33.6,GG
NE2021,SC0759,54.29,GG
NE2025,SC0759,58.325,GG
NE2021,SC0777,39.795,GG
NE2025,SC0777,65.275,GG
NE2021,SC0814,3.39,GG
NE2025,SC0814,68.75,GG
NE2021,SC0823,7.1,GG
NE2025,SC0823,54.6,GG
NE2021,SC0834,26.855,GG
NE2025,SC0834,44.85,GG
NE2021,SC0837,29.36,TT
NE2025,SC0837,51.275000000000006,TT
NE2021,SC0847,21.88,TT
NE2025,SC0847,29.925,TT
NE2021,SC0848,5.83,GG
NE2025,SC0848,23.3,GG
NE2021,SC0858,8.98,GG
NE2025,SC0858,14.325,GG
NE2021,SC0860,25.93,GG
NE2025,SC0860,77.875,GG
NE2021,SC0864,47.57,TT
NE2025,SC0864,58.650000000000006,TT
NE2021,SC0868,34.28,GG
NE2025,SC0868,55.075,GG
NE2021,SC0870,42.175,GG
NE2025,SC0870,70.625,GG
NE2021,SC0893,64.3,TT
NE2025,SC0893,172.9875,TT
NE2021,SC0914,33.98,GG
NE2025,SC0914,113.925,GG
NE2021,SC0921,23.1,GG
NE2025,SC0921,119.725,GG
NE2021,SC0999,7.72,GG
NE2025,SC0999,67.825,GG
NE2021,SC1023,5.04,GG
NE2025,SC1023,51.675,GG
NE2021,SC1024,25.72,GG
NE2025,SC1024,175.05,GG
NE2021,SC1058,36.41,TT
NE2025,SC1058,44.075,TT
NE2021,SC1082,13.81,GG
NE2025,SC1082,26.05,GG
NE2021,SC1107,51.04,GG
NE2025,SC1107,53.9,GG
NE2021,SC1114,42.75,GG
NE2025,SC1114,25.425,GG
NE2021,SC1119,48.14,GG
NE2025,SC1119,42.05,GG
NE2021,SC1120,54.65,GG
NE2025,SC1120,90.975,GG
NE2021,SC1133,29.93,GG
NE2025,SC1133,20.775,GG
NE2021,SC1166,18.75,GG
NE2025,SC1166,33.05,GG
NE2021,SC1170,43.975,GG
NE2025,SC1170,25.575,GG
NE2021,SC1178,11.49,GG
NE2025,SC1178,46.8,GG
NE2021,SC1193,19.37,GG
NE2025,SC1193,21.2,GG
NE2021,SC1216,10.45,GG
NE2025,SC1216,22.0,GG
NE2021,SC1442,28.66,GG
NE2025,SC1442,63.075,GG
NE2021,SC1446,25.9,GG
NE2025,SC1446,36.925,GG
NE2025,PI153846,53.175,GG
NE2025,PI533756,47.725,GG
NE2025,PI533772,51.625,GG
NE2025,PI533834,23.450000000000003,GG
NE2025,PI533835,99.75,GG
NE2025,PI533854,47.95,GG
NE2025,PI533879,64.1,GG
NE2025,PI533881,32.025,GG
NE2025,PI533894,31.9,GG
NE2025,PI533898,42.35,GG
NE2025,PI533899,76.35,GG
NE2025,PI533904,59.15,GG
NE2025,PI533914,33.2,GG
NE2025,PI533916,19.2,GG
NE2025,PI533925,33.075,GG
NE2025,PI533941,88.69999999999999,GG
NE2025,PI533942,65.775,GG
NE2025,PI533944,38.95,GG
NE2025,PI533946,84.8,GG
NE2025,PI533953,53.85,GG
NE2025,PI533960,74.7,GG
NE2025,PI533973,95.275,GG
NE2025,PI534014,106.875,GG
NE2025,PI534023,123.35,GG
NE2025,PI534033,61.325,GG
NE2025,PI534043,98.725,GG
NE2025,PI534059,60.025,GG
NE2025,PI534062,70.325,GG
NE2025,PI534072,27.8,GG
NE2025,PI534082,28.05,GG
NE2025,PI534086,59.875,GG
NE2025,PI534090,58.2,GG
NE2025,PI534118,26.575,GG
NE2025,PI534120,21.85,GG
NE2025,PI534125,35.85,GG
NE2025,PI534126,9.9,GG
NE2025,PI534131,13.15,GG
NE2025,PI534143,15.825,TT
NE2025,PI534149,20.525,GG
NE2025,PI534158,120.6,GG
NE2025,PI543243,48.25,GG
NE2025,PI543247,106.6,GG
NE2025,PI544069,50.375,GG
NE2025,PI554646,130.15,GG
NE2025,PI554648,6.699999999999999,GG
NE2025,PI554649,171.95,GG
NE2025,PI554650,28.525,GG
NE2025,PI554654,77.75,GG
NE2025,PI555457,192.55,GG
NE2025,PI561926,87.675,GG
NE2025,PI562623,114.275,GG
NE2025,PI574397,46.1,GG
NE2025,PI574398,111.35,GG
NE2025,PI574407,120.2,GG
NE2025,PI576331,4.45,GG
NE2025,PI576341,21.55,GG
NE2025,PI576369,44.975,GG
NE2025,PI594355,112.65,GG
NE2025,PI595711,16.225,GG
NE2025,PI595719,17.35,GG
NE2025,PI595729,18.700000000000003,GG
NE2025,PI595735,72.25,GG
NE2025,PI595748,76.275,GG
NE2025,PI596332,76.4,GG
NE2025,PI596567,50.275,GG
NE2025,PI597977,36.45,GG
NE2025,PI601415,32.599999999999994,GG
NE2025,PI601553,86.9,GG
NE2025,PI601554,211.45,GG
NE2025,PI601555,97.95,GG
NE2025,PI601556,92.35,GG
NE2025,PI601557,108.925,GG
NE2025,PI601716,50.150000000000006,GG
NE2025,PI601721,134.85000000000002,GG
NE2025,PI601743,137.55,GG
NE2025,PI601744,81.775,GG
NE2025,PI601756,97.175,GG
NE2025,PI602599,137.075,GG
NE2025,PI602600,48.925,GG
NE2025,PI603983,138.0,GG
NE2025,PI605723,82.475,GG
NE2025,PI605724,52.75,GG
NE2025,PI605725,155.825,GG
NE2025,PI605726,70.6,GG
NE2025,PI606788,161.55,GG
NE2025,PI613611,36.7,GG
NE2025,PI613613,115.4,GG
NE2025,PI619402,133.47500000000002,GG
NE2025,PI656054,38.05,GG
NE2025,SC0236,67.1,GG
NE2025,SC0287,14.3,GG
NE2025,SC0438,69.15,GG
NE2025,SC0458,14.15,TT
NE2025,SC0463,69.92500000000001,GG
NE2025,SC0741,15.375,TT
NE2025,SC0854,78.7,GG
NE2025,SC0871,30.925,TT
NE2025,SC0877,105.45,GG
NE2025,SC0923,86.275,GG
NE2025,SC0965,96.35,GG
NE2025,SC1021,150.675,GG
NE2025,SC1097,111.7,GG
