plotNumber,environment,genotype,genotype_clean,rep,row,column,days_to_flower
1001,Nebraska2025,PI533969,PI533969,1,53,2,69.0
1002,Nebraska2025,PI534049,PI534049,1,54,2,61.0
1003,Nebraska2025,PI533981,PI533981,1,5,2,67.0
1004,Nebraska2025,PI564163,PI564163,1,6,2,62.0
1005,Nebraska2025,PI533902,PI533902,1,7,2,72.0
1006,Nebraska2025,PI597965,PI597965,1,8,2,62.0
1007,Nebraska2025,PI533912,PI533912,1,9,2,45.0
1008,Nebraska2025,PI655975,PI655975,1,10,2,62.0
1009,Nebraska2025,PI533950,PI533950,1,11,2,59.0
1010,Nebraska2025,PI576431,PI576431,1,12,2,59.0
1011,Nebraska2025,PI576379,PI576379,1,13,2,65.0
1012,Nebraska2025,SC0540,SC0540,1,14,2,55.0
1013,Nebraska2025,PI533993,PI533993,1,15,2,59.0
1014,Nebraska2025,SC0834,SC0834,1,16,2,70.0
1015,Nebraska2025,PI597959,PI597959,1,17,2,48.0
1016,Nebraska2025,PI533825,PI533825,1,18,2,62.0
1017,Nebraska2025,PI642791,PI642791,1,19,2,69.0
1018,Nebraska2025,PI564163,PI564163,1,20,2,61.0
1019,Nebraska2025,PI534082,PI534082,1,21,2,54.0
1020,Nebraska2025,PI655999,PI655999,1,22,2,69.0
1021,Nebraska2025,PI534129,PI534129,1,23,2,69.0
1022,Nebraska2025,PI533985,PI533985,1,24,2,62.0
1023,Nebraska2025,PI595717,PI595717,1,25,2,69.0
1024,Nebraska2025,PI641874,PI641874,1,26,2,64.0
1025,Nebraska2025,PI656091,PI656091,1,27,2,73.0
1026,Nebraska2025,PI656070,PI656070,1,28,2,69.0
1027,Nebraska2025,PI656040,PI656040,1,29,2,70.0
1028,Nebraska2025,PI533767,PI533767,1,30,2,54.0
1029,Nebraska2025,PI576393,PI576393,1,31,2,56.0
1030,Nebraska2025,PI533899,PI533899,1,32,2,56.0
1031,Nebraska2025,PI595728,PI595728,1,33,2,69.0
1032,Nebraska2025,PI329440,PI329440,1,34,2,61.0
1033,Nebraska2025,PI534021,PI534021,1,35,2,69.0
1034,Nebraska2025,PI534120,PI534120,1,36,2,73.0
1035,Nebraska2025,PI564163,PI564163,1,37,2,62.0
1036,Nebraska2025,PI576400,PI576400,1,38,2,69.0
1037,Nebraska2025,PI597943,PI597943,1,39,2,71.0
1038,Nebraska2025,PI533768,PI533768,1,40,2,59.0
1039,Nebraska2025,PI533980,PI533980,1,41,2,68.0
1040,Nebraska2025,PI655995,PI655995,1,42,2,67.0
1041,Nebraska2025,PI656042,PI656042,1,43,2,69.0
1043,Nebraska2025,PI533852,PI533852,1,45,2,62.0
1044,Nebraska2025,PI597952,PI597952,1,46,2,52.0
1045,Nebraska2025,PI534140,PI534140,1,47,2,62.0
1046,Nebraska2025,PI656035,PI656035,1,48,2,62.0
1047,Nebraska2025,PI576435,PI576435,1,49,2,69.0
1048,Nebraska2025,PI595741,PI595741,1,50,2,62.0
1049,Nebraska2025,PI656073,PI656073,1,51,2,76.0
1050,Nebraska2025,PI576371,PI576371,1,52,2,64.0
1051,Nebraska2025,PI564163,PI564163,1,52,3,62.0
1052,Nebraska2025,PI534068,PI534068,1,51,3,65.0
1053,Nebraska2025,PI534042,PI534042,1,50,3,49.0
1054,Nebraska2025,PI656021,PI656021,1,49,3,41.0
1055,Nebraska2025,PI576335,PI576335,1,48,3,62.0
1056,Nebraska2025,PI576352,PI576352,1,47,3,58.0
1057,Nebraska2025,PI597977,PI597977,1,46,3,47.0
1058,Nebraska2025,SC0445,SC0445,1,45,3,73.0
1059,Nebraska2025,PI534146,PI534146,1,44,3,60.0
1060,Nebraska2025,BTx645,BTx645,1,43,3,67.0
1061,Nebraska2025,PI656075,PI656075,1,42,3,70.0
1062,Nebraska2025,PI533790,PI533790,1,41,3,49.0
1063,Nebraska2025,PI576411,PI576411,1,40,3,70.0
1064,Nebraska2025,PI597956,PI597956,1,39,3,62.0
1065,Nebraska2025,PI564163,PI564163,1,38,3,61.0
1066,Nebraska2025,PI653617,PI653617,1,37,3,58.0
1067,Nebraska2025,PI533846,PI533846,1,36,3,59.0
1068,Nebraska2025,PI533901,PI533901,1,35,3,58.0
1069,Nebraska2025,SC0479,SC0479,1,34,3,71.0
1070,Nebraska2025,PI533859,PI533859,1,33,3,71.0
1071,Nebraska2025,PI595718,PI595718,1,32,3,50.0
1072,Nebraska2025,PI534134,PI534134,1,31,3,66.0
1073,Nebraska2025,PI534086,PI534086,1,30,3,66.0
1074,Nebraska2025,PI533934,PI533934,1,29,3,64.0
1075,Nebraska2025,PI534053,PI534053,1,28,3,62.0
1076,Nebraska2025,PI564163,PI564163,1,27,3,59.0
1077,Nebraska2025,PI533753,PI533753,1,26,3,62.0
1078,Nebraska2025,PI534073,PI534073,1,25,3,50.0
1079,Nebraska2025,PI653616,PI653616,1,24,3,72.0
1080,Nebraska2025,PI533745,PI533745,1,23,3,52.0
1081,Nebraska2025,PI533778,PI533778,1,22,3,53.0
1082,Nebraska2025,PI533961,PI533961,1,21,3,63.0
1083,Nebraska2025,PI656076,PI656076,1,20,3,69.0
1084,Nebraska2025,PI595739,PI595739,1,19,3,69.0
1085,Nebraska2025,PI576427,PI576427,1,18,3,50.0
1086,Nebraska2025,PI534144,PI534144,1,17,3,69.0
1087,Nebraska2025,PI564163,PI564163,1,16,3,63.0
1088,Nebraska2025,PI533943,PI533943,1,15,3,69.0
1089,Nebraska2025,PI641849,PI641849,1,14,3,49.0
1090,Nebraska2025,PI597969,PI597969,1,13,3,73.0
1091,Nebraska2025,PI656028,PI656028,1,12,3,67.0
1092,Nebraska2025,SC1446,SC1446,1,11,3,52.0
1093,Nebraska2025,SC0847,SC0847,1,10,3,59.0
1094,Nebraska2025,PI655985,PI655985,1,9,3,69.0
1095,Nebraska2025,PI533835,PI533835,1,8,3,69.0
1096,Nebraska2025,PI576425,PI576425,1,7,3,67.0
1097,Nebraska2025,PI534155,PI534155,1,6,3,69.0
1098,Nebraska2025,PI534032,PI534032,1,5,3,63.0
1099,Nebraska2025,PI656009,PI656009,1,54,3,70.0
1100,Nebraska2025,PI656108,PI656108,1,53,3,49.0
1101,Nebraska2025,PI533823,PI533823,1,53,4,55.0
1102,Nebraska2025,PI534152,PI534152,1,54,4,63.0
1103,Nebraska2025,PI576417,PI576417,1,5,4,53.0
1104,Nebraska2025,PI656038,PI656038,1,6,4,78.0
1105,Nebraska2025,PI595735,PI595735,1,7,4,58.0
1106,Nebraska2025,SC0371,SC0371,1,8,4,63.0
1107,Nebraska2025,SC0458,SC0458,1,9,4,69.0
1108,Nebraska2025,PI533873,PI533873,1,10,4,58.0
1109,Nebraska2025,PI564163,PI564163,1,11,4,61.0
1110,Nebraska2025,PI533951,PI533951,1,12,4,55.0
1111,Nebraska2025,PI656098,PI656098,1,13,4,49.0
1112,Nebraska2025,PI24969,PI24969,1,14,4,69.0
1113,Nebraska2025,PI598070,PI598070,1,15,4,69.0
1114,Nebraska2025,SC0860,SC0860,1,16,4,59.0
1115,Nebraska2025,PI597972,PI597972,1,17,4,48.0
1116,Nebraska2025,PI534135,PI534135,1,18,4,69.0
1117,Nebraska2025,PI576365,PI576365,1,19,4,57.0
1118,Nebraska2025,PI533988,PI533988,1,20,4,57.0
1119,Nebraska2025,PI534100,PI534100,1,21,4,61.0
1120,Nebraska2025,PI655987,PI655987,1,22,4,59.0
1121,Nebraska2025,PI533968,PI533968,1,23,4,52.0
1122,Nebraska2025,PI534069,PI534069,1,24,4,53.0
1123,Nebraska2025,PI534002,PI534002,1,25,4,53.0
1124,Nebraska2025,PI597945,PI597945,1,26,4,52.0
1125,Nebraska2025,PI595708,PI595708,1,27,4,58.0
1126,Nebraska2025,PI597981,PI597981,1,28,4,47.0
1127,Nebraska2025,PI534153,PI534153,1,29,4,52.0
1128,Nebraska2025,PI564163,PI564163,1,30,4,59.0
1129,Nebraska2025,PI656046,PI656046,1,31,4,56.0
1131,Nebraska2025,PI597947,PI597947,1,33,4,49.0
1132,Nebraska2025,PI533759,PI533759,1,34,4,53.0
1133,Nebraska2025,SC0652,SC0652,1,35,4,49.0
1134,Nebraska2025,PI576374,PI576374,1,36,4,71.0
1135,Nebraska2025,PI656086,PI656086,1,37,4,59.0
1136,Nebraska2025,PI656105,PI656105,1,38,4,59.0
1137,Nebraska2025,PI534121,PI534121,1,39,4,66.0
1138,Nebraska2025,PI533841,PI533841,1,40,4,69.0
1139,Nebraska2025,PI533920,PI533920,1,41,4,71.0
1140,Nebraska2025,PI533772,PI533772,1,42,4,57.0
1141,Nebraska2025,PI533962,PI533962,1,43,4,64.0
1142,Nebraska2025,PI595703,PI595703,1,44,4,70.0
1143,Nebraska2025,SC0871,SC0871,1,45,4,63.0
1144,Nebraska2025,PI533817,PI533817,1,46,4,62.0
1145,Nebraska2025,PI564163,PI564163,1,47,4,59.0
1146,Nebraska2025,PI533847,PI533847,1,48,4,60.0
1147,Nebraska2025,PI533976,PI533976,1,49,4,71.0
1148,Nebraska2025,PI576414,PI576414,1,50,4,62.0
1149,Nebraska2025,PI576378,PI576378,1,51,4,71.0
1150,Nebraska2025,SC0027,SC0027,1,52,4,64.0
1151,Nebraska2025,PI576354,PI576354,1,52,5,64.0
1152,Nebraska2025,PI533777,PI533777,1,51,5,51.0
1153,Nebraska2025,PI597982,PI597982,1,50,5,45.0
1154,Nebraska2025,PI533999,PI533999,1,49,5,66.0
1155,Nebraska2025,PI533903,PI533903,1,48,5,56.0
1156,Nebraska2025,PI641824,PI641824,1,47,5,71.0
1157,Nebraska2025,PI533801,PI533801,1,46,5,71.0
1158,Nebraska2025,PI534088,PI534088,1,45,5,67.0
1159,Nebraska2025,PI659753,PI659753,1,44,5,71.0
1160,Nebraska2025,SC0159,SC0159,1,43,5,69.0
1161,Nebraska2025,PI576350,PI576350,1,42,5,54.0
1162,Nebraska2025,PI655981,PI655981,1,41,5,63.0
1163,Nebraska2025,PI534093,PI534093,1,40,5,49.0
1164,Nebraska2025,PI595729,PI595729,1,39,5,48.0
1165,Nebraska2025,PI534061,PI534061,1,38,5,55.0
1166,Nebraska2025,PI656109,PI656109,1,37,5,55.0
1167,Nebraska2025,SC0616,SC0616,1,36,5,69.0
1168,Nebraska2025,PI534133,PI534133,1,35,5,49.0
1169,Nebraska2025,PI534102,PI534102,1,34,5,53.0
1170,Nebraska2025,PI534149,PI534149,1,33,5,59.0
1171,Nebraska2025,PI533963,PI533963,1,32,5,58.0
1173,Nebraska2025,PI597953,PI597953,1,30,5,47.0
1174,Nebraska2025,PI656012,PI656012,1,29,5,69.0
1175,Nebraska2025,PI534008,PI534008,1,28,5,59.0
1176,Nebraska2025,PI534041,PI534041,1,27,5,70.0
1177,Nebraska2025,PI576406,PI576406,1,26,5,66.0
1178,Nebraska2025,PI534141,PI534141,1,25,5,69.0
1179,Nebraska2025,PI576368,PI576368,1,24,5,62.0
1180,Nebraska2025,SC0759,SC0759,1,23,5,50.0
1181,Nebraska2025,PI533891,PI533891,1,22,5,55.0
1182,Nebraska2025,PI533917,PI533917,1,21,5,57.0
1183,Nebraska2025,PI534020,PI534020,1,20,5,69.0
1184,Nebraska2025,PI576383,PI576383,1,19,5,51.0
1185,Nebraska2025,PI629059,PI629059,1,18,5,69.0
1186,Nebraska2025,PI576381,PI576381,1,17,5,62.0
1187,Nebraska2025,PI534006,PI534006,1,16,5,69.0
1188,Nebraska2025,PI656003,PI656003,1,15,5,69.0
1189,Nebraska2025,PI534077,PI534077,1,14,5,63.0
1190,Nebraska2025,PI574455,PI574455,1,13,5,69.0
1191,Nebraska2025,PI534143,PI534143,1,12,5,63.0
1192,Nebraska2025,PI564163,PI564163,1,11,5,57.0
1193,Nebraska2025,PI533848,PI533848,1,10,5,64.0
1194,Nebraska2025,PI533866,PI533866,1,9,5,52.0
1195,Nebraska2025,PI576362,PI576362,1,8,5,69.0
1196,Nebraska2025,SC0854,SC0854,1,7,5,53.0
1197,Nebraska2025,PI659692,PI659692,1,6,5,69.0
1198,Nebraska2025,PI534080,PI534080,1,5,5,52.0
1199,Nebraska2025,PI533972,PI533972,1,54,5,69.0
1200,Nebraska2025,PI656037,PI656037,1,53,5,65.0
1201,Nebraska2025,PI548797,PI548797,1,53,6,69.0
1202,Nebraska2025,PI576356,PI576356,1,54,6,59.0
1203,Nebraska2025,SC1166,SC1166,1,5,6,56.0
1204,Nebraska2025,PI534038,PI534038,1,6,6,69.0
1205,Nebraska2025,PI655991,PI655991,1,7,6,69.0
1206,Nebraska2025,PI655992,PI655992,1,8,6,63.0
1207,Nebraska2025,PI533855,PI533855,1,9,6,57.0
1209,Nebraska2025,PI595736,PI595736,1,11,6,52.0
1210,Nebraska2025,PI533878,PI533878,1,12,6,63.0
1211,Nebraska2025,PI533890,PI533890,1,13,6,49.0
1212,Nebraska2025,PI534083,PI534083,1,14,6,58.0
1213,Nebraska2025,PI533800,PI533800,1,15,6,63.0
1214,Nebraska2025,PI533763,PI533763,1,16,6,49.0
1215,Nebraska2025,PI534118,PI534118,1,17,6,69.0
1216,Nebraska2025,PI595714,PI595714,1,18,6,63.0
1217,Nebraska2025,PI655974,PI655974,1,19,6,71.0
1218,Nebraska2025,PI533931,PI533931,1,20,6,58.0
1219,Nebraska2025,PI533822,PI533822,1,21,6,59.0
1220,Nebraska2025,PI534060,PI534060,1,22,6,49.0
1221,Nebraska2025,PI533839,PI533839,1,23,6,55.0
1222,Nebraska2025,PI533789,PI533789,1,24,6,62.0
1223,Nebraska2025,PI655983,PI655983,1,25,6,71.0
1224,Nebraska2025,PI564163,PI564163,1,26,6,58.0
1225,Nebraska2025,SC0965,SC0965,1,27,6,50.0
1226,Nebraska2025,PI564163,PI564163,1,28,6,57.0
1227,Nebraska2025,PI595710,PI595710,1,29,6,69.0
1228,Nebraska2025,PI576351,PI576351,1,30,6,50.0
1229,Nebraska2025,PI656077,PI656077,1,31,6,51.0
1230,Nebraska2025,PI656010,PI656010,1,32,6,70.0
1231,Nebraska2025,PI533843,PI533843,1,33,6,62.0
1232,Nebraska2025,PI533872,PI533872,1,34,6,50.0
1233,Nebraska2025,PI576410,PI576410,1,35,6,59.0
1234,Nebraska2025,SC0921,SC0921,1,36,6,66.0
1235,Nebraska2025,PI533932,PI533932,1,37,6,69.0
1236,Nebraska2025,PI534030,PI534030,1,38,6,64.0
1237,Nebraska2025,PI656015,PI656015,1,39,6,65.0
1238,Nebraska2025,PI534014,PI534014,1,40,6,69.0
1239,Nebraska2025,PI533746,PI533746,1,41,6,52.0
1240,Nebraska2025,PI576363,PI576363,1,42,6,64.0
1241,Nebraska2025,PI533975,PI533975,1,43,6,55.0
1242,Nebraska2025,SC0631,SC0631,1,44,6,55.0
1243,Nebraska2025,PI564163,PI564163,1,45,6,61.0
1244,Nebraska2025,PI656102,PI656102,1,46,6,59.0
1245,Nebraska2025,PI534127,PI534127,1,47,6,69.0
1246,Nebraska2025,PI533956,PI533956,1,48,6,63.0
1247,Nebraska2025,PI533856,PI533856,1,49,6,63.0
1248,Nebraska2025,PI534055,PI534055,1,50,6,55.0
1249,Nebraska2025,PI595727,PI595727,1,51,6,57.0
1250,Nebraska2025,PI564163,PI564163,1,52,6,60.0
1251,Nebraska2025,SC0747,SC0747,1,52,7,54.0
1252,Nebraska2025,PI655971,PI655971,1,51,7,52.0
1253,Nebraska2025,PI534108,PI534108,1,50,7,58.0
1254,Nebraska2025,PI655970,PI655970,1,49,7,69.0
1255,Nebraska2025,SC0895,SC0895,1,48,7,66.0
1256,Nebraska2025,PI656113,PI656113,1,47,7,56.0
1257,Nebraska2025,SC0235,SC0235,1,46,7,69.0
1258,Nebraska2025,PI533996,PI533996,1,45,7,55.0
1259,Nebraska2025,PI595725,PI595725,1,44,7,51.0
1260,Nebraska2025,PI576428,PI576428,1,43,7,62.0
1261,Nebraska2025,PI534131,PI534131,1,42,7,69.0
1262,Nebraska2025,PI564163,PI564163,1,41,7,61.0
1263,Nebraska2025,SC0923,SC0923,1,40,7,70.0
1264,Nebraska2025,PI533861,PI533861,1,39,7,69.0
1265,Nebraska2025,PI534071,PI534071,1,38,7,50.0
1266,Nebraska2025,PI656058,PI656058,1,37,7,66.0
1267,Nebraska2025,PI576336,PI576336,1,36,7,51.0
1268,Nebraska2025,PI564163,PI564163,1,35,7,56.0
1269,Nebraska2025,PI534057,PI534057,1,34,7,56.0
1270,Nebraska2025,PI533796,PI533796,1,33,7,55.0
1271,Nebraska2025,PI533982,PI533982,1,32,7,66.0
1272,Nebraska2025,SC0582,SC0582,1,31,7,69.0
1273,Nebraska2025,PI533849,PI533849,1,30,7,52.0
1274,Nebraska2025,PI656006,PI656006,1,29,7,67.0
1275,Nebraska2025,SC0741,SC0741,1,28,7,59.0
1276,Nebraska2025,PI576419,PI576419,1,27,7,47.0
1277,Nebraska2025,SC0636,SC0636,1,26,7,69.0
1278,Nebraska2025,PI576413,PI576413,1,25,7,55.0
1279,Nebraska2025,PI595733,PI595733,1,24,7,61.0
1280,Nebraska2025,PI564165,PI564165,1,23,7,69.0
1281,Nebraska2025,PI533896,PI533896,1,22,7,52.0
1282,Nebraska2025,PI564163,PI564163,1,21,7,58.0
1283,Nebraska2025,PI534165,PI534165,1,20,7,67.0
1284,Nebraska2025,PI534062,PI534062,1,19,7,69.0
1285,Nebraska2025,PI655986,PI655986,1,18,7,66.0
1286,Nebraska2025,PI534089,PI534089,1,17,7,69.0
1287,Nebraska2025,PI533857,PI533857,1,16,7,66.0
1288,Nebraska2025,PI534160,PI534160,1,15,7,69.0
1289,Nebraska2025,PI564163,PI564163,1,14,7,61.0
1290,Nebraska2025,PI533850,PI533850,1,13,7,69.0
1291,Nebraska2025,SC0870,SC0870,1,12,7,71.0
1292,Nebraska2025,PI656052,PI656052,1,11,7,69.0
1293,Nebraska2025,PI656072,PI656072,1,10,7,69.0
1294,Nebraska2025,PI534119,PI534119,1,9,7,64.0
1295,Nebraska2025,PI533888,PI533888,1,8,7,66.0
1296,Nebraska2025,PI534027,PI534027,1,7,7,71.0
1297,Nebraska2025,SC0178,SC0178,1,6,7,71.0
1298,Nebraska2025,PI534138,PI534138,1,5,7,56.0
1299,Nebraska2025,PI564163,PI564163,1,54,7,58.0
1300,Nebraska2025,SC0438,SC0438,1,53,7,56.0
1301,Nebraska2025,PI564163,PI564163,1,53,8,59.0
1302,Nebraska2025,PI656018,PI656018,1,54,8,67.0
1303,Nebraska2025,PI656031,PI656031,1,5,8,59.0
1304,Nebraska2025,PI533879,PI533879,1,6,8,62.0
1305,Nebraska2025,PI597961,PI597961,1,7,8,63.0
1306,Nebraska2025,PI533851,PI533851,1,8,8,65.0
1307,Nebraska2025,PI534036,PI534036,1,9,8,69.0
1308,Nebraska2025,PI534048,PI534048,1,10,8,69.0
1309,Nebraska2025,PI534147,PI534147,1,11,8,51.0
1310,Nebraska2025,PI534122,PI534122,1,12,8,66.0
1311,Nebraska2025,PI656101,PI656101,1,13,8,48.0
1312,Nebraska2025,PI534009,PI534009,1,14,8,72.0
1313,Nebraska2025,SC0604,SC0604,1,15,8,59.0
1314,Nebraska2025,PI595719,PI595719,1,16,8,69.0
1315,Nebraska2025,PI564163,PI564163,1,17,8,61.0
1316,Nebraska2025,PI597968,PI597968,1,18,8,62.0
1317,Nebraska2025,PI564163,PI564163,1,19,8,61.0
1318,Nebraska2025,PI595732,PI595732,1,20,8,61.0
1319,Nebraska2025,PI576389,PI576389,1,21,8,61.0
1320,Nebraska2025,PI534005,PI534005,1,22,8,68.0
1321,Nebraska2025,PI533807,PI533807,1,23,8,62.0
1322,Nebraska2025,PI655978,PI655978,1,24,8,62.0
1323,Nebraska2025,PI656065,PI656065,1,25,8,59.0
1324,Nebraska2025,PI534022,PI534022,1,26,8,67.0
1325,Nebraska2025,PI655977,PI655977,1,27,8,61.0
1326,Nebraska2025,PI656017,PI656017,1,28,8,85.0
1327,Nebraska2025,PI533978,PI533978,1,29,8,51.0
1329,Nebraska2025,PI533871,PI533871,1,31,8,62.0
1330,Nebraska2025,PI595740,PI595740,1,32,8,69.0
1331,Nebraska2025,PI576401,PI576401,1,33,8,68.0
1332,Nebraska2025,PI533986,PI533986,1,34,8,52.0
1333,Nebraska2025,PI533776,PI533776,1,35,8,57.0
1334,Nebraska2025,PI533948,PI533948,1,36,8,62.0
1335,Nebraska2025,PI597975,PI597975,1,37,8,55.0
1336,Nebraska2025,PI576437,PI576437,1,38,8,66.0
1337,Nebraska2025,PI597978,PI597978,1,39,8,60.0
1338,Nebraska2025,PI542718,PI542718,1,40,8,58.0
1339,Nebraska2025,PI597949,PI597949,1,41,8,71.0
1340,Nebraska2025,PI533755,PI533755,1,42,8,67.0
1341,Nebraska2025,PI656053,PI656053,1,43,8,61.0
1342,Nebraska2025,PI595721,PI595721,1,44,8,53.0
1343,Nebraska2025,PI564163,PI564163,1,45,8,57.0
1344,Nebraska2025,SC0247,SC0247,1,46,8,64.0
1345,Nebraska2025,PI533936,PI533936,1,47,8,68.0
1346,Nebraska2025,PI534095,PI534095,1,48,8,49.0
1347,Nebraska2025,PI564163,PI564163,1,49,8,60.0
1348,Nebraska2025,PI597967,PI597967,1,50,8,62.0
1349,Nebraska2025,PI534157,PI534157,1,51,8,71.0
1350,Nebraska2025,PI576380,PI576380,1,52,8,69.0
1351,Nebraska2025,PI533782,PI533782,1,52,9,40.0
1352,Nebraska2025,PI595745,PI595745,1,51,9,63.0
1353,Nebraska2025,SC0914,SC0914,1,50,9,64.0
1354,Nebraska2025,PI656088,PI656088,1,49,9,56.0
1355,Nebraska2025,PI533913,PI533913,1,48,9,59.0
1356,Nebraska2025,PI595702,PI595702,1,47,9,63.0
1357,Nebraska2025,SC1170,SC1170,1,46,9,50.0
1358,Nebraska2025,PI656103,PI656103,1,45,9,58.0
1359,Nebraska2025,PI576423,PI576423,1,44,9,66.0
1360,Nebraska2025,PI597979,PI597979,1,43,9,53.0
1361,Nebraska2025,PI564163,PI564163,1,42,9,59.0
1362,Nebraska2025,PI576360,PI576360,1,41,9,66.0
1363,Nebraska2025,PI534166,PI534166,1,40,9,53.0
1364,Nebraska2025,PI533818,PI533818,1,39,9,51.0
1365,Nebraska2025,SC0156,SC0156,1,38,9,67.0
1366,Nebraska2025,PI533813,PI533813,1,37,9,62.0
1367,Nebraska2025,PI595712,PI595712,1,36,9,64.0
1368,Nebraska2025,SC0777,SC0777,1,35,9,61.0
1369,Nebraska2025,PI533894,PI533894,1,34,9,52.0
1370,Nebraska2025,PI656093,PI656093,1,33,9,67.0
1371,Nebraska2025,PI533876,PI533876,1,32,9,46.0
1372,Nebraska2025,PI564163,PI564163,1,31,9,62.0
1373,Nebraska2025,PI534040,PI534040,1,30,9,62.0
1374,Nebraska2025,PI534016,PI534016,1,29,9,66.0
1375,Nebraska2025,SC1442,SC1442,1,28,9,56.0
1376,Nebraska2025,PI533819,PI533819,1,27,9,51.0
1377,Nebraska2025,PI533938,PI533938,1,26,9,63.0
1378,Nebraska2025,PI533928,PI533928,1,25,9,70.0
1379,Nebraska2025,PI564163,PI564163,1,24,9,60.0
1381,Nebraska2025,PI656071,PI656071,1,22,9,68.0
1383,Nebraska2025,PI655982,PI655982,1,20,9,57.0
1384,Nebraska2025,SC0287,SC0287,1,19,9,49.0
1385,Nebraska2025,PI595704,PI595704,1,18,9,66.0
1386,Nebraska2025,PI659691,PI659691,1,17,9,72.0
1387,Nebraska2025,PI564163,PI564163,1,16,9,59.0
1388,Nebraska2025,PI576418,PI576418,1,15,9,69.0
1389,Nebraska2025,PI533916,PI533916,1,14,9,61.0
1391,Nebraska2025,PI534087,PI534087,1,12,9,49.0
1392,Nebraska2025,PI597971,PI597971,1,11,9,56.0
1393,Nebraska2025,PI656023,PI656023,1,10,9,66.0
1394,Nebraska2025,PI533870,PI533870,1,9,9,49.0
1395,Nebraska2025,PI656104,PI656104,1,8,9,61.0
1397,Nebraska2025,PI533877,PI533877,1,6,9,70.0
1398,Nebraska2025,SC0041,SC0041,1,5,9,54.0
1399,Nebraska2025,PI533854,PI533854,1,54,9,67.0
1400,Nebraska2025,PI576337,PI576337,1,53,9,58.0
1401,Nebraska2025,PI595731,PI595731,1,53,10,64.0
1402,Nebraska2025,SC0877,SC0877,1,54,10,58.0
1403,Nebraska2025,PI533915,PI533915,1,5,10,54.0
1404,Nebraska2025,PI533816,PI533816,1,6,10,65.0
1405,Nebraska2025,PI533774,PI533774,1,7,10,57.0
1406,Nebraska2025,PI533991,PI533991,1,8,10,69.0
1407,Nebraska2025,PI533984,PI533984,1,9,10,69.0
1408,Nebraska2025,PI564163,PI564163,1,10,10,68.0
1409,Nebraska2025,PI656106,PI656106,1,11,10,64.0
1410,Nebraska2025,PI533897,PI533897,1,12,10,57.0
1411,Nebraska2025,PI656001,PI656001,1,13,10,67.0
1412,Nebraska2025,BTx399,BTx399,1,14,10,59.0
1413,Nebraska2025,PI533930,PI533930,1,15,10,56.0
1414,Nebraska2025,PI540816,PI540816,1,16,10,69.0
1415,Nebraska2025,PI534001,PI534001,1,17,10,68.0
1416,Nebraska2025,PI533803,PI533803,1,18,10,42.0
1417,Nebraska2025,PI533983,PI533983,1,19,10,68.0
1418,Nebraska2025,PI597976,PI597976,1,20,10,58.0
1419,Nebraska2025,PI576392,PI576392,1,21,10,58.0
1420,Nebraska2025,PI656060,PI656060,1,22,10,66.0
1421,Nebraska2025,PI533808,PI533808,1,23,10,64.0
1422,Nebraska2025,PI534123,PI534123,1,24,10,71.0
1423,Nebraska2025,PI534142,PI534142,1,25,10,55.0
1424,Nebraska2025,PI576349,PI576349,1,26,10,58.0
1425,Nebraska2025,PI655980,PI655980,1,27,10,56.0
1426,Nebraska2025,PI534010,PI534010,1,28,10,67.0
1427,Nebraska2025,PI533905,PI533905,1,29,10,69.0
1428,Nebraska2025,PI533886,PI533886,1,30,10,54.0
1429,Nebraska2025,PI534158,PI534158,1,31,10,64.0
1430,Nebraska2025,PI656094,PI656094,1,32,10,71.0
1431,Nebraska2025,PI595711,PI595711,1,33,10,67.0
1432,Nebraska2025,PI655996,PI655996,1,34,10,64.0
1433,Nebraska2025,PI564163,PI564163,1,35,10,59.0
1434,Nebraska2025,PI533831,PI533831,1,36,10,71.0
1435,Nebraska2025,PI533942,PI533942,1,37,10,65.0
1436,Nebraska2025,PI534145,PI534145,1,38,10,58.0
1437,Nebraska2025,PI576421,PI576421,1,39,10,59.0
1438,Nebraska2025,PI655989,PI655989,1,40,10,66.0
1439,Nebraska2025,PI576339,PI576339,1,41,10,56.0
1440,Nebraska2025,PI656020,PI656020,1,42,10,66.0
1441,Nebraska2025,PI595705,PI595705,1,43,10,57.0
1442,Nebraska2025,PI533994,PI533994,1,44,10,66.0
1443,Nebraska2025,PI153846,PI153846,1,45,10,57.0
1444,Nebraska2025,PI576387,PI576387,1,46,10,59.0
1445,Nebraska2025,PI576366,PI576366,1,47,10,64.0
1446,Nebraska2025,PI533979,PI533979,1,48,10,59.0
1447,Nebraska2025,PI153844,PI153844,1,49,10,69.0
1448,Nebraska2025,PI656090,PI656090,1,50,10,58.0
1449,Nebraska2025,SC0463,SC0463,1,51,10,69.0
1450,Nebraska2025,PI534128,PI534128,1,52,10,69.0
1451,Nebraska2025,PI534017,PI534017,1,52,11,58.0
1452,Nebraska2025,PI533794,PI533794,1,51,11,63.0
1453,Nebraska2025,PI533964,PI533964,1,50,11,68.0
1454,Nebraska2025,PI534039,PI534039,1,49,11,54.0
1455,Nebraska2025,PI656034,PI656034,1,48,11,68.0
1456,Nebraska2025,SC0191,SC0191,1,47,11,57.0
1457,Nebraska2025,PI564163,PI564163,1,46,11,62.0
1458,Nebraska2025,SC0297,SC0297,1,45,11,51.0
1459,Nebraska2025,PI533904,PI533904,1,44,11,66.0
1460,Nebraska2025,PI595743,PI595743,1,43,11,70.0
1461,Nebraska2025,PI564163,PI564163,1,42,11,60.0
1462,Nebraska2025,PI534054,PI534054,1,41,11,71.0
1463,Nebraska2025,PI561073,PI561073,1,40,11,70.0
1464,Nebraska2025,PI534034,PI534034,1,39,11,65.0
1465,Nebraska2025,PI597958,PI597958,1,38,11,59.0
1466,Nebraska2025,PI656100,PI656100,1,37,11,71.0
1467,Nebraska2025,PI564163,PI564163,1,36,11,60.0
1468,Nebraska2025,SC0618,SC0618,1,35,11,67.0
1470,Nebraska2025,PI656036,PI656036,1,33,11,68.0
1471,Nebraska2025,PI533765,PI533765,1,32,11,59.0
1472,Nebraska2025,PI48770,PI48770,1,31,11,64.0
1473,Nebraska2025,SC0263,SC0263,1,30,11,66.0
1474,Nebraska2025,PI597966,PI597966,1,29,11,57.0
1475,Nebraska2025,SC1024,SC1024,1,28,11,66.0
1476,Nebraska2025,PI533987,PI533987,1,27,11,52.0
1477,Nebraska2025,PI656118,PI656118,1,26,11,67.0
1478,Nebraska2025,PI534136,PI534136,1,25,11,68.0
1479,Nebraska2025,PI576409,PI576409,1,24,11,49.0
1480,Nebraska2025,PI595724,PI595724,1,23,11,60.0
1481,Nebraska2025,PI576402,PI576402,1,22,11,69.0
1482,Nebraska2025,PI534159,PI534159,1,21,11,70.0
1483,Nebraska2025,PI534076,PI534076,1,20,11,55.0
1484,Nebraska2025,PI534094,PI534094,1,19,11,53.0
1485,Nebraska2025,PI534056,PI534056,1,18,11,64.0
1486,Nebraska2025,PI534106,PI534106,1,17,11,66.0
1487,Nebraska2025,PI533834,PI533834,1,16,11,71.0
1488,Nebraska2025,PI533781,PI533781,1,15,11,50.0
1489,Nebraska2025,PI533935,PI533935,1,14,11,59.0
1490,Nebraska2025,PI613536,PI613536,1,13,11,55.0
1491,Nebraska2025,PI533953,PI533953,1,12,11,61.0
1492,Nebraska2025,PI564163,PI564163,1,11,11,58.0
1493,Nebraska2025,PI534125,PI534125,1,10,11,68.0
1494,Nebraska2025,SC1133,SC1133,1,9,11,49.0
1495,Nebraska2025,SC0550,SC0550,1,8,11,64.0
1496,Nebraska2025,PI564163,PI564163,1,7,11,61.0
1497,Nebraska2025,PI659695,PI659695,1,6,11,67.0
1498,Nebraska2025,PI533929,PI533929,1,5,11,58.0
1499,Nebraska2025,PI533756,PI533756,1,54,11,55.0
1500,Nebraska2025,PI656014,PI656014,1,53,11,64.0
1501,Nebraska2025,PI534139,PI534139,1,53,12,59.0
1502,Nebraska2025,SC1193,SC1193,1,54,12,62.0
1503,Nebraska2025,PI533769,PI533769,1,5,12,52.0
1504,Nebraska2025,PI656112,PI656112,1,6,12,63.0
1505,Nebraska2025,PI656033,PI656033,1,7,12,70.0
1506,Nebraska2025,PI576373,PI576373,1,8,12,71.0
1507,Nebraska2025,PI656116,PI656116,1,9,12,53.0
1508,Nebraska2025,SC0201,SC0201,1,10,12,67.0
1509,Nebraska2025,PI576404,PI576404,1,11,12,47.0
1510,Nebraska2025,PI629040,PI629040,1,12,12,62.0
1511,Nebraska2025,SC0517,SC0517,1,13,12,50.0
1512,Nebraska2025,PI534050,PI534050,1,14,12,60.0
1513,Nebraska2025,PI534099,PI534099,1,15,12,60.0
1514,Nebraska2025,PI597962,PI597962,1,16,12,71.0
1515,Nebraska2025,SC0003,SC0003,1,17,12,56.0
1516,Nebraska2025,PI656002,PI656002,1,18,12,67.0
1517,Nebraska2025,PI564163,PI564163,1,19,12,56.0
1518,Nebraska2025,PI533914,PI533914,1,20,12,62.0
1519,Nebraska2025,PI656044,PI656044,1,21,12,64.0
1520,Nebraska2025,PI576394,PI576394,1,22,12,66.0
1521,Nebraska2025,PI533880,PI533880,1,23,12,55.0
1522,Nebraska2025,PI564163,PI564163,1,24,12,58.0
1523,Nebraska2025,PI533833,PI533833,1,25,12,57.0
1524,Nebraska2025,SC1120,SC1120,1,26,12,56.0
1525,Nebraska2025,PI576359,PI576359,1,27,12,66.0
1526,Nebraska2025,PI656095,PI656095,1,28,12,51.0
1527,Nebraska2025,PI564163,PI564163,1,29,12,58.0
1528,Nebraska2025,PI656013,PI656013,1,30,12,58.0
1529,Nebraska2025,PI533965,PI533965,1,31,12,55.0
1530,Nebraska2025,PI656107,PI656107,1,32,12,66.0
1531,Nebraska2025,PI534028,PI534028,1,33,12,65.0
1532,Nebraska2025,PI576390,PI576390,1,34,12,52.0
1533,Nebraska2025,PI534070,PI534070,1,35,12,50.0
1534,Nebraska2025,PI533786,PI533786,1,36,12,64.0
1535,Nebraska2025,PI534031,PI534031,1,37,12,68.0
1536,Nebraska2025,PI576412,PI576412,1,38,12,69.0
1537,Nebraska2025,PI533762,PI533762,1,39,12,55.0
1538,Nebraska2025,PI533791,PI533791,1,40,12,49.0
1539,Nebraska2025,PI533787,PI533787,1,41,12,52.0
1540,Nebraska2025,PI533773,PI533773,1,42,12,56.0
1541,Nebraska2025,PI595723,PI595723,1,43,12,56.0
1542,Nebraska2025,PI656025,PI656025,1,44,12,52.0
1543,Nebraska2025,PI576355,PI576355,1,45,12,54.0
1544,Nebraska2025,PI534111,PI534111,1,46,12,57.0
1545,Nebraska2025,PI656120,PI656120,1,47,12,56.0
1546,Nebraska2025,PI576331,PI576331,1,48,12,65.0
1547,Nebraska2025,SC0814,SC0814,1,49,12,64.0
1548,Nebraska2025,SC0276,SC0276,1,50,12,49.0
1549,Nebraska2025,PI533864,PI533864,1,51,12,48.0
1550,Nebraska2025,PI533824,PI533824,1,52,12,68.0
1551,Nebraska2025,PI564163,PI564163,1,52,13,61.0
1552,Nebraska2025,PI576430,PI576430,1,51,13,49.0
1553,Nebraska2025,PI597973,PI597973,1,50,13,69.0
1554,Nebraska2025,PI533885,PI533885,1,49,13,49.0
1555,Nebraska2025,PI597954,PI597954,1,48,13,57.0
1556,Nebraska2025,PI533926,PI533926,1,47,13,48.0
1557,Nebraska2025,PI576370,PI576370,1,46,13,63.0
1558,Nebraska2025,PI534037,PI534037,1,45,13,55.0
1559,Nebraska2025,PI533887,PI533887,1,44,13,51.0
1560,Nebraska2025,PI576353,PI576353,1,43,13,66.0
1561,Nebraska2025,PI534107,PI534107,1,42,13,56.0
1562,Nebraska2025,PI576426,PI576426,1,41,13,69.0
1563,Nebraska2025,PI656114,PI656114,1,40,13,59.0
1564,Nebraska2025,SC0713,SC0713,1,39,13,49.0
1565,Nebraska2025,PI656097,PI656097,1,38,13,66.0
1566,Nebraska2025,PI534154,PI534154,1,37,13,71.0
1567,Nebraska2025,PI576332,PI576332,1,36,13,55.0
1568,Nebraska2025,PI533867,PI533867,1,35,13,62.0
1569,Nebraska2025,PI534011,PI534011,1,34,13,69.0
1570,Nebraska2025,PI534148,PI534148,1,33,13,72.0
1571,Nebraska2025,PI655997,PI655997,1,32,13,69.0
1572,Nebraska2025,SC0436,SC0436,1,31,13,64.0
1573,Nebraska2025,PI533829,PI533829,1,30,13,67.0
1574,Nebraska2025,PI597955,PI597955,1,29,13,59.0
1575,Nebraska2025,PI659694,PI659694,1,28,13,66.0
1576,Nebraska2025,PI534110,PI534110,1,27,13,60.0
1577,Nebraska2025,PI534113,PI534113,1,26,13,64.0
1578,Nebraska2025,PI534044,PI534044,1,25,13,57.0
1579,Nebraska2025,PI656092,PI656092,1,24,13,72.0
1580,Nebraska2025,PI533995,PI533995,1,23,13,49.0
1581,Nebraska2025,PI597974,PI597974,1,22,13,49.0
1582,Nebraska2025,PI533998,PI533998,1,21,13,49.0
1583,Nebraska2025,PI329435,PI329435,1,20,13,68.0
1584,Nebraska2025,PI533906,PI533906,1,19,13,69.0
1585,Nebraska2025,PI534126,PI534126,1,18,13,71.0
1586,Nebraska2025,PI533792,PI533792,1,17,13,52.0
1587,Nebraska2025,SC0542,SC0542,1,16,13,56.0
1588,Nebraska2025,PI564163,PI564163,1,15,13,56.0
1589,Nebraska2025,PI533971,PI533971,1,14,13,56.0
1590,Nebraska2025,PI533766,PI533766,1,13,13,57.0
1591,Nebraska2025,SC0470,SC0470,1,12,13,55.0
1592,Nebraska2025,PI533882,PI533882,1,11,13,69.0
1593,Nebraska2025,PI576364,PI576364,1,10,13,56.0
1594,Nebraska2025,PI533939,PI533939,1,9,13,50.0
1595,Nebraska2025,PI659693,PI659693,1,8,13,49.0
1596,Nebraska2025,PI576329,PI576329,1,7,13,69.0
1597,Nebraska2025,PI656048,PI656048,1,6,13,69.0
1598,Nebraska2025,PI534004,PI534004,1,5,13,64.0
1599,Nebraska2025,PI534164,PI534164,1,54,13,65.0
1600,Nebraska2025,PI656063,PI656063,1,53,13,68.0
1601,Nebraska2025,PI564163,PI564163,1,53,14,59.0
1602,Nebraska2025,PI656005,PI656005,1,54,14,63.0
1603,Nebraska2025,PI533893,PI533893,1,5,14,59.0
1604,Nebraska2025,PI576344,PI576344,1,6,14,64.0
1605,Nebraska2025,PI576369,PI576369,1,7,14,68.0
1606,Nebraska2025,PI533908,PI533908,1,8,14,68.0
1607,Nebraska2025,SC0150,SC0150,1,9,14,65.0
1608,Nebraska2025,PI534079,PI534079,1,10,14,50.0
1609,Nebraska2025,SC0249,SC0249,1,11,14,54.0
1610,Nebraska2025,PI534137,PI534137,1,12,14,55.0
1611,Nebraska2025,PI534114,PI534114,1,13,14,67.0
1612,Nebraska2025,PI595734,PI595734,1,14,14,57.0
1613,Nebraska2025,PI534074,PI534074,1,15,14,56.0
1614,Nebraska2025,PI656083,PI656083,1,16,14,55.0
1615,Nebraska2025,SC0556,SC0556,1,17,14,55.0
1616,Nebraska2025,PI552861,PI552861,1,18,14,69.0
1617,Nebraska2025,PI534167,PI534167,1,19,14,63.0
1618,Nebraska2025,PI564163,PI564163,1,20,14,61.0
1619,Nebraska2025,PI534090,PI534090,1,21,14,50.0
1620,Nebraska2025,PI656057,PI656057,1,22,14,73.0
1621,Nebraska2025,PI534163,PI534163,1,23,14,64.0
1622,Nebraska2025,PI595720,PI595720,1,24,14,55.0
1623,Nebraska2025,SC0999,SC0999,1,25,14,68.0
1624,Nebraska2025,PI656056,PI656056,1,26,14,64.0
1625,Nebraska2025,PI534026,PI534026,1,27,14,59.0
1626,Nebraska2025,PI564163,PI564163,1,28,14,55.0
1627,Nebraska2025,PI533958,PI533958,1,29,14,67.0
1628,Nebraska2025,PI533751,PI533751,1,30,14,63.0
1629,Nebraska2025,PI533802,PI533802,1,31,14,52.0
1630,Nebraska2025,PI534117,PI534117,1,32,14,52.0
1631,Nebraska2025,PI533837,PI533837,1,33,14,63.0
1632,Nebraska2025,PI17548,PI17548,1,34,14,55.0
1633,Nebraska2025,PI533798,PI533798,1,35,14,57.0
1634,Nebraska2025,PI642998,PI642998,1,36,14,59.0
1635,Nebraska2025,PI576330,PI576330,1,37,14,65.0
1636,Nebraska2025,PI656008,PI656008,1,38,14,66.0
1637,Nebraska2025,PI534052,PI534052,1,39,14,65.0
1638,Nebraska2025,PI534035,PI534035,1,40,14,69.0
1639,Nebraska2025,PI656089,PI656089,1,41,14,53.0
1640,Nebraska2025,PI533966,PI533966,1,42,14,65.0
1641,Nebraska2025,PI534161,PI534161,1,43,14,72.0
1642,Nebraska2025,PI534063,PI534063,1,44,14,62.0
1643,Nebraska2025,PI35038,PI35038,1,45,14,66.0
1644,Nebraska2025,BTx643,BTx643,1,46,14,61.0
1645,Nebraska2025,PI534103,PI534103,1,47,14,59.0
1646,Nebraska2025,PI656051,PI656051,1,48,14,68.0
1647,Nebraska2025,PI533883,PI533883,1,49,14,51.0
1648,Nebraska2025,PI534151,PI534151,1,50,14,67.0
1649,Nebraska2025,PI533909,PI533909,1,51,14,63.0
1650,Nebraska2025,PI533949,PI533949,1,52,14,59.0
1651,Nebraska2025,PI533795,PI533795,1,52,15,68.0
1652,Nebraska2025,PI564163,PI564163,1,51,15,61.0
1653,Nebraska2025,PI533954,PI533954,1,50,15,53.0
1654,Nebraska2025,SC0409,SC0409,1,49,15,55.0
1655,Nebraska2025,PI576399,PI576399,1,48,15,56.0
1656,Nebraska2025,PI534084,PI534084,1,47,15,47.0
1657,Nebraska2025,PI656004,PI656004,1,46,15,63.0
1658,Nebraska2025,PI533780,PI533780,1,45,15,64.0
1659,Nebraska2025,PI576372,PI576372,1,44,15,67.0
1660,Nebraska2025,PI533832,PI533832,1,43,15,58.0
1661,Nebraska2025,PI656078,PI656078,1,42,15,61.0
1662,Nebraska2025,PI533967,PI533967,1,41,15,66.0
1663,Nebraska2025,PI564163,PI564163,1,40,15,59.0
1664,Nebraska2025,PI534003,PI534003,1,39,15,67.0
1665,Nebraska2025,PI656087,PI656087,1,38,15,57.0
1666,Nebraska2025,PI534130,PI534130,1,37,15,71.0
1667,Nebraska2025,SC1178,SC1178,1,36,15,50.0
1668,Nebraska2025,PI576396,PI576396,1,35,15,67.0
1669,Nebraska2025,PI533922,PI533922,1,34,15,70.0
1670,Nebraska2025,PI564163,PI564163,1,33,15,59.0
1671,Nebraska2025,PI533940,PI533940,1,32,15,63.0
1672,Nebraska2025,PI534065,PI534065,1,31,15,55.0
1673,Nebraska2025,PI534115,PI534115,1,30,15,62.0
1674,Nebraska2025,PI656047,PI656047,1,29,15,71.0
1675,Nebraska2025,SC0640,SC0640,1,28,15,58.0
1676,Nebraska2025,PI533805,PI533805,1,27,15,58.0
1677,Nebraska2025,PI564163,PI564163,1,26,15,58.0
1678,Nebraska2025,PI534081,PI534081,1,25,15,59.0
1679,Nebraska2025,PI534066,PI534066,1,24,15,58.0
1680,Nebraska2025,PI656043,PI656043,1,23,15,71.0
1681,Nebraska2025,SC1097,SC1097,1,22,15,70.0
1682,Nebraska2025,PI533788,PI533788,1,21,15,50.0
1683,Nebraska2025,PI534098,PI534098,1,20,15,59.0
1684,Nebraska2025,PI533845,PI533845,1,19,15,59.0
1685,Nebraska2025,PI534112,PI534112,1,18,15,62.0
1686,Nebraska2025,PI576375,PI576375,1,17,15,64.0
1687,Nebraska2025,PI534162,PI534162,1,16,15,59.0
1688,Nebraska2025,PI533970,PI533970,1,15,15,59.0
1689,Nebraska2025,SC0190,SC0190,1,14,15,58.0
1690,Nebraska2025,PI533779,PI533779,1,13,15,53.0
1691,Nebraska2025,PI656080,PI656080,1,12,15,58.0
1692,Nebraska2025,PI533924,PI533924,1,11,15,68.0
1693,Nebraska2025,PI534116,PI534116,1,10,15,50.0
1694,Nebraska2025,PI576433,PI576433,1,9,15,68.0
1695,Nebraska2025,PI533992,PI533992,1,8,15,69.0
1696,Nebraska2025,PI576395,PI576395,1,7,15,59.0
1697,Nebraska2025,PI533907,PI533907,1,6,15,73.0
1698,Nebraska2025,SC0179,SC0179,1,5,15,59.0
1699,Nebraska2025,PI656084,PI656084,1,54,15,63.0
1700,Nebraska2025,PI609456,PI609456,1,53,15,75.0
1701,Nebraska2025,PI576398,PI576398,1,53,16,67.0
1702,Nebraska2025,PI533869,PI533869,1,54,16,70.0
1704,Nebraska2025,PI656059,PI656059,1,6,16,69.0
1705,Nebraska2025,PI656119,PI656119,1,7,16,49.0
1706,Nebraska2025,PI564163,PI564163,1,8,16,63.0
1707,Nebraska2025,PI533747,PI533747,1,9,16,52.0
1708,Nebraska2025,PI533810,PI533810,1,10,16,69.0
1709,Nebraska2025,PI656074,PI656074,1,11,16,57.0
1710,Nebraska2025,PI656085,PI656085,1,12,16,50.0
1711,Nebraska2025,PI576361,PI576361,1,13,16,60.0
1712,Nebraska2025,SC0521,SC0521,1,14,16,47.0
1713,Nebraska2025,PI533874,PI533874,1,15,16,53.0
1714,Nebraska2025,SC0138,SC0138,1,16,16,63.0
1715,Nebraska2025,PI564163,PI564163,1,17,16,61.0
1716,Nebraska2025,PI534104,PI534104,1,18,16,63.0
1717,Nebraska2025,SC0685,SC0685,1,19,16,49.0
1718,Nebraska2025,PI595700,PI595700,1,20,16,68.0
1719,Nebraska2025,PI534067,PI534067,1,21,16,55.0
1720,Nebraska2025,PI656117,PI656117,1,22,16,62.0
1721,Nebraska2025,PI533749,PI533749,1,23,16,66.0
1722,Nebraska2025,PI533947,PI533947,1,24,16,73.0
1723,Nebraska2025,PI533844,PI533844,1,25,16,71.0
1724,Nebraska2025,SC0893,SC0893,1,26,16,66.0
1725,Nebraska2025,PI561071,PI561071,1,27,16,70.0
1726,Nebraska2025,PI576367,PI576367,1,28,16,61.0
1727,Nebraska2025,PI642992,PI642992,1,29,16,66.0
1728,Nebraska2025,PI659696,PI659696,1,30,16,61.0
1729,Nebraska2025,PI534101,PI534101,1,31,16,64.0
1730,Nebraska2025,PI533809,PI533809,1,32,16,63.0
1731,Nebraska2025,PI533750,PI533750,1,33,16,76.0
1732,Nebraska2025,PI656050,PI656050,1,34,16,62.0
1733,Nebraska2025,PI576338,PI576338,1,35,16,62.0
1734,Nebraska2025,PI656121,PI656121,1,36,16,52.0
1735,Nebraska2025,PI533815,PI533815,1,37,16,57.0
1736,Nebraska2025,PI576333,PI576333,1,38,16,68.0
1737,Nebraska2025,PI597946,PI597946,1,39,16,55.0
1738,Nebraska2025,PI533911,PI533911,1,40,16,62.0
1739,Nebraska2025,PI656019,PI656019,1,41,16,55.0
1740,Nebraska2025,SC0157,SC0157,1,42,16,66.0
1741,Nebraska2025,PI533758,PI533758,1,43,16,62.0
1742,Nebraska2025,PI656111,PI656111,1,44,16,67.0
1743,Nebraska2025,PI564163,PI564163,1,45,16,60.0
1744,Nebraska2025,PI576424,PI576424,1,46,16,73.0
1745,Nebraska2025,PI533828,PI533828,1,47,16,55.0
1746,Nebraska2025,PI534132,PI534132,1,48,16,66.0
1747,Nebraska2025,PI533959,PI533959,1,49,16,55.0
1748,Nebraska2025,PI656061,PI656061,1,50,16,70.0
1749,Nebraska2025,PI533941,PI533941,1,51,16,52.0
1750,Nebraska2025,PI576415,PI576415,1,52,16,50.0
1751,Nebraska2025,PI656082,PI656082,1,52,17,69.0
1752,Nebraska2025,PI534024,PI534024,1,51,17,71.0
1753,Nebraska2025,PI534092,PI534092,1,50,17,64.0
1754,Nebraska2025,PI533862,PI533862,1,49,17,43.0
1755,Nebraska2025,PI533830,PI533830,1,48,17,48.0
1756,Nebraska2025,PI607931,PI607931,1,47,17,71.0
1757,Nebraska2025,PI656115,PI656115,1,46,17,62.0
1758,Nebraska2025,SC0343,SC0343,1,45,17,63.0
1759,Nebraska2025,PI595744,PI595744,1,44,17,52.0
1760,Nebraska2025,PI597980,PI597980,1,43,17,55.0
1761,Nebraska2025,PI533865,PI533865,1,42,17,62.0
1762,Nebraska2025,PI576397,PI576397,1,41,17,61.0
1763,Nebraska2025,SC0456,SC0456,1,40,17,64.0
1764,Nebraska2025,SC1058,SC1058,1,39,17,63.0
1765,Nebraska2025,PI533804,PI533804,1,38,17,44.0
1768,Nebraska2025,PI576376,PI576376,1,35,17,64.0
1769,Nebraska2025,PI564163,PI564163,1,34,17,59.0
1770,Nebraska2025,PI595709,PI595709,1,33,17,59.0
1771,Nebraska2025,PI533811,PI533811,1,32,17,58.0
1772,Nebraska2025,PI576345,PI576345,1,31,17,71.0
1773,Nebraska2025,PI576130,PI576130,1,30,17,85.0
1774,Nebraska2025,SC0868,SC0868,1,29,17,57.0
1775,Nebraska2025,PI534096,PI534096,1,28,17,49.0
1776,Nebraska2025,PI533977,PI533977,1,27,17,68.0
1777,Nebraska2025,SC0551,SC0551,1,26,17,57.0
1778,Nebraska2025,PI576436,PI576436,1,25,17,61.0
1779,Nebraska2025,PI564163,PI564163,1,24,17,60.0
1780,Nebraska2025,PI533775,PI533775,1,23,17,58.0
1781,Nebraska2025,PI595748,PI595748,1,22,17,68.0
1782,Nebraska2025,PI576434,PI576434,1,21,17,71.0
1783,Nebraska2025,PI656081,PI656081,1,20,17,50.0
1784,Nebraska2025,PI22326,PI22326,1,19,17,70.0
1785,Nebraska2025,SC0412,SC0412,1,18,17,56.0
1786,Nebraska2025,PI651492,PI651492,1,17,17,67.0
1787,Nebraska2025,PI533760,PI533760,1,16,17,68.0
1788,Nebraska2025,PI533757,PI533757,1,15,17,62.0
1789,Nebraska2025,PI656011,PI656011,1,14,17,71.0
1790,Nebraska2025,PI656022,PI656022,1,13,17,64.0
1791,Nebraska2025,PI534064,PI534064,1,12,17,53.0
1792,Nebraska2025,PI561072,PI561072,1,11,17,54.0
1793,Nebraska2025,PI533853,PI533853,1,10,17,71.0
1794,Nebraska2025,PI564163,PI564163,1,9,17,62.0
1795,Nebraska2025,PI34911,PI34911,1,8,17,70.0
1796,Nebraska2025,SC0848,SC0848,1,7,17,58.0
1797,Nebraska2025,PI656096,PI656096,1,6,17,55.0
1798,Nebraska2025,PI656110,PI656110,1,5,17,68.0
1799,Nebraska2025,PI655998,PI655998,1,54,17,73.0
1800,Nebraska2025,PI533785,PI533785,1,53,17,52.0
1801,Nebraska2025,PI642793,PI642793,1,53,18,60.0
1802,Nebraska2025,PI656024,PI656024,1,54,18,70.0
1803,Nebraska2025,PI533842,PI533842,1,5,18,71.0
1804,Nebraska2025,PI533814,PI533814,1,6,18,71.0
1805,Nebraska2025,PI534033,PI534033,1,7,18,69.0
1806,Nebraska2025,PI576385,PI576385,1,8,18,56.0
1807,Nebraska2025,PI534150,PI534150,1,9,18,69.0
1808,Nebraska2025,PI656049,PI656049,1,10,18,66.0
1809,Nebraska2025,SC0837,SC0837,1,11,18,66.0
1810,Nebraska2025,SC1119,SC1119,1,12,18,55.0
1811,Nebraska2025,PI534015,PI534015,1,13,18,62.0
1812,Nebraska2025,PI564163,PI564163,1,14,18,61.0
1813,Nebraska2025,PI533860,PI533860,1,15,18,66.0
1814,Nebraska2025,PI533910,PI533910,1,16,18,67.0
1815,Nebraska2025,PI534013,PI534013,1,17,18,62.0
1816,Nebraska2025,PI656041,PI656041,1,18,18,66.0
1817,Nebraska2025,PI655990,PI655990,1,19,18,56.0
1818,Nebraska2025,PI533933,PI533933,1,20,18,66.0
1819,Nebraska2025,PI533997,PI533997,1,21,18,55.0
1820,Nebraska2025,PI534018,PI534018,1,22,18,62.0
1821,Nebraska2025,PI533770,PI533770,1,23,18,53.0
1822,Nebraska2025,PI533827,PI533827,1,24,18,66.0
1823,Nebraska2025,SC0314,SC0314,1,25,18,62.0
1824,Nebraska2025,PI533812,PI533812,1,26,18,66.0
1825,Nebraska2025,PI656068,PI656068,1,27,18,68.0
1826,Nebraska2025,PI533858,PI533858,1,28,18,68.0
1827,Nebraska2025,PI564163,PI564163,1,29,18,59.0
1828,Nebraska2025,PI601816,PI601816,1,30,18,71.0
1829,Nebraska2025,PI656055,PI656055,1,31,18,66.0
1830,Nebraska2025,PI533925,PI533925,1,32,18,71.0
1831,Nebraska2025,PI655972,PI655972,1,33,18,66.0
1832,Nebraska2025,PI533840,PI533840,1,34,18,55.0
1833,Nebraska2025,PI533836,PI533836,1,35,18,66.0
1834,Nebraska2025,PI534124,PI534124,1,36,18,70.0
1835,Nebraska2025,PI534059,PI534059,1,37,18,55.0
1836,Nebraska2025,PI533918,PI533918,1,38,18,59.0
1837,Nebraska2025,PI533960,PI533960,1,39,18,60.0
1838,Nebraska2025,SC0602,SC0602,1,40,18,68.0
1839,Nebraska2025,PI534085,PI534085,1,41,18,50.0
1840,Nebraska2025,SC0615,SC0615,1,42,18,50.0
1841,Nebraska2025,SC0753,SC0753,1,43,18,55.0
1842,Nebraska2025,PI576328,PI576328,1,44,18,60.0
1843,Nebraska2025,PI585291,PI585291,1,45,18,70.0
1844,Nebraska2025,PI564164,PI564164,1,46,18,69.0
1845,Nebraska2025,PI597944,PI597944,1,47,18,69.0
1846,Nebraska2025,PI576347,PI576347,1,48,18,48.0
1847,Nebraska2025,PI597950,PI597950,1,49,18,67.0
1848,Nebraska2025,PI153852,PI153852,1,50,18,64.0
1849,Nebraska2025,PI534097,PI534097,1,51,18,64.0
1850,Nebraska2025,PI651496,PI651496,1,52,18,73.0
1851,Nebraska2025,PI576341,PI576341,1,52,19,51.0
1852,Nebraska2025,PI655988,PI655988,1,51,19,60.0
1853,Nebraska2025,PI552856,PI552856,1,50,19,59.0
1854,Nebraska2025,PI656079,PI656079,1,49,19,58.0
1855,Nebraska2025,PI564163,PI564163,1,48,19,58.0
1856,Nebraska2025,PI564163,PI564163,1,47,19,60.0
1857,Nebraska2025,PI656027,PI656027,1,46,19,63.0
1858,Nebraska2025,PI595746,PI595746,1,45,19,69.0
1859,Nebraska2025,PI656029,PI656029,1,44,19,66.0
1860,Nebraska2025,PI576422,PI576422,1,43,19,62.0
1861,Nebraska2025,PI533838,PI533838,1,42,19,48.0
1862,Nebraska2025,PI564163,PI564163,1,41,19,59.0
1863,Nebraska2025,PI533764,PI533764,1,40,19,64.0
1864,Nebraska2025,SC1082,SC1082,1,39,19,49.0
1865,Nebraska2025,PI576405,PI576405,1,38,19,69.0
1866,Nebraska2025,PI576420,PI576420,1,37,19,50.0
1867,Nebraska2025,PI576407,PI576407,1,36,19,60.0
1868,Nebraska2025,PI595747,PI595747,1,35,19,58.0
1869,Nebraska2025,PI533927,PI533927,1,34,19,70.0
1870,Nebraska2025,PI595726,PI595726,1,33,19,62.0
1871,Nebraska2025,SC0236,SC0236,1,32,19,66.0
1872,Nebraska2025,PI533957,PI533957,1,31,19,62.0
1873,Nebraska2025,PI534046,PI534046,1,30,19,52.0
1874,Nebraska2025,PI533889,PI533889,1,29,19,59.0
1875,Nebraska2025,PI595742,PI595742,1,28,19,66.0
1876,Nebraska2025,PI533900,PI533900,1,27,19,55.0
1877,Nebraska2025,SC0823,SC0823,1,26,19,66.0
1878,Nebraska2025,SC1216,SC1216,1,25,19,69.0
1879,Nebraska2025,PI565121,PI565121,1,24,19,57.0
1880,Nebraska2025,PI534072,PI534072,1,23,19,58.0
1881,Nebraska2025,PI566819,PI566819,1,22,19,71.0
1882,Nebraska2025,PI656069,PI656069,1,21,19,72.0
1883,Nebraska2025,PI576432,PI576432,1,20,19,49.0
1884,Nebraska2025,PI564163,PI564163,1,19,19,58.0
1885,Nebraska2025,PI533895,PI533895,1,18,19,56.0
1886,Nebraska2025,PI656030,PI656030,1,17,19,45.0
1887,Nebraska2025,SC0505,SC0505,1,16,19,69.0
1888,Nebraska2025,SC0878,SC0878,1,15,19,62.0
1889,Nebraska2025,PI534075,PI534075,1,14,19,52.0
1890,Nebraska2025,PI533863,PI533863,1,13,19,61.0
1891,Nebraska2025,PI655973,PI655973,1,12,19,69.0
1892,Nebraska2025,PI576358,PI576358,1,11,19,69.0
1893,Nebraska2025,PI595713,PI595713,1,10,19,64.0
1894,Nebraska2025,PI656000,PI656000,1,9,19,63.0
1896,Nebraska2025,PI534091,PI534091,1,7,19,50.0
1897,Nebraska2025,SC0858,SC0858,1,6,19,63.0
1898,Nebraska2025,PI533937,PI533937,1,5,19,54.0
1899,Nebraska2025,PI564163,PI564163,1,54,19,60.0
1900,Nebraska2025,PI533944,PI533944,1,53,19,57.0
1901,Nebraska2025,PI534109,PI534109,1,53,20,58.0
1902,Nebraska2025,PI576408,PI576408,1,54,20,59.0
1903,Nebraska2025,PI576403,PI576403,1,5,20,66.0
1904,Nebraska2025,PI152651,PI152651,1,6,20,47.0
1905,Nebraska2025,PI564163,PI564163,1,7,20,63.0
1906,Nebraska2025,PI533881,PI533881,1,8,20,55.0
1907,Nebraska2025,PI533921,PI533921,1,9,20,59.0
1908,Nebraska2025,PI655994,PI655994,1,10,20,57.0
1909,Nebraska2025,PI533923,PI533923,1,11,20,52.0
1910,Nebraska2025,PI576382,PI576382,1,12,20,50.0
1911,Nebraska2025,PI656007,PI656007,1,13,20,67.0
1912,Nebraska2025,PI641836,PI641836,1,14,20,58.0
1913,Nebraska2025,PI595722,PI595722,1,15,20,64.0
1914,Nebraska2025,PI576342,PI576342,1,16,20,52.0
1915,Nebraska2025,SC0448,SC0448,1,17,20,72.0
1916,Nebraska2025,PI533989,PI533989,1,18,20,63.0
1917,Nebraska2025,PI533898,PI533898,1,19,20,47.0
1918,Nebraska2025,PI595730,PI595730,1,20,20,63.0
1919,Nebraska2025,PI595737,PI595737,1,21,20,57.0
1920,Nebraska2025,PI534047,PI534047,1,22,20,49.0
1921,Nebraska2025,PI533884,PI533884,1,23,20,58.0
1922,Nebraska2025,PI564163,PI564163,1,24,20,62.0
1923,Nebraska2025,PI533919,PI533919,1,25,20,67.0
1924,Nebraska2025,PI656032,PI656032,1,26,20,80.0
1925,Nebraska2025,PI534105,PI534105,1,27,20,58.0
1926,Nebraska2025,PI533761,PI533761,1,28,20,69.0
1927,Nebraska2025,PI576340,PI576340,1,29,20,62.0
1928,Nebraska2025,SC1021,SC1021,1,30,20,69.0
1929,Nebraska2025,PI534058,PI534058,1,31,20,50.0
1930,Nebraska2025,PI595699,PI595699,1,32,20,70.0
1931,Nebraska2025,PI533973,PI533973,1,33,20,69.0
1932,Nebraska2025,SC0864,SC0864,1,34,20,52.0
1933,Nebraska2025,PI534051,PI534051,1,35,20,63.0
1934,Nebraska2025,PI595706,PI595706,1,36,20,57.0
1935,Nebraska2025,PI533955,PI533955,1,37,20,55.0
1936,Nebraska2025,PI576348,PI576348,1,38,20,56.0
1937,Nebraska2025,PI597970,PI597970,1,39,20,56.0
1938,Nebraska2025,SC0400,SC0400,1,40,20,49.0
1939,Nebraska2025,PI534025,PI534025,1,41,20,69.0
1940,Nebraska2025,PI576357,PI576357,1,42,20,60.0
1941,Nebraska2025,PI533797,PI533797,1,43,20,69.0
1942,Nebraska2025,PI533783,PI533783,1,44,20,49.0
1943,Nebraska2025,PI655984,PI655984,1,45,20,59.0
1944,Nebraska2025,PI576334,PI576334,1,46,20,52.0
1945,Nebraska2025,PI597963,PI597963,1,47,20,69.0
1946,Nebraska2025,PI585295,PI585295,1,48,20,64.0
1947,Nebraska2025,PI533990,PI533990,1,49,20,52.0
1948,Nebraska2025,PI533952,PI533952,1,50,20,63.0
1949,Nebraska2025,PI534045,PI534045,1,51,20,53.0
1950,Nebraska2025,PI533752,PI533752,1,52,20,61.0
1951,Nebraska2025,PI533821,PI533821,1,52,21,61.0
1952,Nebraska2025,PI564163,PI564163,1,51,21,58.0
1953,Nebraska2025,PI576377,PI576377,1,50,21,55.0
1954,Nebraska2025,PI576343,PI576343,1,49,21,55.0
1956,Nebraska2025,PI534043,PI534043,1,47,21,63.0
1957,Nebraska2025,PI564163,PI564163,1,46,21,61.0
1958,Nebraska2025,PI595738,PI595738,1,45,21,61.0
1959,Nebraska2025,PI533754,PI533754,1,44,21,54.0
1960,Nebraska2025,PI534000,PI534000,1,43,21,55.0
1961,Nebraska2025,PI597960,PI597960,1,42,21,58.0
1962,Nebraska2025,PI533820,PI533820,1,41,21,71.0
1963,Nebraska2025,SC0266,SC0266,1,40,21,48.0
1964,Nebraska2025,PI564163,PI564163,1,39,21,59.0
1965,Nebraska2025,PI595716,PI595716,1,38,21,51.0
1966,Nebraska2025,PI656039,PI656039,1,37,21,65.0
1967,Nebraska2025,PI542406,PI542406,1,36,21,76.0
1968,Nebraska2025,PI533784,PI533784,1,35,21,51.0
1969,Nebraska2025,PI564163,PI564163,1,34,21,59.0
1970,Nebraska2025,PI534023,PI534023,1,33,21,70.0
1971,Nebraska2025,PI564163,PI564163,1,32,21,61.0
1972,Nebraska2025,PI576386,PI576386,1,31,21,62.0
1973,Nebraska2025,PI656099,PI656099,1,30,21,52.0
1974,Nebraska2025,PI576346,PI576346,1,29,21,49.0
1975,Nebraska2025,PI561472,PI561472,1,28,21,65.0
1976,Nebraska2025,PI534078,PI534078,1,27,21,50.0
1977,Nebraska2025,PI597951,PI597951,1,26,21,55.0
1978,Nebraska2025,PI656026,PI656026,1,25,21,64.0
1979,Nebraska2025,PI656062,PI656062,1,24,21,71.0
1980,Nebraska2025,PI655976,PI655976,1,23,21,55.0
1981,Nebraska2025,PI629034,PI629034,1,22,21,61.0
1982,Nebraska2025,PI564163,PI564163,1,21,21,59.0
1983,Nebraska2025,SC1107,SC1107,1,20,21,55.0
1984,Nebraska2025,PI655979,PI655979,1,19,21,54.0
1985,Nebraska2025,PI534007,PI534007,1,18,21,53.0
1986,Nebraska2025,SC1023,SC1023,1,17,21,58.0
1987,Nebraska2025,PI595701,PI595701,1,16,21,58.0
1988,Nebraska2025,PI564163,PI564163,1,15,21,62.0
1989,Nebraska2025,PI534019,PI534019,1,14,21,69.0
1990,Nebraska2025,PI576429,PI576429,1,13,21,53.0
1991,Nebraska2025,PI564163,PI564163,1,12,21,62.0
1992,Nebraska2025,PI656016,PI656016,1,11,21,55.0
1993,Nebraska2025,PI533771,PI533771,1,10,21,56.0
1994,Nebraska2025,PI534156,PI534156,1,9,21,70.0
1995,Nebraska2025,PI533946,PI533946,1,8,21,69.0
1996,Nebraska2025,PI533799,PI533799,1,7,21,68.0
1997,Nebraska2025,PI597957,PI597957,1,6,21,58.0
1998,Nebraska2025,SC1114,SC1114,1,5,21,55.0
1999,Nebraska2025,PI576391,PI576391,1,54,21,63.0
2001,Nebraska2025,PI576411,PI576411,2,55,2,66.0
2002,Nebraska2025,PI655987,PI655987,2,56,2,58.0
2003,Nebraska2025,PI533938,PI533938,2,57,2,62.0
2004,Nebraska2025,PI564163,PI564163,2,58,2,61.0
2005,Nebraska2025,PI533825,PI533825,2,59,2,61.0
2006,Nebraska2025,SC1107,SC1107,2,60,2,56.0
2007,Nebraska2025,PI533895,PI533895,2,61,2,51.0
2008,Nebraska2025,PI576340,PI576340,2,62,2,65.0
2009,Nebraska2025,PI533757,PI533757,2,63,2,68.0
2010,Nebraska2025,PI533810,PI533810,2,64,2,68.0
2011,Nebraska2025,PI656083,PI656083,2,65,2,64.0
2012,Nebraska2025,PI533861,PI533861,2,66,2,66.0
2013,Nebraska2025,SC0470,SC0470,2,67,2,69.0
2014,Nebraska2025,PI576392,PI576392,2,68,2,63.0
2015,Nebraska2025,PI564163,PI564163,2,69,2,62.0
2016,Nebraska2025,PI595711,PI595711,2,70,2,68.0
2017,Nebraska2025,PI533889,PI533889,2,71,2,56.0
2018,Nebraska2025,PI534062,PI534062,2,72,2,68.0
2019,Nebraska2025,PI641874,PI641874,2,73,2,66.0
2020,Nebraska2025,PI576424,PI576424,2,74,2,71.0
2021,Nebraska2025,PI656095,PI656095,2,75,2,56.0
2022,Nebraska2025,SC0159,SC0159,2,76,2,65.0
2023,Nebraska2025,SC0640,SC0640,2,77,2,58.0
2024,Nebraska2025,SC0652,SC0652,2,78,2,56.0
2025,Nebraska2025,PI655976,PI655976,2,79,2,63.0
2026,Nebraska2025,PI534105,PI534105,2,80,2,62.0
2027,Nebraska2025,PI534097,PI534097,2,81,2,63.0
2028,Nebraska2025,SC1446,SC1446,2,82,2,52.0
2029,Nebraska2025,PI533777,PI533777,2,83,2,53.0
2031,Nebraska2025,PI533877,PI533877,2,85,2,58.0
2032,Nebraska2025,PI564163,PI564163,2,86,2,61.0
2033,Nebraska2025,SC1170,SC1170,2,87,2,56.0
2034,Nebraska2025,PI534124,PI534124,2,88,2,69.0
2035,Nebraska2025,PI597961,PI597961,2,89,2,66.0
2036,Nebraska2025,PI655980,PI655980,2,90,2,67.0
2037,Nebraska2025,PI533920,PI533920,2,91,2,68.0
2038,Nebraska2025,PI533848,PI533848,2,92,2,58.0
2039,Nebraska2025,PI534107,PI534107,2,93,2,69.0
2040,Nebraska2025,PI533958,PI533958,2,94,2,73.0
2041,Nebraska2025,PI533751,PI533751,2,95,2,66.0
2042,Nebraska2025,PI534110,PI534110,2,96,2,62.0
2043,Nebraska2025,SC0860,SC0860,2,97,2,57.0
2044,Nebraska2025,SC0456,SC0456,2,98,2,63.0
2045,Nebraska2025,PI576428,PI576428,2,99,2,67.0
2046,Nebraska2025,PI576383,PI576383,2,100,2,51.0
2047,Nebraska2025,PI576417,PI576417,2,101,2,63.0
2048,Nebraska2025,PI576364,PI576364,2,102,2,63.0
2049,Nebraska2025,PI656060,PI656060,2,103,2,69.0
2050,Nebraska2025,PI564163,PI564163,2,104,2,60.0
2051,Nebraska2025,PI533763,PI533763,2,104,3,49.0
2052,Nebraska2025,PI534164,PI534164,2,103,3,58.0
2053,Nebraska2025,PI576419,PI576419,2,102,3,56.0
2054,Nebraska2025,PI534046,PI534046,2,101,3,55.0
2055,Nebraska2025,PI534038,PI534038,2,100,3,66.0
2056,Nebraska2025,PI533903,PI533903,2,99,3,59.0
2057,Nebraska2025,PI533814,PI533814,2,98,3,69.0
2058,Nebraska2025,PI533904,PI533904,2,97,3,67.0
2059,Nebraska2025,PI595732,PI595732,2,96,3,69.0
2060,Nebraska2025,PI534167,PI534167,2,95,3,66.0
2061,Nebraska2025,PI534037,PI534037,2,94,3,63.0
2062,Nebraska2025,PI564163,PI564163,2,93,3,63.0
2063,Nebraska2025,PI534150,PI534150,2,92,3,67.0
2064,Nebraska2025,PI533841,PI533841,2,91,3,69.0
2065,Nebraska2025,PI534055,PI534055,2,90,3,58.0
2066,Nebraska2025,PI595737,PI595737,2,89,3,61.0
2067,Nebraska2025,PI595704,PI595704,2,88,3,62.0
2068,Nebraska2025,PI659695,PI659695,2,87,3,58.0
2069,Nebraska2025,SC0893,SC0893,2,86,3,63.0
2070,Nebraska2025,PI656051,PI656051,2,85,3,67.0
2071,Nebraska2025,PI533876,PI533876,2,84,3,44.0
2072,Nebraska2025,PI533884,PI533884,2,83,3,57.0
2073,Nebraska2025,PI576391,PI576391,2,82,3,65.0
2074,Nebraska2025,PI533817,PI533817,2,81,3,58.0
2075,Nebraska2025,PI655984,PI655984,2,80,3,58.0
2076,Nebraska2025,PI564163,PI564163,2,79,3,61.0
2077,Nebraska2025,PI534153,PI534153,2,78,3,55.0
2078,Nebraska2025,PI533900,PI533900,2,77,3,54.0
2079,Nebraska2025,PI533915,PI533915,2,76,3,59.0
2080,Nebraska2025,PI597953,PI597953,2,75,3,48.0
2081,Nebraska2025,PI533783,PI533783,2,74,3,55.0
2082,Nebraska2025,PI534158,PI534158,2,73,3,64.0
2083,Nebraska2025,SC0157,SC0157,2,72,3,66.0
2084,Nebraska2025,PI534022,PI534022,2,71,3,64.0
2085,Nebraska2025,PI534048,PI534048,2,70,3,64.0
2086,Nebraska2025,SC0297,SC0297,2,69,3,49.0
2087,Nebraska2025,PI534143,PI534143,2,68,3,63.0
2088,Nebraska2025,PI534071,PI534071,2,67,3,56.0
2089,Nebraska2025,PI533789,PI533789,2,66,3,69.0
2090,Nebraska2025,PI534009,PI534009,2,65,3,69.0
2091,Nebraska2025,PI534003,PI534003,2,64,3,68.0
2092,Nebraska2025,SC0753,SC0753,2,63,3,55.0
2093,Nebraska2025,PI533888,PI533888,2,62,3,58.0
2094,Nebraska2025,PI656099,PI656099,2,61,3,49.0
2095,Nebraska2025,PI597945,PI597945,2,60,3,52.0
2096,Nebraska2025,PI533767,PI533767,2,59,3,53.0
2097,Nebraska2025,PI533893,PI533893,2,58,3,64.0
2098,Nebraska2025,PI656075,PI656075,2,57,3,68.0
2099,Nebraska2025,PI656039,PI656039,2,56,3,64.0
2100,Nebraska2025,PI534033,PI534033,2,55,3,64.0
2101,Nebraska2025,SC0814,SC0814,2,55,4,61.0
2102,Nebraska2025,PI533899,PI533899,2,56,4,50.0
2104,Nebraska2025,PI613610,PI613610,2,58,4,58.0
2106,Nebraska2025,PI601554,PI601554,2,60,4,73.0
2107,Nebraska2025,PI533910,PI533910,2,61,4,52.0
2108,Nebraska2025,PI564163,PI564163,2,62,4,58.0
2109,Nebraska2025,PI534108,PI534108,2,63,4,61.0
2110,Nebraska2025,PI548797,PI548797,2,64,4,64.0
2111,Nebraska2025,PI542406,PI542406,2,65,4,73.0
2112,Nebraska2025,PI533831,PI533831,2,66,4,59.0
2113,Nebraska2025,PI576395,PI576395,2,67,4,52.0
2114,Nebraska2025,PI533804,PI533804,2,68,4,44.0
2115,Nebraska2025,PI656035,PI656035,2,69,4,57.0
2116,Nebraska2025,PI564163,PI564163,2,70,4,61.0
2117,Nebraska2025,PI533846,PI533846,2,71,4,62.0
2118,Nebraska2025,SC0858,SC0858,2,72,4,55.0
2119,Nebraska2025,PI534004,PI534004,2,73,4,62.0
2120,Nebraska2025,PI533944,PI533944,2,74,4,67.0
2121,Nebraska2025,PI533832,PI533832,2,75,4,61.0
2122,Nebraska2025,PI534064,PI534064,2,76,4,48.0
2123,Nebraska2025,PI597963,PI597963,2,77,4,68.0
2124,Nebraska2025,PI533833,PI533833,2,78,4,62.0
2125,Nebraska2025,PI656003,PI656003,2,79,4,68.0
2126,Nebraska2025,PI24969,PI24969,2,80,4,69.0
2127,Nebraska2025,PI534144,PI534144,2,81,4,66.0
2128,Nebraska2025,PI595709,PI595709,2,82,4,56.0
2129,Nebraska2025,PI564163,PI564163,2,83,4,60.0
2130,Nebraska2025,PI656015,PI656015,2,84,4,62.0
2131,Nebraska2025,PI533979,PI533979,2,85,4,59.0
2132,Nebraska2025,PI534018,PI534018,2,86,4,58.0
2133,Nebraska2025,PI576333,PI576333,2,87,4,62.0
2134,Nebraska2025,PI534041,PI534041,2,88,4,66.0
2135,Nebraska2025,PI655992,PI655992,2,89,4,62.0
2136,Nebraska2025,PI533891,PI533891,2,90,4,56.0
2137,Nebraska2025,PI656022,PI656022,2,91,4,63.0
2138,Nebraska2025,PI534163,PI534163,2,92,4,66.0
2139,Nebraska2025,PI656087,PI656087,2,93,4,69.0
2140,Nebraska2025,PI534088,PI534088,2,94,4,66.0
2141,Nebraska2025,PI576332,PI576332,2,95,4,59.0
2142,Nebraska2025,PI564163,PI564163,2,96,4,67.0
2143,Nebraska2025,PI576376,PI576376,2,97,4,63.0
2144,Nebraska2025,PI533902,PI533902,2,98,4,68.0
2145,Nebraska2025,PI656014,PI656014,2,99,4,60.0
2146,Nebraska2025,SC0201,SC0201,2,100,4,69.0
2147,Nebraska2025,PI533941,PI533941,2,101,4,58.0
2148,Nebraska2025,PI576348,PI576348,2,102,4,62.0
2149,Nebraska2025,PI533835,PI533835,2,103,4,63.0
2150,Nebraska2025,PI533801,PI533801,2,104,4,63.0
2151,Nebraska2025,PI533935,PI533935,2,104,5,57.0
2152,Nebraska2025,PI564163,PI564163,2,103,5,61.0
2153,Nebraska2025,PI534013,PI534013,2,102,5,69.0
2154,Nebraska2025,PI534086,PI534086,2,101,5,67.0
2156,Nebraska2025,PI533778,PI533778,2,99,5,57.0
2157,Nebraska2025,PI659692,PI659692,2,98,5,67.0
2158,Nebraska2025,PI534103,PI534103,2,97,5,56.0
2159,Nebraska2025,PI533770,PI533770,2,96,5,54.0
2160,Nebraska2025,PI597976,PI597976,2,95,5,62.0
2161,Nebraska2025,SC0371,SC0371,2,94,5,63.0
2162,Nebraska2025,PI552861,PI552861,2,93,5,67.0
2163,Nebraska2025,PI576431,PI576431,2,92,5,59.0
2164,Nebraska2025,PI576130,PI576130,2,91,5,82.0
2165,Nebraska2025,PI564163,PI564163,2,90,5,60.0
2166,Nebraska2025,PI597966,PI597966,2,89,5,56.0
2167,Nebraska2025,PI564163,PI564163,2,88,5,56.0
2168,Nebraska2025,PI595741,PI595741,2,87,5,55.0
2169,Nebraska2025,PI534111,PI534111,2,86,5,56.0
2170,Nebraska2025,PI656094,PI656094,2,85,5,63.0
2171,Nebraska2025,PI153846,PI153846,2,84,5,66.0
2172,Nebraska2025,PI534146,PI534146,2,83,5,69.0
2173,Nebraska2025,PI534053,PI534053,2,82,5,64.0
2174,Nebraska2025,PI595745,PI595745,2,81,5,56.0
2175,Nebraska2025,PI534060,PI534060,2,80,5,48.0
2176,Nebraska2025,PI595743,PI595743,2,79,5,69.0
2177,Nebraska2025,PI659691,PI659691,2,78,5,70.0
2178,Nebraska2025,PI656118,PI656118,2,77,5,67.0
2179,Nebraska2025,PI533919,PI533919,2,76,5,65.0
2180,Nebraska2025,PI576371,PI576371,2,75,5,61.0
2181,Nebraska2025,PI533840,PI533840,2,74,5,50.0
2182,Nebraska2025,SC0505,SC0505,2,73,5,67.0
2183,Nebraska2025,PI656038,PI656038,2,72,5,73.0
2184,Nebraska2025,PI595726,PI595726,2,71,5,58.0
2185,Nebraska2025,PI533760,PI533760,2,70,5,59.0
2186,Nebraska2025,PI533794,PI533794,2,69,5,62.0
2187,Nebraska2025,PI564163,PI564163,2,68,5,63.0
2188,Nebraska2025,SC0777,SC0777,2,67,5,64.0
2190,Nebraska2025,PI534127,PI534127,2,65,5,68.0
2191,Nebraska2025,PI533974,PI533974,2,64,5,66.0
2192,Nebraska2025,PI656084,PI656084,2,63,5,62.0
2193,Nebraska2025,PI597962,PI597962,2,62,5,69.0
2194,Nebraska2025,PI533953,PI533953,2,61,5,52.0
2195,Nebraska2025,PI595712,PI595712,2,60,5,51.0
2196,Nebraska2025,PI534077,PI534077,2,59,5,56.0
2197,Nebraska2025,PI595713,PI595713,2,58,5,68.0
2198,Nebraska2025,PI534074,PI534074,2,57,5,58.0
2199,Nebraska2025,PI542718,PI542718,2,56,5,52.0
2200,Nebraska2025,PI534135,PI534135,2,55,5,71.0
2201,Nebraska2025,PI595733,PI595733,2,55,6,58.0
2202,Nebraska2025,PI576380,PI576380,2,56,6,59.0
2203,Nebraska2025,SC0604,SC0604,2,57,6,50.0
2204,Nebraska2025,PI656031,PI656031,2,58,6,61.0
2205,Nebraska2025,PI576385,PI576385,2,59,6,55.0
2206,Nebraska2025,PI656048,PI656048,2,60,6,63.0
2207,Nebraska2025,PI533766,PI533766,2,61,6,49.0
2208,Nebraska2025,PI656109,PI656109,2,62,6,44.0
2209,Nebraska2025,PI642992,PI642992,2,63,6,45.0
2210,Nebraska2025,SC0837,SC0837,2,64,6,66.0
2211,Nebraska2025,PI595736,PI595736,2,65,6,54.0
2212,Nebraska2025,SC0235,SC0235,2,66,6,67.0
2213,Nebraska2025,PI534019,PI534019,2,67,6,66.0
2214,Nebraska2025,SC0615,SC0615,2,68,6,50.0
2215,Nebraska2025,PI534069,PI534069,2,69,6,56.0
2216,Nebraska2025,PI564163,PI564163,2,70,6,58.0
2217,Nebraska2025,PI533843,PI533843,2,71,6,58.0
2218,Nebraska2025,SC0581,SC0581,2,72,6,71.0
2219,Nebraska2025,PI561072,PI561072,2,73,6,54.0
2220,Nebraska2025,PI597951,PI597951,2,74,6,51.0
2221,Nebraska2025,PI651492,PI651492,2,75,6,66.0
2222,Nebraska2025,PI534123,PI534123,2,76,6,69.0
2223,Nebraska2025,PI576360,PI576360,2,77,6,67.0
2224,Nebraska2025,SC0190,SC0190,2,78,6,58.0
2225,Nebraska2025,PI564163,PI564163,2,79,6,58.0
2226,Nebraska2025,PI533954,PI533954,2,80,6,55.0
2227,Nebraska2025,SC0178,SC0178,2,81,6,66.0
2228,Nebraska2025,PI655978,PI655978,2,82,6,59.0
2229,Nebraska2025,PI534016,PI534016,2,83,6,69.0
2230,Nebraska2025,PI564163,PI564163,2,84,6,62.0
2231,Nebraska2025,PI533775,PI533775,2,85,6,52.0
2232,Nebraska2025,PI597973,PI597973,2,86,6,65.0
2233,Nebraska2025,PI533939,PI533939,2,87,6,50.0
2234,Nebraska2025,SC0616,SC0616,2,88,6,57.0
2235,Nebraska2025,PI576433,PI576433,2,89,6,63.0
2236,Nebraska2025,SC1178,SC1178,2,90,6,49.0
2237,Nebraska2025,PI534008,PI534008,2,91,6,66.0
2238,Nebraska2025,PI533951,PI533951,2,92,6,53.0
2239,Nebraska2025,PI533934,PI533934,2,93,6,69.0
2240,Nebraska2025,PI576398,PI576398,2,94,6,67.0
2241,Nebraska2025,SC0179,SC0179,2,95,6,63.0
2242,Nebraska2025,PI656081,PI656081,2,96,6,49.0
2243,Nebraska2025,PI534129,PI534129,2,97,6,73.0
2244,Nebraska2025,PI533994,PI533994,2,98,6,66.0
2245,Nebraska2025,PI533897,PI533897,2,99,6,53.0
2246,Nebraska2025,PI533916,PI533916,2,100,6,64.0
2247,Nebraska2025,PI534140,PI534140,2,101,6,64.0
2248,Nebraska2025,SC0868,SC0868,2,102,6,55.0
2249,Nebraska2025,PI534114,PI534114,2,103,6,65.0
2250,Nebraska2025,PI534109,PI534109,2,104,6,62.0
2251,Nebraska2025,PI533793,PI533793,2,104,7,69.0
2252,Nebraska2025,PI585295,PI585295,2,103,7,66.0
2254,Nebraska2025,PI533890,PI533890,2,101,7,44.0
2256,Nebraska2025,PI533772,PI533772,2,99,7,54.0
2257,Nebraska2025,PI595740,PI595740,2,98,7,69.0
2258,Nebraska2025,PI533901,PI533901,2,97,7,59.0
2259,Nebraska2025,PI564163,PI564163,2,96,7,64.0
2260,Nebraska2025,PI534134,PI534134,2,95,7,67.0
2261,Nebraska2025,PI534161,PI534161,2,94,7,71.0
2262,Nebraska2025,PI533798,PI533798,2,93,7,54.0
2263,Nebraska2025,PI534014,PI534014,2,92,7,66.0
2264,Nebraska2025,PI533882,PI533882,2,91,7,67.0
2265,Nebraska2025,PI576378,PI576378,2,90,7,58.0
2267,Nebraska2025,SC0636,SC0636,2,88,7,64.0
2268,Nebraska2025,PI576342,PI576342,2,87,7,50.0
2269,Nebraska2025,PI533860,PI533860,2,86,7,56.0
2270,Nebraska2025,PI655989,PI655989,2,85,7,59.0
2271,Nebraska2025,PI533926,PI533926,2,84,7,49.0
2272,Nebraska2025,PI533898,PI533898,2,83,7,49.0
2273,Nebraska2025,PI613536,PI613536,2,82,7,58.0
2274,Nebraska2025,PI656108,PI656108,2,81,7,51.0
2275,Nebraska2025,PI656104,PI656104,2,80,7,59.0
2276,Nebraska2025,PI656050,PI656050,2,79,7,57.0
2277,Nebraska2025,PI597947,PI597947,2,78,7,51.0
2278,Nebraska2025,SC0834,SC0834,2,77,7,63.0
2279,Nebraska2025,PI533784,PI533784,2,76,7,53.0
2280,Nebraska2025,PI533883,PI533883,2,75,7,59.0
2281,Nebraska2025,SC0923,SC0923,2,74,7,67.0
2282,Nebraska2025,PI597943,PI597943,2,73,7,63.0
2283,Nebraska2025,PI597954,PI597954,2,72,7,58.0
2284,Nebraska2025,PI576353,PI576353,2,71,7,67.0
2285,Nebraska2025,PI595747,PI595747,2,70,7,55.0
2286,Nebraska2025,PI629040,PI629040,2,69,7,64.0
2287,Nebraska2025,PI533922,PI533922,2,68,7,68.0
2288,Nebraska2025,PI534099,PI534099,2,67,7,64.0
2289,Nebraska2025,PI576410,PI576410,2,66,7,62.0
2291,Nebraska2025,PI533824,PI533824,2,64,7,69.0
2292,Nebraska2025,PI533947,PI533947,2,63,7,69.0
2293,Nebraska2025,PI564163,PI564163,2,62,7,58.0
2294,Nebraska2025,PI533845,PI533845,2,61,7,63.0
2295,Nebraska2025,PI35038,PI35038,2,60,7,68.0
2296,Nebraska2025,PI576373,PI576373,2,59,7,62.0
2297,Nebraska2025,PI576370,PI576370,2,58,7,63.0
2298,Nebraska2025,SC0517,SC0517,2,57,7,51.0
2299,Nebraska2025,PI564163,PI564163,2,56,7,58.0
2300,Nebraska2025,PI533973,PI533973,2,55,7,60.0
2301,Nebraska2025,PI656103,PI656103,2,55,8,58.0
2302,Nebraska2025,PI595742,PI595742,2,56,8,69.0
2303,Nebraska2025,PI659694,PI659694,2,57,8,64.0
2304,Nebraska2025,PI534160,PI534160,2,58,8,55.0
2305,Nebraska2025,PI533981,PI533981,2,59,8,58.0
2306,Nebraska2025,SC0747,SC0747,2,60,8,53.0
2307,Nebraska2025,PI534021,PI534021,2,61,8,69.0
2308,Nebraska2025,PI595730,PI595730,2,62,8,64.0
2309,Nebraska2025,PI533937,PI533937,2,63,8,57.0
2310,Nebraska2025,PI576420,PI576420,2,64,8,54.0
2311,Nebraska2025,PI656114,PI656114,2,65,8,62.0
2312,Nebraska2025,PI533787,PI533787,2,66,8,52.0
2313,Nebraska2025,PI576346,PI576346,2,67,8,48.0
2314,Nebraska2025,PI656009,PI656009,2,68,8,67.0
2315,Nebraska2025,PI576437,PI576437,2,69,8,64.0
2316,Nebraska2025,PI534000,PI534000,2,70,8,58.0
2317,Nebraska2025,PI534065,PI534065,2,71,8,58.0
2318,Nebraska2025,SC0602,SC0602,2,72,8,56.0
2319,Nebraska2025,PI564163,PI564163,2,73,8,61.0
2320,Nebraska2025,PI656089,PI656089,2,74,8,56.0
2321,Nebraska2025,PI656115,PI656115,2,75,8,62.0
2322,Nebraska2025,PI552856,PI552856,2,76,8,59.0
2323,Nebraska2025,SC0445,SC0445,2,77,8,67.0
2324,Nebraska2025,PI534081,PI534081,2,78,8,58.0
2325,Nebraska2025,PI564163,PI564163,2,79,8,59.0
2326,Nebraska2025,SC1133,SC1133,2,80,8,49.0
2327,Nebraska2025,PI656008,PI656008,2,81,8,66.0
2328,Nebraska2025,PI576397,PI576397,2,82,8,64.0
2329,Nebraska2025,PI533982,PI533982,2,83,8,69.0
2330,Nebraska2025,BTx399,BTx399,2,84,8,63.0
2331,Nebraska2025,PI576366,PI576366,2,85,8,59.0
2332,Nebraska2025,SC0759,SC0759,2,86,8,53.0
2333,Nebraska2025,PI655998,PI655998,2,87,8,63.0
2334,Nebraska2025,SC0412,SC0412,2,88,8,53.0
2335,Nebraska2025,PI595725,PI595725,2,89,8,50.0
2336,Nebraska2025,PI576335,PI576335,2,90,8,63.0
2337,Nebraska2025,PI564163,PI564163,2,91,8,58.0
2338,Nebraska2025,PI576404,PI576404,2,92,8,46.0
2339,Nebraska2025,PI597958,PI597958,2,93,8,58.0
2340,Nebraska2025,PI656110,PI656110,2,94,8,65.0
2341,Nebraska2025,PI656011,PI656011,2,95,8,69.0
2342,Nebraska2025,PI534052,PI534052,2,96,8,66.0
2343,Nebraska2025,SC0479,SC0479,2,97,8,67.0
2344,Nebraska2025,PI152651,PI152651,2,98,8,49.0
2345,Nebraska2025,PI533812,PI533812,2,99,8,65.0
2346,Nebraska2025,PI564163,PI564163,2,100,8,58.0
2347,Nebraska2025,PI656020,PI656020,2,101,8,61.0
2348,Nebraska2025,PI597952,PI597952,2,102,8,49.0
2349,Nebraska2025,PI534030,PI534030,2,103,8,64.0
2350,Nebraska2025,PI655985,PI655985,2,104,8,59.0
2351,Nebraska2025,PI609456,PI609456,2,104,9,73.0
2352,Nebraska2025,PI534130,PI534130,2,103,9,69.0
2353,Nebraska2025,PI595705,PI595705,2,102,9,51.0
2354,Nebraska2025,PI533956,PI533956,2,101,9,63.0
2356,Nebraska2025,PI576408,PI576408,2,99,9,63.0
2357,Nebraska2025,PI656068,PI656068,2,98,9,67.0
2358,Nebraska2025,PI655991,PI655991,2,97,9,67.0
2359,Nebraska2025,PI534078,PI534078,2,96,9,52.0
2360,Nebraska2025,PI656096,PI656096,2,95,9,53.0
2361,Nebraska2025,PI595720,PI595720,2,94,9,57.0
2362,Nebraska2025,PI533961,PI533961,2,93,9,58.0
2363,Nebraska2025,PI534119,PI534119,2,92,9,66.0
2364,Nebraska2025,PI533932,PI533932,2,91,9,64.0
2365,Nebraska2025,PI659693,PI659693,2,90,9,45.0
2366,Nebraska2025,SC0618,SC0618,2,89,9,67.0
2367,Nebraska2025,PI576434,PI576434,2,88,9,69.0
2368,Nebraska2025,PI533917,PI533917,2,87,9,58.0
2369,Nebraska2025,PI656120,PI656120,2,86,9,58.0
2370,Nebraska2025,PI564163,PI564163,2,85,9,59.0
2371,Nebraska2025,PI655990,PI655990,2,84,9,58.0
2372,Nebraska2025,PI533780,PI533780,2,83,9,63.0
2374,Nebraska2025,SC0854,SC0854,2,81,9,53.0
2375,Nebraska2025,PI597959,PI597959,2,80,9,49.0
2376,Nebraska2025,PI597978,PI597978,2,79,9,59.0
2377,Nebraska2025,PI533879,PI533879,2,78,9,56.0
2378,Nebraska2025,PI533795,PI533795,2,77,9,59.0
2379,Nebraska2025,PI533791,PI533791,2,76,9,49.0
2380,Nebraska2025,PI153844,PI153844,2,75,9,66.0
2381,Nebraska2025,PI533874,PI533874,2,74,9,63.0
2382,Nebraska2025,PI655995,PI655995,2,73,9,71.0
2383,Nebraska2025,PI533887,PI533887,2,72,9,51.0
2384,Nebraska2025,PI534162,PI534162,2,71,9,66.0
2385,Nebraska2025,PI597944,PI597944,2,70,9,64.0
2387,Nebraska2025,PI564164,PI564164,2,68,9,66.0
2388,Nebraska2025,PI641836,PI641836,2,67,9,69.0
2389,Nebraska2025,PI576406,PI576406,2,66,9,69.0
2390,Nebraska2025,PI564163,PI564163,2,65,9,58.0
2391,Nebraska2025,SC1442,SC1442,2,64,9,58.0
2392,Nebraska2025,PI564163,PI564163,2,63,9,59.0
2393,Nebraska2025,PI656112,PI656112,2,62,9,55.0
2394,Nebraska2025,PI533867,PI533867,2,61,9,56.0
2395,Nebraska2025,PI533815,PI533815,2,60,9,55.0
2396,Nebraska2025,PI576413,PI576413,2,59,9,54.0
2397,Nebraska2025,PI656037,PI656037,2,58,9,64.0
2398,Nebraska2025,PI533894,PI533894,2,57,9,52.0
2399,Nebraska2025,PI576352,PI576352,2,56,9,58.0
2400,Nebraska2025,PI533859,PI533859,2,55,9,67.0
2401,Nebraska2025,PI534116,PI534116,2,55,10,47.0
2402,Nebraska2025,PI564163,PI564163,2,56,10,58.0
2403,Nebraska2025,PI533948,PI533948,2,57,10,58.0
2404,Nebraska2025,SC0156,SC0156,2,58,10,69.0
2405,Nebraska2025,PI576382,PI576382,2,59,10,49.0
2406,Nebraska2025,PI534063,PI534063,2,60,10,63.0
2407,Nebraska2025,PI534015,PI534015,2,61,10,62.0
2408,Nebraska2025,PI574455,PI574455,2,62,10,69.0
2409,Nebraska2025,PI534020,PI534020,2,63,10,69.0
2410,Nebraska2025,PI656102,PI656102,2,64,10,63.0
2411,Nebraska2025,PI585291,PI585291,2,65,10,67.0
2412,Nebraska2025,PI576377,PI576377,2,66,10,59.0
2413,Nebraska2025,PI534102,PI534102,2,67,10,60.0
2414,Nebraska2025,PI656111,PI656111,2,68,10,64.0
2415,Nebraska2025,PI655996,PI655996,2,69,10,58.0
2416,Nebraska2025,PI533880,PI533880,2,70,10,67.0
2417,Nebraska2025,PI595701,PI595701,2,71,10,58.0
2418,Nebraska2025,PI533863,PI533863,2,72,10,62.0
2419,Nebraska2025,SC1097,SC1097,2,73,10,71.0
2421,Nebraska2025,SC0138,SC0138,2,75,10,68.0
2422,Nebraska2025,PI533808,PI533808,2,76,10,58.0
2423,Nebraska2025,PI534034,PI534034,2,77,10,58.0
2424,Nebraska2025,PI534151,PI534151,2,78,10,67.0
2425,Nebraska2025,PI595714,PI595714,2,79,10,55.0
2426,Nebraska2025,PI564163,PI564163,2,80,10,57.0
2427,Nebraska2025,PI576349,PI576349,2,81,10,57.0
2428,Nebraska2025,PI642791,PI642791,2,82,10,69.0
2429,Nebraska2025,PI656065,PI656065,2,83,10,57.0
2430,Nebraska2025,SC0003,SC0003,2,84,10,57.0
2431,Nebraska2025,PI656046,PI656046,2,85,10,61.0
2432,Nebraska2025,PI656004,PI656004,2,86,10,59.0
2433,Nebraska2025,PI595735,PI595735,2,87,10,58.0
2434,Nebraska2025,PI153852,PI153852,2,88,10,59.0
2435,Nebraska2025,PI641849,PI641849,2,89,10,48.0
2436,Nebraska2025,PI533911,PI533911,2,90,10,51.0
2437,Nebraska2025,PI656090,PI656090,2,91,10,53.0
2438,Nebraska2025,PI533966,PI533966,2,92,10,71.0
2439,Nebraska2025,PI534165,PI534165,2,93,10,59.0
2440,Nebraska2025,PI576421,PI576421,2,94,10,59.0
2441,Nebraska2025,PI533821,PI533821,2,95,10,57.0
2442,Nebraska2025,PI564163,PI564163,2,96,10,59.0
2443,Nebraska2025,PI533980,PI533980,2,97,10,69.0
2444,Nebraska2025,PI534084,PI534084,2,98,10,50.0
2445,Nebraska2025,PI534157,PI534157,2,99,10,69.0
2446,Nebraska2025,PI533925,PI533925,2,100,10,67.0
2447,Nebraska2025,PI576401,PI576401,2,101,10,69.0
2448,Nebraska2025,PI656041,PI656041,2,102,10,69.0
2449,Nebraska2025,SC1021,SC1021,2,103,10,62.0
2450,Nebraska2025,PI533957,PI533957,2,104,10,55.0
2451,Nebraska2025,PI576351,PI576351,2,104,11,49.0
2452,Nebraska2025,PI534089,PI534089,2,103,11,63.0
2453,Nebraska2025,PI607931,PI607931,2,102,11,64.0
2454,Nebraska2025,PI656105,PI656105,2,101,11,56.0
2455,Nebraska2025,PI534142,PI534142,2,100,11,55.0
2456,Nebraska2025,PI656019,PI656019,2,99,11,53.0
2457,Nebraska2025,PI597946,PI597946,2,98,11,55.0
2458,Nebraska2025,SC0542,SC0542,2,97,11,62.0
2459,Nebraska2025,PI533870,PI533870,2,96,11,49.0
2460,Nebraska2025,PI659753,PI659753,2,95,11,66.0
2461,Nebraska2025,PI533933,PI533933,2,94,11,67.0
2462,Nebraska2025,PI656071,PI656071,2,93,11,67.0
2463,Nebraska2025,PI534156,PI534156,2,92,11,66.0
2464,Nebraska2025,PI576343,PI576343,2,91,11,55.0
2465,Nebraska2025,PI656021,PI656021,2,90,11,41.0
2466,Nebraska2025,PI656076,PI656076,2,89,11,69.0
2467,Nebraska2025,PI533839,PI533839,2,88,11,61.0
2468,Nebraska2025,PI533844,PI533844,2,87,11,69.0
2469,Nebraska2025,PI576425,PI576425,2,86,11,64.0
2470,Nebraska2025,SC1024,SC1024,2,85,11,67.0
2471,Nebraska2025,PI534155,PI534155,2,84,11,66.0
2472,Nebraska2025,PI534149,PI534149,2,83,11,64.0
2473,Nebraska2025,PI576394,PI576394,2,82,11,57.0
2474,Nebraska2025,PI656026,PI656026,2,81,11,61.0
2475,Nebraska2025,PI534040,PI534040,2,80,11,55.0
2476,Nebraska2025,PI564163,PI564163,2,79,11,62.0
2477,Nebraska2025,PI656101,PI656101,2,78,11,48.0
2478,Nebraska2025,PI534148,PI534148,2,77,11,69.0
2479,Nebraska2025,SC0965,SC0965,2,76,11,50.0
2480,Nebraska2025,PI656023,PI656023,2,75,11,64.0
2481,Nebraska2025,PI576334,PI576334,2,74,11,51.0
2482,Nebraska2025,PI533802,PI533802,2,73,11,55.0
2483,Nebraska2025,PI656017,PI656017,2,72,11,85.0
2484,Nebraska2025,PI653617,PI653617,2,71,11,58.0
2485,Nebraska2025,PI629034,PI629034,2,70,11,64.0
2486,Nebraska2025,PI576386,PI576386,2,69,11,73.0
2487,Nebraska2025,PI576412,PI576412,2,68,11,71.0
2488,Nebraska2025,PI48770,PI48770,2,67,11,73.0
2489,Nebraska2025,PI534073,PI534073,2,66,11,52.0
2490,Nebraska2025,PI534152,PI534152,2,65,11,63.0
2491,Nebraska2025,SC0870,SC0870,2,64,11,69.0
2492,Nebraska2025,PI656072,PI656072,2,63,11,84.0
2493,Nebraska2025,SC0263,SC0263,2,62,11,65.0
2494,Nebraska2025,PI533905,PI533905,2,61,11,58.0
2495,Nebraska2025,PI656034,PI656034,2,60,11,69.0
2496,Nebraska2025,PI595706,PI595706,2,59,11,58.0
2497,Nebraska2025,PI533827,PI533827,2,58,11,59.0
2498,Nebraska2025,SC0550,SC0550,2,57,11,57.0
2499,Nebraska2025,PI576374,PI576374,2,56,11,70.0
2500,Nebraska2025,BTx643,BTx643,2,55,11,63.0
2501,Nebraska2025,PI576414,PI576414,2,55,12,57.0
2502,Nebraska2025,PI564163,PI564163,2,56,12,57.0
2503,Nebraska2025,PI533975,PI533975,2,57,12,52.0
2504,Nebraska2025,PI533813,PI533813,2,58,12,64.0
2505,Nebraska2025,PI656069,PI656069,2,59,12,71.0
2506,Nebraska2025,PI533776,PI533776,2,60,12,58.0
2507,Nebraska2025,PI534043,PI534043,2,61,12,59.0
2508,Nebraska2025,SC0436,SC0436,2,62,12,65.0
2509,Nebraska2025,SC0878,SC0878,2,63,12,56.0
2510,Nebraska2025,PI656106,PI656106,2,64,12,62.0
2511,Nebraska2025,PI533866,PI533866,2,65,12,50.0
2512,Nebraska2025,PI533754,PI533754,2,66,12,59.0
2513,Nebraska2025,PI576416,PI576416,2,67,12,49.0
2514,Nebraska2025,PI533823,PI533823,2,68,12,52.0
2515,Nebraska2025,PI564163,PI564163,2,69,12,55.0
2516,Nebraska2025,PI533855,PI533855,2,70,12,59.0
2517,Nebraska2025,PI533927,PI533927,2,71,12,66.0
2518,Nebraska2025,PI533836,PI533836,2,72,12,69.0
2519,Nebraska2025,PI595738,PI595738,2,73,12,63.0
2520,Nebraska2025,PI564163,PI564163,2,74,12,61.0
2521,Nebraska2025,PI533886,PI533886,2,75,12,47.0
2522,Nebraska2025,PI656058,PI656058,2,76,12,63.0
2523,Nebraska2025,PI576357,PI576357,2,77,12,59.0
2524,Nebraska2025,PI576345,PI576345,2,78,12,61.0
2525,Nebraska2025,PI533959,PI533959,2,79,12,58.0
2526,Nebraska2025,PI533971,PI533971,2,80,12,57.0
2527,Nebraska2025,PI564163,PI564163,2,81,12,58.0
2528,Nebraska2025,PI533785,PI533785,2,82,12,53.0
2529,Nebraska2025,PI656073,PI656073,2,83,12,73.0
2530,Nebraska2025,PI533885,PI533885,2,84,12,49.0
2531,Nebraska2025,PI576387,PI576387,2,85,12,56.0
2532,Nebraska2025,PI629059,PI629059,2,86,12,62.0
2533,Nebraska2025,PI656005,PI656005,2,87,12,56.0
2534,Nebraska2025,PI576436,PI576436,2,88,12,63.0
2535,Nebraska2025,PI656000,PI656000,2,89,12,63.0
2536,Nebraska2025,PI534010,PI534010,2,90,12,66.0
2537,Nebraska2025,PI565121,PI565121,2,91,12,58.0
2538,Nebraska2025,PI533950,PI533950,2,92,12,50.0
2539,Nebraska2025,PI564163,PI564163,2,93,12,56.0
2540,Nebraska2025,SC1120,SC1120,2,94,12,58.0
2541,Nebraska2025,PI534095,PI534095,2,95,12,54.0
2542,Nebraska2025,PI597977,PI597977,2,96,12,49.0
2543,Nebraska2025,PI533896,PI533896,2,97,12,52.0
2544,Nebraska2025,PI533976,PI533976,2,98,12,61.0
2545,Nebraska2025,PI576355,PI576355,2,99,12,57.0
2546,Nebraska2025,PI533864,PI533864,2,100,12,45.0
2547,Nebraska2025,PI656078,PI656078,2,101,12,60.0
2548,Nebraska2025,PI576350,PI576350,2,102,12,49.0
2549,Nebraska2025,PI564163,PI564163,2,103,12,57.0
2550,Nebraska2025,PI656028,PI656028,2,104,12,65.0
2551,Nebraska2025,PI576354,PI576354,2,104,13,64.0
2552,Nebraska2025,SC1114,SC1114,2,103,13,50.0
2553,Nebraska2025,PI656001,PI656001,2,102,13,66.0
2554,Nebraska2025,PI534032,PI534032,2,101,13,62.0
2555,Nebraska2025,PI534002,PI534002,2,100,13,54.0
2556,Nebraska2025,PI656097,PI656097,2,99,13,69.0
2557,Nebraska2025,PI564163,PI564163,2,98,13,57.0
2559,Nebraska2025,PI533881,PI533881,2,96,13,54.0
2560,Nebraska2025,PI656070,PI656070,2,95,13,66.0
2561,Nebraska2025,PI655982,PI655982,2,94,13,59.0
2562,Nebraska2025,PI533816,PI533816,2,93,13,54.0
2563,Nebraska2025,PI533924,PI533924,2,92,13,66.0
2564,Nebraska2025,PI533992,PI533992,2,91,13,67.0
2565,Nebraska2025,PI656080,PI656080,2,90,13,64.0
2566,Nebraska2025,PI656049,PI656049,2,89,13,68.0
2567,Nebraska2025,PI564163,PI564163,2,88,13,56.0
2568,Nebraska2025,PI576423,PI576423,2,87,13,66.0
2569,Nebraska2025,PI595727,PI595727,2,86,13,58.0
2570,Nebraska2025,PI534044,PI534044,2,85,13,52.0
2571,Nebraska2025,PI533809,PI533809,2,84,13,58.0
2572,Nebraska2025,PI655970,PI655970,2,83,13,68.0
2573,Nebraska2025,PI534085,PI534085,2,82,13,50.0
2574,Nebraska2025,PI533779,PI533779,2,81,13,54.0
2575,Nebraska2025,PI534049,PI534049,2,80,13,63.0
2576,Nebraska2025,PI656082,PI656082,2,79,13,67.0
2577,Nebraska2025,PI564163,PI564163,2,78,13,56.0
2578,Nebraska2025,PI576372,PI576372,2,77,13,67.0
2579,Nebraska2025,SC0914,SC0914,2,76,13,62.0
2580,Nebraska2025,SC1082,SC1082,2,75,13,48.0
2581,Nebraska2025,PI656029,PI656029,2,74,13,66.0
2582,Nebraska2025,PI656107,PI656107,2,73,13,66.0
2583,Nebraska2025,PI533799,PI533799,2,72,13,66.0
2584,Nebraska2025,PI656043,PI656043,2,71,13,66.0
2585,Nebraska2025,PI656091,PI656091,2,70,13,69.0
2586,Nebraska2025,PI534025,PI534025,2,69,13,69.0
2587,Nebraska2025,PI329435,PI329435,2,68,13,67.0
2588,Nebraska2025,PI534087,PI534087,2,67,13,52.0
2589,Nebraska2025,PI656074,PI656074,2,66,13,61.0
2590,Nebraska2025,PI534159,PI534159,2,65,13,67.0
2591,Nebraska2025,PI533761,PI533761,2,64,13,65.0
2592,Nebraska2025,PI564163,PI564163,2,63,13,56.0
2593,Nebraska2025,PI576396,PI576396,2,62,13,66.0
2594,Nebraska2025,PI533977,PI533977,2,61,13,65.0
2595,Nebraska2025,PI533940,PI533940,2,60,13,56.0
2596,Nebraska2025,PI533773,PI533773,2,59,13,56.0
2597,Nebraska2025,PI533983,PI533983,2,58,13,66.0
2598,Nebraska2025,SC0438,SC0438,2,57,13,55.0
2599,Nebraska2025,PI534068,PI534068,2,56,13,69.0
2600,Nebraska2025,PI533786,PI533786,2,55,13,71.0
2601,Nebraska2025,PI656018,PI656018,2,55,14,71.0
2602,Nebraska2025,SC0823,SC0823,2,56,14,63.0
2603,Nebraska2025,PI656036,PI656036,2,57,14,71.0
2604,Nebraska2025,PI534096,PI534096,2,58,14,49.0
2605,Nebraska2025,PI656013,PI656013,2,59,14,59.0
2606,Nebraska2025,PI534133,PI534133,2,60,14,52.0
2607,Nebraska2025,PI34911,PI34911,2,61,14,69.0
2608,Nebraska2025,SC1166,SC1166,2,62,14,59.0
2609,Nebraska2025,PI656121,PI656121,2,63,14,52.0
2610,Nebraska2025,PI534007,PI534007,2,64,14,56.0
2611,Nebraska2025,PI576328,PI576328,2,65,14,63.0
2612,Nebraska2025,PI533942,PI533942,2,66,14,65.0
2613,Nebraska2025,PI533792,PI533792,2,67,14,60.0
2614,Nebraska2025,PI533949,PI533949,2,68,14,52.0
2615,Nebraska2025,PI534051,PI534051,2,69,14,62.0
2616,Nebraska2025,SC0685,SC0685,2,70,14,50.0
2617,Nebraska2025,PI576379,PI576379,2,71,14,59.0
2618,Nebraska2025,PI656100,PI656100,2,72,14,67.0
2619,Nebraska2025,PI533914,PI533914,2,73,14,60.0
2620,Nebraska2025,SC0877,SC0877,2,74,14,58.0
2621,Nebraska2025,SC0247,SC0247,2,75,14,64.0
2622,Nebraska2025,SC0276,SC0276,2,76,14,46.0
2623,Nebraska2025,PI533819,PI533819,2,77,14,52.0
2624,Nebraska2025,PI576407,PI576407,2,78,14,68.0
2625,Nebraska2025,PI533774,PI533774,2,79,14,50.0
2626,Nebraska2025,PI576409,PI576409,2,80,14,47.0
2627,Nebraska2025,PI534058,PI534058,2,81,14,48.0
2628,Nebraska2025,PI653616,PI653616,2,82,14,69.0
2629,Nebraska2025,PI533796,PI533796,2,83,14,56.0
2630,Nebraska2025,PI533850,PI533850,2,84,14,63.0
2631,Nebraska2025,PI533749,PI533749,2,85,14,66.0
2632,Nebraska2025,PI533764,PI533764,2,86,14,60.0
2633,Nebraska2025,PI656085,PI656085,2,87,14,49.0
2634,Nebraska2025,PI597982,PI597982,2,88,14,50.0
2635,Nebraska2025,PI576359,PI576359,2,89,14,66.0
2636,Nebraska2025,PI533990,PI533990,2,90,14,59.0
2637,Nebraska2025,PI564163,PI564163,2,91,14,58.0
2638,Nebraska2025,PI533746,PI533746,2,92,14,50.0
2639,Nebraska2025,PI533800,PI533800,2,93,14,66.0
2640,Nebraska2025,PI533943,PI533943,2,94,14,67.0
2641,Nebraska2025,PI564163,PI564163,2,95,14,57.0
2642,Nebraska2025,PI534075,PI534075,2,96,14,53.0
2643,Nebraska2025,SC1058,SC1058,2,97,14,69.0
2644,Nebraska2025,PI534106,PI534106,2,98,14,64.0
2645,Nebraska2025,PI656052,PI656052,2,99,14,71.0
2646,Nebraska2025,PI595723,PI595723,2,100,14,52.0
2647,Nebraska2025,PI641824,PI641824,2,101,14,71.0
2648,Nebraska2025,PI534131,PI534131,2,102,14,73.0
2649,Nebraska2025,PI656077,PI656077,2,103,14,50.0
2650,Nebraska2025,PI534045,PI534045,2,104,14,52.0
2651,Nebraska2025,PI656063,PI656063,2,104,15,58.0
2652,Nebraska2025,PI329440,PI329440,2,103,15,56.0
2653,Nebraska2025,PI533768,PI533768,2,102,15,51.0
2654,Nebraska2025,PI597975,PI597975,2,101,15,48.0
2655,Nebraska2025,PI655988,PI655988,2,100,15,63.0
2656,Nebraska2025,PI533991,PI533991,2,99,15,64.0
2657,Nebraska2025,PI533952,PI533952,2,98,15,58.0
2658,Nebraska2025,PI656032,PI656032,2,97,15,74.0
2659,Nebraska2025,PI656053,PI656053,2,96,15,62.0
2660,Nebraska2025,SC1193,SC1193,2,95,15,66.0
2661,Nebraska2025,PI595700,PI595700,2,94,15,66.0
2662,Nebraska2025,PI576356,PI576356,2,93,15,61.0
2663,Nebraska2025,PI656061,PI656061,2,92,15,67.0
2664,Nebraska2025,PI656057,PI656057,2,91,15,69.0
2665,Nebraska2025,PI533849,PI533849,2,90,15,58.0
2666,Nebraska2025,PI595717,PI595717,2,89,15,63.0
2667,Nebraska2025,PI533822,PI533822,2,88,15,62.0
2668,Nebraska2025,PI533829,PI533829,2,87,15,63.0
2669,Nebraska2025,PI656025,PI656025,2,86,15,56.0
2670,Nebraska2025,PI534023,PI534023,2,85,15,69.0
2671,Nebraska2025,PI533862,PI533862,2,84,15,41.0
2672,Nebraska2025,PI564163,PI564163,2,83,15,57.0
2673,Nebraska2025,PI561472,PI561472,2,82,15,65.0
2674,Nebraska2025,PI534047,PI534047,2,81,15,48.0
2675,Nebraska2025,PI576365,PI576365,2,80,15,58.0
2676,Nebraska2025,PI564163,PI564163,2,79,15,57.0
2677,Nebraska2025,PI597969,PI597969,2,78,15,57.0
2678,Nebraska2025,PI595708,PI595708,2,77,15,53.0
2679,Nebraska2025,PI533865,PI533865,2,76,15,67.0
2680,Nebraska2025,PI534092,PI534092,2,75,15,65.0
2681,Nebraska2025,PI656007,PI656007,2,74,15,66.0
2682,Nebraska2025,PI533995,PI533995,2,73,15,49.0
2683,Nebraska2025,PI595746,PI595746,2,72,15,67.0
2684,Nebraska2025,PI595729,PI595729,2,71,15,50.0
2685,Nebraska2025,PI534035,PI534035,2,70,15,67.0
2686,Nebraska2025,PI656088,PI656088,2,69,15,55.0
2687,Nebraska2025,PI576358,PI576358,2,68,15,67.0
2688,Nebraska2025,SC0041,SC0041,2,67,15,66.0
2689,Nebraska2025,PI564163,PI564163,2,66,15,57.0
2690,Nebraska2025,PI597980,PI597980,2,65,15,50.0
2691,Nebraska2025,PI576435,PI576435,2,64,15,61.0
2692,Nebraska2025,PI576389,PI576389,2,63,15,62.0
2693,Nebraska2025,SC0249,SC0249,2,62,15,57.0
2694,Nebraska2025,PI534056,PI534056,2,61,15,56.0
2695,Nebraska2025,PI534132,PI534132,2,60,15,68.0
2696,Nebraska2025,PI656113,PI656113,2,59,15,54.0
2697,Nebraska2025,SC0448,SC0448,2,58,15,69.0
2698,Nebraska2025,PI595703,PI595703,2,57,15,64.0
2699,Nebraska2025,PI597974,PI597974,2,56,15,47.0
2701,Nebraska2025,SC1216,SC1216,2,55,16,62.0
2702,Nebraska2025,PI564163,PI564163,2,56,16,59.0
2703,Nebraska2025,PI533873,PI533873,2,57,16,59.0
2704,Nebraska2025,PI655977,PI655977,2,58,16,59.0
2705,Nebraska2025,PI659696,PI659696,2,59,16,60.0
2706,Nebraska2025,PI533807,PI533807,2,60,16,63.0
2707,Nebraska2025,PI534080,PI534080,2,61,16,50.0
2708,Nebraska2025,PI642793,PI642793,2,62,16,62.0
2709,Nebraska2025,PI533811,PI533811,2,63,16,55.0
2710,Nebraska2025,PI533781,PI533781,2,64,16,49.0
2711,Nebraska2025,PI533968,PI533968,2,65,16,52.0
2712,Nebraska2025,PI533830,PI533830,2,66,16,48.0
2713,Nebraska2025,PI534098,PI534098,2,67,16,66.0
2714,Nebraska2025,PI656047,PI656047,2,68,16,67.0
2715,Nebraska2025,PI533782,PI533782,2,69,16,40.0
2716,Nebraska2025,PI597972,PI597972,2,70,16,51.0
2717,Nebraska2025,SC0409,SC0409,2,71,16,53.0
2718,Nebraska2025,PI534067,PI534067,2,72,16,59.0
2719,Nebraska2025,SC0848,SC0848,2,73,16,59.0
2720,Nebraska2025,PI564163,PI564163,2,74,16,56.0
2721,Nebraska2025,PI576375,PI576375,2,75,16,67.0
2722,Nebraska2025,SC0551,SC0551,2,76,16,60.0
2723,Nebraska2025,PI534082,PI534082,2,77,16,55.0
2724,Nebraska2025,PI656024,PI656024,2,78,16,66.0
2725,Nebraska2025,PI533762,PI533762,2,79,16,52.0
2726,Nebraska2025,PI561071,PI561071,2,80,16,66.0
2727,Nebraska2025,SC0999,SC0999,2,81,16,65.0
2728,Nebraska2025,PI655981,PI655981,2,82,16,64.0
2729,Nebraska2025,PI534090,PI534090,2,83,16,48.0
2730,Nebraska2025,PI533857,PI533857,2,84,16,66.0
2731,Nebraska2025,PI576399,PI576399,2,85,16,59.0
2732,Nebraska2025,PI564163,PI564163,2,86,16,60.0
2733,Nebraska2025,PI534100,PI534100,2,87,16,60.0
2734,Nebraska2025,PI534120,PI534120,2,88,16,68.0
2735,Nebraska2025,PI576429,PI576429,2,89,16,51.0
2736,Nebraska2025,PI595722,PI595722,2,90,16,64.0
2737,Nebraska2025,PI576361,PI576361,2,91,16,58.0
2738,Nebraska2025,PI533747,PI533747,2,92,16,50.0
2739,Nebraska2025,PI533759,PI533759,2,93,16,53.0
2740,Nebraska2025,SC0864,SC0864,2,94,16,50.0
2741,Nebraska2025,PI598070,PI598070,2,95,16,71.0
2742,Nebraska2025,PI576405,PI576405,2,96,16,69.0
2743,Nebraska2025,SC0540,SC0540,2,97,16,53.0
2744,Nebraska2025,PI533984,PI533984,2,98,16,56.0
2745,Nebraska2025,PI597955,PI597955,2,99,16,56.0
2746,Nebraska2025,PI564163,PI564163,2,100,16,58.0
2747,Nebraska2025,PI534122,PI534122,2,101,16,66.0
2748,Nebraska2025,PI595731,PI595731,2,102,16,55.0
2749,Nebraska2025,PI576415,PI576415,2,103,16,47.0
2750,Nebraska2025,PI656010,PI656010,2,104,16,67.0
2751,Nebraska2025,PI533996,PI533996,2,104,17,53.0
2752,Nebraska2025,PI534113,PI534113,2,103,17,63.0
2753,Nebraska2025,PI564163,PI564163,2,102,17,58.0
2754,Nebraska2025,PI595718,PI595718,2,101,17,51.0
2755,Nebraska2025,PI533929,PI533929,2,100,17,59.0
2756,Nebraska2025,PI656055,PI656055,2,99,17,69.0
2757,Nebraska2025,PI534121,PI534121,2,98,17,69.0
2758,Nebraska2025,PI534137,PI534137,2,97,17,58.0
2759,Nebraska2025,PI533851,PI533851,2,96,17,59.0
2760,Nebraska2025,PI576369,PI576369,2,95,17,63.0
2761,Nebraska2025,SC0463,SC0463,2,94,17,60.0
2762,Nebraska2025,PI533852,PI533852,2,93,17,58.0
2763,Nebraska2025,PI534072,PI534072,2,92,17,53.0
2764,Nebraska2025,PI655986,PI655986,2,91,17,64.0
2765,Nebraska2025,PI533930,PI533930,2,90,17,59.0
2766,Nebraska2025,PI533788,PI533788,2,89,17,51.0
2767,Nebraska2025,PI597956,PI597956,2,88,17,67.0
2768,Nebraska2025,PI595734,PI595734,2,87,17,62.0
2769,Nebraska2025,PI576427,PI576427,2,86,17,51.0
2770,Nebraska2025,PI533837,PI533837,2,85,17,69.0
2771,Nebraska2025,PI533745,PI533745,2,84,17,52.0
2772,Nebraska2025,PI533963,PI533963,2,83,17,59.0
2773,Nebraska2025,PI533912,PI533912,2,82,17,48.0
2774,Nebraska2025,PI533918,PI533918,2,81,17,59.0
2775,Nebraska2025,PI656086,PI656086,2,80,17,58.0
2776,Nebraska2025,PI564163,PI564163,2,79,17,56.0
2777,Nebraska2025,PI576330,PI576330,2,78,17,69.0
2778,Nebraska2025,PI656006,PI656006,2,77,17,66.0
2779,Nebraska2025,PI534001,PI534001,2,76,17,69.0
2780,Nebraska2025,PI564165,PI564165,2,75,17,67.0
2781,Nebraska2025,PI576368,PI576368,2,74,17,63.0
2782,Nebraska2025,PI533946,PI533946,2,73,17,63.0
2783,Nebraska2025,PI533869,PI533869,2,72,17,64.0
2784,Nebraska2025,SC0847,SC0847,2,71,17,56.0
2785,Nebraska2025,PI534054,PI534054,2,70,17,64.0
2787,Nebraska2025,PI534118,PI534118,2,68,17,68.0
2788,Nebraska2025,PI656040,PI656040,2,67,17,69.0
2789,Nebraska2025,PI534147,PI534147,2,66,17,56.0
2790,Nebraska2025,PI597979,PI597979,2,65,17,53.0
2791,Nebraska2025,PI533771,PI533771,2,64,17,52.0
2792,Nebraska2025,PI533858,PI533858,2,63,17,67.0
2793,Nebraska2025,PI656027,PI656027,2,62,17,66.0
2794,Nebraska2025,PI534136,PI534136,2,61,17,66.0
2795,Nebraska2025,PI564163,PI564163,2,60,17,64.0
2796,Nebraska2025,SC0150,SC0150,2,59,17,65.0
2797,Nebraska2025,PI576337,PI576337,2,58,17,57.0
2798,Nebraska2025,SC1119,SC1119,2,57,17,51.0
2799,Nebraska2025,PI534039,PI534039,2,56,17,56.0
2800,Nebraska2025,PI564163,PI564163,2,55,17,68.0
2801,Nebraska2025,PI533986,PI533986,2,55,18,64.0
2802,Nebraska2025,PI656012,PI656012,2,56,18,73.0
2803,Nebraska2025,PI656016,PI656016,2,57,18,57.0
2804,Nebraska2025,SC0895,SC0895,2,58,18,59.0
2805,Nebraska2025,SC0631,SC0631,2,59,18,59.0
2806,Nebraska2025,PI564163,PI564163,2,60,18,59.0
2807,Nebraska2025,PI597957,PI597957,2,61,18,59.0
2808,Nebraska2025,PI655994,PI655994,2,62,18,58.0
2810,Nebraska2025,PI655972,PI655972,2,64,18,58.0
2811,Nebraska2025,PI656044,PI656044,2,65,18,65.0
2812,Nebraska2025,PI533978,PI533978,2,66,18,57.0
2813,Nebraska2025,PI533752,PI533752,2,67,18,61.0
2814,Nebraska2025,PI597950,PI597950,2,68,18,62.0
2815,Nebraska2025,PI564163,PI564163,2,69,18,57.0
2816,Nebraska2025,PI533820,PI533820,2,70,18,59.0
2817,Nebraska2025,PI534115,PI534115,2,71,18,64.0
2818,Nebraska2025,PI656054,PI656054,2,72,18,79.0
2819,Nebraska2025,PI655983,PI655983,2,73,18,68.0
2820,Nebraska2025,PI533878,PI533878,2,74,18,67.0
2821,Nebraska2025,PI655971,PI655971,2,75,18,58.0
2822,Nebraska2025,PI655975,PI655975,2,76,18,64.0
2823,Nebraska2025,PI656056,PI656056,2,77,18,65.0
2824,Nebraska2025,PI576331,PI576331,2,78,18,69.0
2825,Nebraska2025,PI533928,PI533928,2,79,18,58.0
2826,Nebraska2025,PI597971,PI597971,2,80,18,55.0
2827,Nebraska2025,PI534036,PI534036,2,81,18,67.0
2828,Nebraska2025,PI533965,PI533965,2,82,18,66.0
2829,Nebraska2025,PI533921,PI533921,2,83,18,58.0
2830,Nebraska2025,PI533853,PI533853,2,84,18,58.0
2831,Nebraska2025,PI595719,PI595719,2,85,18,69.0
2832,Nebraska2025,PI533790,PI533790,2,86,18,49.0
2833,Nebraska2025,PI533907,PI533907,2,87,18,73.0
2834,Nebraska2025,PI533805,PI533805,2,88,18,57.0
2835,Nebraska2025,PI534066,PI534066,2,89,18,53.0
2836,Nebraska2025,SC0871,SC0871,2,90,18,64.0
2837,Nebraska2025,PI533985,PI533985,2,91,18,59.0
2838,Nebraska2025,PI576341,PI576341,2,92,18,52.0
2839,Nebraska2025,PI564163,PI564163,2,93,18,59.0
2840,Nebraska2025,PI534154,PI534154,2,94,18,71.0
2841,Nebraska2025,SC0314,SC0314,2,95,18,58.0
2842,Nebraska2025,PI595699,PI595699,2,96,18,66.0
2843,Nebraska2025,PI576367,PI576367,2,97,18,62.0
2844,Nebraska2025,PI534006,PI534006,2,98,18,71.0
2845,Nebraska2025,PI656117,PI656117,2,99,18,62.0
2846,Nebraska2025,PI533988,PI533988,2,100,18,55.0
2847,Nebraska2025,PI533756,PI533756,2,101,18,57.0
2848,Nebraska2025,SC0458,SC0458,2,102,18,71.0
2849,Nebraska2025,PI533936,PI533936,2,103,18,58.0
2850,Nebraska2025,PI576344,PI576344,2,104,18,64.0
2851,Nebraska2025,PI656119,PI656119,2,104,19,49.0
2852,Nebraska2025,PI655999,PI655999,2,103,19,73.0
2853,Nebraska2025,PI656002,PI656002,2,102,19,66.0
2854,Nebraska2025,PI576339,PI576339,2,101,19,56.0
2855,Nebraska2025,PI533923,PI533923,2,100,19,55.0
2856,Nebraska2025,PI533765,PI533765,2,99,19,58.0
2857,Nebraska2025,PI576403,PI576403,2,98,19,60.0
2858,Nebraska2025,PI534112,PI534112,2,97,19,63.0
2859,Nebraska2025,SC0921,SC0921,2,96,19,64.0
2860,Nebraska2025,PI564163,PI564163,2,95,19,57.0
2861,Nebraska2025,SC0092,SC0092,2,94,19,69.0
2862,Nebraska2025,PI595728,PI595728,2,93,19,69.0
2863,Nebraska2025,PI534083,PI534083,2,92,19,54.0
2864,Nebraska2025,PI534125,PI534125,2,91,19,69.0
2865,Nebraska2025,PI597965,PI597965,2,90,19,52.0
2866,Nebraska2025,SC0556,SC0556,2,89,19,60.0
2867,Nebraska2025,PI540816,PI540816,2,88,19,67.0
2868,Nebraska2025,PI533964,PI533964,2,87,19,66.0
2869,Nebraska2025,PI564163,PI564163,2,86,19,61.0
2870,Nebraska2025,SC0266,SC0266,2,85,19,51.0
2871,Nebraska2025,PI534091,PI534091,2,84,19,49.0
2872,Nebraska2025,PI656059,PI656059,2,83,19,64.0
2873,Nebraska2025,PI564163,PI564163,2,82,19,61.0
2874,Nebraska2025,SC0547,SC0547,2,81,19,50.0
2875,Nebraska2025,PI655974,PI655974,2,80,19,71.0
2876,Nebraska2025,PI534094,PI534094,2,79,19,58.0
2877,Nebraska2025,PI534024,PI534024,2,78,19,71.0
2878,Nebraska2025,PI533818,PI533818,2,77,19,53.0
2879,Nebraska2025,PI533962,PI533962,2,76,19,67.0
2880,Nebraska2025,PI595721,PI595721,2,75,19,54.0
2881,Nebraska2025,PI534126,PI534126,2,74,19,73.0
2882,Nebraska2025,PI533993,PI533993,2,73,19,56.0
2883,Nebraska2025,PI533755,PI533755,2,72,19,66.0
2884,Nebraska2025,PI534059,PI534059,2,71,19,53.0
2885,Nebraska2025,PI564163,PI564163,2,70,19,62.0
2886,Nebraska2025,PI595748,PI595748,2,69,19,66.0
2887,Nebraska2025,PI533970,PI533970,2,68,19,57.0
2888,Nebraska2025,PI534026,PI534026,2,67,19,59.0
2889,Nebraska2025,PI576347,PI576347,2,66,19,49.0
2890,Nebraska2025,PI595702,PI595702,2,65,19,53.0
2891,Nebraska2025,PI533872,PI533872,2,64,19,51.0
2892,Nebraska2025,PI533842,PI533842,2,63,19,68.0
2893,Nebraska2025,PI534166,PI534166,2,62,19,50.0
2894,Nebraska2025,PI597949,PI597949,2,61,19,71.0
2895,Nebraska2025,PI597970,PI597970,2,60,19,60.0
2896,Nebraska2025,PI561073,PI561073,2,59,19,71.0
2897,Nebraska2025,PI655979,PI655979,2,58,19,56.0
2898,Nebraska2025,PI597967,PI597967,2,57,19,66.0
2899,Nebraska2025,PI597981,PI597981,2,56,19,48.0
2900,Nebraska2025,PI655973,PI655973,2,55,19,69.0
2901,Nebraska2025,PI533908,PI533908,2,55,20,71.0
2902,Nebraska2025,PI564163,PI564163,2,56,20,58.0
2903,Nebraska2025,PI534117,PI534117,2,57,20,50.0
2904,Nebraska2025,PI595716,PI595716,2,58,20,53.0
2905,Nebraska2025,PI534076,PI534076,2,59,20,54.0
2906,Nebraska2025,PI642998,PI642998,2,60,20,63.0
2907,Nebraska2025,PI534028,PI534028,2,61,20,58.0
2908,Nebraska2025,PI533999,PI533999,2,62,20,59.0
2909,Nebraska2025,PI534005,PI534005,2,63,20,59.0
2910,Nebraska2025,PI564163,PI564163,2,64,20,58.0
2911,Nebraska2025,PI597960,PI597960,2,65,20,56.0
2912,Nebraska2025,PI564163,PI564163,2,66,20,58.0
2913,Nebraska2025,PI656116,PI656116,2,67,20,48.0
2914,Nebraska2025,PI534027,PI534027,2,68,20,63.0
2915,Nebraska2025,PI533906,PI533906,2,69,20,69.0
2916,Nebraska2025,PI576422,PI576422,2,70,20,59.0
2917,Nebraska2025,PI597968,PI597968,2,71,20,55.0
2918,Nebraska2025,PI533838,PI533838,2,72,20,47.0
2919,Nebraska2025,PI564163,PI564163,2,73,20,55.0
2920,Nebraska2025,PI533750,PI533750,2,74,20,73.0
2921,Nebraska2025,PI595744,PI595744,2,75,20,56.0
2922,Nebraska2025,PI656093,PI656093,2,76,20,67.0
2923,Nebraska2025,SC0343,SC0343,2,77,20,55.0
2924,Nebraska2025,PI576426,PI576426,2,78,20,67.0
2925,Nebraska2025,PI564163,PI564163,2,79,20,57.0
2926,Nebraska2025,PI534070,PI534070,2,80,20,49.0
2927,Nebraska2025,PI595724,PI595724,2,81,20,58.0
2928,Nebraska2025,PI564163,PI564163,2,82,20,57.0
2929,Nebraska2025,PI533972,PI533972,2,83,20,69.0
2930,Nebraska2025,PI533758,PI533758,2,84,20,59.0
2931,Nebraska2025,PI534138,PI534138,2,85,20,56.0
2932,Nebraska2025,PI534104,PI534104,2,86,20,62.0
2933,Nebraska2025,PI595739,PI595739,2,87,20,71.0
2934,Nebraska2025,PI533960,PI533960,2,88,20,58.0
2935,Nebraska2025,PI576400,PI576400,2,89,20,66.0
2936,Nebraska2025,PI17548,PI17548,2,90,20,53.0
2937,Nebraska2025,SC0400,SC0400,2,91,20,46.0
2938,Nebraska2025,SC1023,SC1023,2,92,20,56.0
2939,Nebraska2025,PI533987,PI533987,2,93,20,52.0
2940,Nebraska2025,PI533913,PI533913,2,94,20,58.0
2941,Nebraska2025,PI564163,PI564163,2,95,20,57.0
2942,Nebraska2025,PI533828,PI533828,2,96,20,50.0
2943,Nebraska2025,PI22326,PI22326,2,97,20,68.0
2944,Nebraska2025,SC0287,SC0287,2,98,20,43.0
2945,Nebraska2025,PI534017,PI534017,2,99,20,59.0
2946,Nebraska2025,PI533769,PI533769,2,100,20,55.0
2947,Nebraska2025,SC0582,SC0582,2,101,20,69.0
2948,Nebraska2025,PI533834,PI533834,2,102,20,68.0
2949,Nebraska2025,PI533969,PI533969,2,103,20,67.0
2950,Nebraska2025,PI576338,PI576338,2,104,20,63.0
2951,Nebraska2025,PI534061,PI534061,2,104,21,57.0
2952,Nebraska2025,PI533997,PI533997,2,103,21,58.0
2953,Nebraska2025,PI534128,PI534128,2,102,21,67.0
2954,Nebraska2025,PI656098,PI656098,2,101,21,49.0
2955,Nebraska2025,PI564163,PI564163,2,100,21,60.0
2956,Nebraska2025,PI655997,PI655997,2,99,21,63.0
2957,Nebraska2025,PI534139,PI534139,2,98,21,57.0
2958,Nebraska2025,PI576393,PI576393,2,97,21,58.0
2959,Nebraska2025,PI576418,PI576418,2,96,21,68.0
2960,Nebraska2025,PI576329,PI576329,2,95,21,63.0
2961,Nebraska2025,PI533955,PI533955,2,94,21,55.0
2962,Nebraska2025,PI576336,PI576336,2,93,21,49.0
2963,Nebraska2025,PI576430,PI576430,2,92,21,48.0
2964,Nebraska2025,PI564163,PI564163,2,91,21,58.0
2965,Nebraska2025,PI533998,PI533998,2,90,21,49.0
2966,Nebraska2025,SC0191,SC0191,2,89,21,58.0
2967,Nebraska2025,PI564163,PI564163,2,88,21,56.0
2968,Nebraska2025,PI533847,PI533847,2,87,21,58.0
2969,Nebraska2025,PI533931,PI533931,2,86,21,60.0
2970,Nebraska2025,PI576402,PI576402,2,85,21,69.0
2971,Nebraska2025,PI656079,PI656079,2,84,21,58.0
2972,Nebraska2025,BTx645,BTx645,2,83,21,62.0
2973,Nebraska2025,PI595710,PI595710,2,82,21,68.0
2974,Nebraska2025,PI534093,PI534093,2,81,21,48.0
2975,Nebraska2025,SC0236,SC0236,2,80,21,62.0
2976,Nebraska2025,PI533797,PI533797,2,79,21,71.0
2977,Nebraska2025,PI533803,PI533803,2,78,21,48.0
2978,Nebraska2025,PI533871,PI533871,2,77,21,56.0
2979,Nebraska2025,PI533909,PI533909,2,76,21,55.0
2980,Nebraska2025,PI533856,PI533856,2,75,21,59.0
2981,Nebraska2025,PI656033,PI656033,2,74,21,69.0
2982,Nebraska2025,PI534031,PI534031,2,73,21,67.0
2983,Nebraska2025,PI576362,PI576362,2,72,21,62.0
2984,Nebraska2025,PI534079,PI534079,2,71,21,50.0
2985,Nebraska2025,PI533967,PI533967,2,70,21,51.0
2986,Nebraska2025,PI534141,PI534141,2,69,21,69.0
2987,Nebraska2025,PI534101,PI534101,2,68,21,56.0
2988,Nebraska2025,PI576390,PI576390,2,67,21,51.0
2989,Nebraska2025,SC0521,SC0521,2,66,21,49.0
2990,Nebraska2025,PI534042,PI534042,2,65,21,51.0
2991,Nebraska2025,PI533854,PI533854,2,64,21,64.0
2992,Nebraska2025,PI534011,PI534011,2,63,21,66.0
2993,Nebraska2025,PI576381,PI576381,2,62,21,59.0
2994,Nebraska2025,PI576432,PI576432,2,61,21,48.0
2995,Nebraska2025,PI576363,PI576363,2,60,21,59.0
2996,Nebraska2025,PI534145,PI534145,2,59,21,57.0
2997,Nebraska2025,PI656042,PI656042,2,58,21,68.0
2998,Nebraska2025,SC0713,SC0713,2,57,21,50.0
2999,Nebraska2025,PI534050,PI534050,2,56,21,66.0
5001,Nebraska2025,PI544069,PI544069,1,53,22,55.0
5002,Nebraska2025,PI601554,PI601554,1,54,22,70.0
5004,Nebraska2025,PI555457,PI555457,1,6,22,70.0
5005,Nebraska2025,PI605726,PI605726,1,7,22,64.0
5007,Nebraska2025,PI601555,PI601555,1,9,22,62.0
5008,Nebraska2025,PI554650,PI554650,1,10,22,56.0
5009,Nebraska2025,PI594355,PI594355,1,11,22,70.0
5010,Nebraska2025,PI574407,PI574407,1,12,22,66.0
5014,Nebraska2025,PI613610,PI613610,1,16,22,60.0
5015,Nebraska2025,PI554654,PI554654,1,17,22,60.0
5016,Nebraska2025,PI562623,PI562623,1,18,22,71.0
5017,Nebraska2025,PI554646,PI554646,1,19,22,66.0
5018,Nebraska2025,PI606788,PI606788,1,20,22,61.0
5019,Nebraska2025,PI596332,PI596332,1,21,22,64.0
5020,Nebraska2025,PI596567,PI596567,1,22,22,78.0
5021,Nebraska2025,PI601557,PI601557,1,23,22,69.0
5022,Nebraska2025,PI561926,PI561926,1,24,22,59.0
5023,Nebraska2025,PI613611,PI613611,1,25,22,49.0
5025,Nebraska2025,PI554648,PI554648,1,27,22,69.0
5026,Nebraska2025,PI602599,PI602599,1,28,22,66.0
5027,Nebraska2025,PI574398,PI574398,1,29,22,66.0
5028,Nebraska2025,PI613613,PI613613,1,30,22,66.0
5029,Nebraska2025,PI619402,PI619402,1,31,22,64.0
5030,Nebraska2025,PI605724,PI605724,1,32,22,61.0
5031,Nebraska2025,PI543247,PI543247,1,33,22,67.0
5032,Nebraska2025,PI601415,PI601415,1,34,22,61.0
5033,Nebraska2025,PI554649,PI554649,1,35,22,71.0
5034,Nebraska2025,PI603983,PI603983,1,36,22,70.0
5035,Nebraska2025,PI574397,PI574397,1,37,22,53.0
5037,Nebraska2025,PI601744,PI601744,1,39,22,61.0
5038,Nebraska2025,PI605725,PI605725,1,40,22,69.0
5039,Nebraska2025,PI601743,PI601743,1,41,22,66.0
5040,Nebraska2025,PI605723,PI605723,1,42,22,66.0
5041,Nebraska2025,PI601756,PI601756,1,43,22,66.0
5042,Nebraska2025,PI613612,PI613612,1,44,22,52.0
5044,Nebraska2025,PI543243,PI543243,1,46,22,62.0
5045,Nebraska2025,PI601556,PI601556,1,47,22,58.0
5046,Nebraska2025,PI601553,PI601553,1,48,22,62.0
5048,Nebraska2025,PI601716,PI601716,1,50,22,50.0
5049,Nebraska2025,PI602600,PI602600,1,51,22,52.0
5050,Nebraska2025,PI601721,PI601721,1,52,22,66.0
6001,Nebraska2025,PI601716,PI601716,2,55,22,48.0
6003,Nebraska2025,PI533753,PI533753,2,57,22,69.0
6004,Nebraska2025,SC0027,SC0027,2,58,22,69.0
6005,Nebraska2025,PI534057,PI534057,2,59,22,54.0
6006,Nebraska2025,PI656092,PI656092,2,60,22,71.0
6008,Nebraska2025,PI601556,PI601556,2,62,22,58.0
6009,Nebraska2025,PI601555,PI601555,2,63,22,60.0
6011,Nebraska2025,PI601553,PI601553,2,65,22,55.0
6012,Nebraska2025,PI603983,PI603983,2,66,22,66.0
6013,Nebraska2025,PI554650,PI554650,2,67,22,52.0
6014,Nebraska2025,PI543243,PI543243,2,68,22,66.0
6016,Nebraska2025,PI606788,PI606788,2,70,22,59.0
6017,Nebraska2025,PI554648,PI554648,2,71,22,69.0
6018,Nebraska2025,PI562623,PI562623,2,72,22,71.0
6019,Nebraska2025,PI619402,PI619402,2,73,22,63.0
6021,Nebraska2025,PI544069,PI544069,2,75,22,55.0
6023,Nebraska2025,PI574407,PI574407,2,77,22,68.0
6024,Nebraska2025,PI601744,PI601744,2,78,22,62.0
6025,Nebraska2025,PI605723,PI605723,2,79,22,66.0
6026,Nebraska2025,PI543247,PI543247,2,80,22,69.0
6027,Nebraska2025,PI605726,PI605726,2,81,22,60.0
6029,Nebraska2025,PI602600,PI602600,2,83,22,49.0
6030,Nebraska2025,PI601415,PI601415,2,84,22,57.0
6031,Nebraska2025,PI596567,PI596567,2,85,22,75.0
6032,Nebraska2025,PI605725,PI605725,2,86,22,67.0
6033,Nebraska2025,PI596332,PI596332,2,87,22,62.0
6034,Nebraska2025,PI555457,PI555457,2,88,22,66.0
6035,Nebraska2025,PI601721,PI601721,2,89,22,66.0
6036,Nebraska2025,PI574397,PI574397,2,90,22,55.0
6038,Nebraska2025,PI613613,PI613613,2,92,22,65.0
6039,Nebraska2025,PI554646,PI554646,2,93,22,60.0
6040,Nebraska2025,PI613612,PI613612,2,94,22,53.0
6041,Nebraska2025,PI602599,PI602599,2,95,22,66.0
6042,Nebraska2025,PI554649,PI554649,2,96,22,69.0
6043,Nebraska2025,PI605724,PI605724,2,97,22,60.0
6044,Nebraska2025,PI601557,PI601557,2,98,22,69.0
6045,Nebraska2025,PI613611,PI613611,2,99,22,53.0
6046,Nebraska2025,PI554654,PI554654,2,100,22,59.0
6047,Nebraska2025,PI594355,PI594355,2,101,22,71.0
6048,Nebraska2025,PI574398,PI574398,2,102,22,71.0
6049,Nebraska2025,PI561926,PI561926,2,103,22,58.0
6050,Nebraska2025,PI601756,PI601756,2,104,22,66.0
