environment,image_id,plotNumber,genotype
Alabama2025,10107_LeafPhotoA_2025-10-15 15_50_53.408,10107,PI655984
Alabama2025,10113_LeafPhotoA_2025-10-15 15_55_46.981,10113,
Alabama2025,10113_LeafPhotoA_2025-10-15 15_56_02.121,10113,
Alabama2025,10113_LeafPhotoA_2025-10-15 15_56_13.335,10113,
Alabama2025,10115_LeafPhotoA_2025-10-15 15_57_10.761,10115,
Alabama2025,10115_LeafPhotoA_2025-10-15 15_57_24.327,10115,
Alabama2025,10115_LeafPhotoA_2025-10-15 15_57_35.705,10115,
Alabama2025,10116_LeafPhotoA_2025-10-15 15_58_10.709,10116,
Alabama2025,10116_LeafPhotoA_2025-10-15 15_58_20.712,10116,
Alabama2025,10116_LeafPhotoA_2025-10-15 15_58_29.918,10116,
Alabama2025,10120_LeafPhotoA_2025-10-15 16_01_10.291,10120,PI533965
Alabama2025,10124_LeafPhotoA_2025-10-15 16_03_32.023,10124,
Alabama2025,10124_LeafPhotoA_2025-10-15 16_03_40.696,10124,
Alabama2025,10124_LeafPhotoA_2025-10-15 16_03_49.545,10124,
Alabama2025,10203_LeafPhotoA_2025-10-21 16_07_33.915,10203,PI533822
Alabama2025,10205_LeafPhotoA_2025-10-21 16_11_17.349,10205,PI576386
Alabama2025,10209_LeafPhotoA_2025-10-21 16_17_14.171,10209,
Alabama2025,10209_LeafPhotoA_2025-10-21 16_17_29.809,10209,
Alabama2025,10209_LeafPhotoA_2025-10-21 16_17_44.566,10209,
Alabama2025,10214_LeafPhotoA_2025-10-21 16_23_00.437,10214,PI597950
Alabama2025,10214_LeafPhotoA_2025-10-21 16_23_24.093,10214,PI597950
Alabama2025,10215_LeafPhotoA_2025-10-21 16_24_17.931,10215,PI534099
Alabama2025,10216_LeafPhotoA_2025-10-21 16_25_06.061,10216,PI656098
Alabama2025,10217_LeafPhotoA_2025-10-21 16_27_06.490,10217,PI655999
Alabama2025,10217_LeafPhotoA_2025-10-21 16_27_19.780,10217,PI655999
Alabama2025,10217_LeafPhotoA_2025-10-21 16_27_33.187,10217,PI655999
Alabama2025,10218_LeafPhotoA_2025-10-21 16_28_06.931,10218,
Alabama2025,10218_LeafPhotoA_2025-10-21 16_28_23.991,10218,
Alabama2025,10218_LeafPhotoA_2025-10-21 16_28_35.785,10218,
Alabama2025,10219_LeafPhotoA_2025-10-21 16_29_03.246,10219,PI534114
Alabama2025,10224_LeafPhotoA_2025-10-21 16_34_28.713,10224,
Alabama2025,10224_LeafPhotoA_2025-10-21 16_34_45.184,10224,
Alabama2025,10224_LeafPhotoA_2025-10-21 16_35_00.194,10224,
Alabama2025,10227_LeafPhotoA_2025-10-21 16_37_57.270,10227,
Alabama2025,10227_LeafPhotoA_2025-10-21 16_38_10.841,10227,
Alabama2025,10227_LeafPhotoA_2025-10-21 16_38_24.729,10227,
Alabama2025,10304_LeafPhotoA_2025-10-23 09_54_08.925,10304,
Alabama2025,10304_LeafPhotoA_2025-10-23 09_54_55.728,10304,
Alabama2025,10304_LeafPhotoA_2025-10-23 09_55_18.087,10304,
Alabama2025,10308_LeafPhotoA_2025-10-23 09_59_01.365,10308,PI656118
Alabama2025,10309_LeafPhotoA_2025-10-23 10_00_21.452,10309,PI641824
Alabama2025,10313_LeafPhotoA_2025-10-23 10_01_45.400,10313,PI597972
Alabama2025,10320_LeafPhotoA_2025-10-23 10_05_58.409,10320,
Alabama2025,10320_LeafPhotoA_2025-10-23 10_06_12.615,10320,
Alabama2025,10320_LeafPhotoA_2025-10-23 10_06_23.841,10320,
Alabama2025,10321_LeafPhotoA_2025-10-23 10_06_45.031,10321,PI534053
Alabama2025,10321_LeafPhotoA_2025-10-23 10_06_54.968,10321,PI534053
Alabama2025,10321_LeafPhotoA_2025-10-23 10_07_02.796,10321,PI534053
Alabama2025,10324_LeafPhotoA_2025-10-23 10_09_30.099,10324,
Alabama2025,10324_LeafPhotoA_2025-10-23 10_09_38.315,10324,
Alabama2025,10324_LeafPhotoA_2025-10-23 10_09_44.978,10324,
Alabama2025,10401_LeafPhotoA_2025-10-23 14_14_43.457,10401,
Alabama2025,10401_LeafPhotoA_2025-10-23 14_15_06.638,10401,
Alabama2025,10401_LeafPhotoA_2025-10-23 14_15_29.042,10401,
Alabama2025,10413_LeafPhotoA_2025-10-23 14_30_43.913,10413,
Alabama2025,10413_LeafPhotoA_2025-10-23 14_31_07.967,10413,
Alabama2025,10413_LeafPhotoA_2025-10-23 14_31_26.015,10413,
Alabama2025,10415_LeafPhotoA_2025-10-23 14_34_25.723,10415,
Alabama2025,10415_LeafPhotoA_2025-10-23 14_34_58.751,10415,
Alabama2025,10415_LeafPhotoA_2025-10-23 14_35_26.046,10415,
Alabama2025,10424_LeafPhotoA_2025-10-23 14_49_14.514,10424,
Alabama2025,10424_LeafPhotoA_2025-10-23 14_49_31.808,10424,
Alabama2025,10424_LeafPhotoA_2025-10-23 14_50_40.575,10424,
Alabama2025,10426_LeafPhotoA_2025-10-23 14_53_25.154,10426,
Alabama2025,10426_LeafPhotoA_2025-10-23 14_53_51.731,10426,
Alabama2025,10426_LeafPhotoA_2025-10-23 14_54_29.584,10426,
Alabama2025,10501_LeafPhotoA_2025-10-23 14_58_19.296,10501,PI534127
Alabama2025,10502_LeafPhotoA_2025-10-23 14_58_42.793,10502,
Alabama2025,10502_LeafPhotoA_2025-10-23 14_58_56.273,10502,
Alabama2025,10502_LeafPhotoA_2025-10-23 14_59_12.094,10502,
Alabama2025,10521_LeafPhotoA_2025-10-23 15_34_02.901,10521,
Alabama2025,10521_LeafPhotoA_2025-10-23 15_34_24.107,10521,
Alabama2025,10521_LeafPhotoA_2025-10-23 15_34_39.267,10521,
Alabama2025,10525_LeafPhotoA_2025-10-23 15_38_14.487,10525,
Alabama2025,10525_LeafPhotoA_2025-10-23 15_38_31.738,10525,
Alabama2025,10525_LeafPhotoA_2025-10-23 15_38_54.771,10525,
Alabama2025,10526_LeafPhotoA_2025-10-23 15_39_26.219,10526,
Alabama2025,10526_LeafPhotoA_2025-10-23 15_39_45.712,10526,
Alabama2025,10526_LeafPhotoA_2025-10-23 15_40_03.712,10526,
Alabama2025,10603_LeafPhotoA_2025-10-23 15_49_49.497,10603,
Alabama2025,10603_LeafPhotoA_2025-10-23 15_50_07.812,10603,
Alabama2025,10603_LeafPhotoA_2025-10-23 15_50_21.441,10603,
Alabama2025,10608_LeafPhotoA_2025-10-23 15_56_45.973,10608,
Alabama2025,10608_LeafPhotoA_2025-10-23 15_57_01.619,10608,
Alabama2025,10608_LeafPhotoA_2025-10-23 15_57_27.687,10608,
Alabama2025,10609_LeafPhotoA_2025-10-23 15_58_38.158,10609,
Alabama2025,10609_LeafPhotoA_2025-10-23 15_58_56.584,10609,
Alabama2025,10609_LeafPhotoA_2025-10-23 15_59_26.021,10609,
Alabama2025,10611_LeafPhotoA_2025-10-23 16_02_53.233,10611,
Alabama2025,10611_LeafPhotoA_2025-10-23 16_03_16.465,10611,
Alabama2025,10611_LeafPhotoA_2025-10-23 16_03_34.378,10611,
Alabama2025,10612_LeafPhotoA_2025-10-23 16_04_08.184,10612,PI534063
Alabama2025,10614_LeafPhotoA_2025-10-23 16_08_09.257,10614,PI655998
Alabama2025,10617_LeafPhotoA_2025-10-23 16_11_34.150,10617,PI655985
Alabama2025,10620_LeafPhotoA_2025-10-23 16_14_39.626,10620,
Alabama2025,10620_LeafPhotoA_2025-10-23 16_15_02.822,10620,
Alabama2025,10620_LeafPhotoA_2025-10-23 16_15_33.308,10620,
Alabama2025,10623_LeafPhotoA_2025-10-23 16_19_02.711,10623,
Alabama2025,10623_LeafPhotoA_2025-10-23 16_19_22.127,10623,
Alabama2025,10623_LeafPhotoA_2025-10-23 16_19_42.143,10623,
Alabama2025,10625_LeafPhotoA_2025-10-23 16_21_04.554,10625,
Alabama2025,10625_LeafPhotoA_2025-10-23 16_21_24.754,10625,
Alabama2025,10625_LeafPhotoA_2025-10-23 16_22_05.314,10625,
Alabama2025,10704_LeafPhotoA_2025-10-23 16_43_17.070,10704,
Alabama2025,10704_LeafPhotoA_2025-10-23 16_43_34.812,10704,
Alabama2025,10704_LeafPhotoA_2025-10-23 16_43_53.005,10704,
Alabama2025,10706_LeafPhotoA_2025-10-23 16_45_17.715,10706,
Alabama2025,10706_LeafPhotoA_2025-10-23 16_45_30.807,10706,
Alabama2025,10706_LeafPhotoA_2025-10-23 16_45_39.207,10706,
Alabama2025,10711_LeafPhotoA_2025-10-23 16_51_21.239,10711,
Alabama2025,10711_LeafPhotoA_2025-10-23 16_51_45.553,10711,
Alabama2025,10711_LeafPhotoA_2025-10-23 16_52_03.548,10711,
Alabama2025,10714_LeafPhotoA_2025-10-23 16_54_34.415,10714,PI595718
Alabama2025,10716_LeafPhotoA_2025-10-23 16_56_51.061,10716,PI656121
Alabama2025,10718_LeafPhotoA_2025-10-23 16_58_52.009,10718,
Alabama2025,10718_LeafPhotoA_2025-10-23 16_59_05.330,10718,
Alabama2025,10718_LeafPhotoA_2025-10-23 16_59_22.582,10718,
Alabama2025,10723_LeafPhotoA_2025-10-23 17_04_46.188,10723,
Alabama2025,10723_LeafPhotoA_2025-10-23 17_05_01.023,10723,
Alabama2025,10723_LeafPhotoA_2025-10-23 17_05_15.229,10723,
Alabama2025,10726_LeafPhotoA_2025-10-23 17_07_38.014,10726,
Alabama2025,10726_LeafPhotoA_2025-10-23 17_07_53.382,10726,
Alabama2025,10726_LeafPhotoA_2025-10-23 17_08_20.992,10726,
Alabama2025,10801_LeafPhotoA_2025-10-24 09_24_15.617,10801,PI533810
Alabama2025,10808_LeafPhotoA_2025-10-24 09_29_55.437,10808,
Alabama2025,10808_LeafPhotoA_2025-10-24 09_30_09.653,10808,
Alabama2025,10808_LeafPhotoA_2025-10-24 09_30_20.603,10808,
Alabama2025,10815_LeafPhotoA_2025-10-24 09_34_32.853,10815,PI655987
Alabama2025,10822_LeafPhotoA_2025-10-24 09_41_34.633,10822,
Alabama2025,10822_LeafPhotoA_2025-10-24 09_41_51.598,10822,
Alabama2025,10822_LeafPhotoA_2025-10-24 09_42_07.144,10822,
Alabama2025,10908_LeafPhotoA_2025-10-24 10_29_14.039,10908,PI656062
Alabama2025,10910_LeafPhotoA_2025-10-24 10_30_04.578,10910,
Alabama2025,10910_LeafPhotoA_2025-10-24 10_30_22.499,10910,
Alabama2025,10910_LeafPhotoA_2025-10-24 10_31_25.158,10910,
Alabama2025,10912_LeafPhotoA_2025-10-24 10_32_04.493,10912,PI533997
Alabama2025,10912_LeafPhotoA_2025-10-24 10_32_28.718,10912,PI533997
Alabama2025,10914_LeafPhotoA_2025-10-24 10_33_50.918,10914,PI576394
Alabama2025,10914_LeafPhotoA_2025-10-24 10_35_05.334,10914,PI576394
Alabama2025,10922_LeafPhotoA_2025-10-24 10_47_33.053,10922,
Alabama2025,10922_LeafPhotoA_2025-10-24 10_48_02.875,10922,
Alabama2025,10922_LeafPhotoA_2025-10-24 10_48_38.249,10922,
Alabama2025,11004_LeafPhotoA_2025-10-24 11_01_18.216,11004,
Alabama2025,11004_LeafPhotoA_2025-10-24 11_01_51.844,11004,
Alabama2025,11004_LeafPhotoA_2025-10-24 11_02_17.058,11004,
Alabama2025,11005_LeafPhotoA_2025-10-24 11_03_16.441,11005,
Alabama2025,11005_LeafPhotoA_2025-10-24 11_04_01.883,11005,
Alabama2025,11005_LeafPhotoA_2025-10-24 11_04_29.986,11005,
Alabama2025,11017_LeafPhotoA_2025-10-24 11_22_51.396,11017,
Alabama2025,11017_LeafPhotoA_2025-10-24 11_23_20.592,11017,
Alabama2025,11017_LeafPhotoA_2025-10-24 11_23_56.458,11017,
Alabama2025,11021_LeafPhotoA_2025-10-24 11_30_11.572,11021,PI17548
Alabama2025,11104_LeafPhotoA_2025-10-24 11_43_34.540,11104,PI576428
Alabama2025,11116_LeafPhotoA_2025-10-24 11_52_51.650,11116,
Alabama2025,11116_LeafPhotoA_2025-10-24 11_53_07.331,11116,
Alabama2025,11116_LeafPhotoA_2025-10-24 11_53_22.715,11116,
Alabama2025,11126_LeafPhotoA_2025-10-24 11_58_06.286,11126,
Alabama2025,11126_LeafPhotoA_2025-10-24 11_59_01.218,11126,
Alabama2025,11126_LeafPhotoA_2025-10-24 11_59_24.692,11126,
Alabama2025,11203_LeafPhotoA_2025-10-24 12_04_49.872,11203,
Alabama2025,11203_LeafPhotoA_2025-10-24 12_05_52.049,11203,
Alabama2025,11203_LeafPhotoA_2025-10-24 12_06_23.899,11203,
Alabama2025,11209_LeafPhotoA_2025-10-24 12_15_05.171,11209,
Alabama2025,11209_LeafPhotoA_2025-10-24 12_15_28.541,11209,
Alabama2025,11209_LeafPhotoA_2025-10-24 12_15_42.568,11209,
Alabama2025,11304_LeafPhotoA_2025-10-24 13_06_46.938,11304,
Alabama2025,11304_LeafPhotoA_2025-10-24 13_07_11.755,11304,
Alabama2025,11304_LeafPhotoA_2025-10-24 13_07_30.728,11304,
Alabama2025,11310_LeafPhotoA_2025-10-24 13_17_46.645,11310,PI533948
Alabama2025,11314_LeafPhotoA_2025-10-24 13_24_14.706,11314,
Alabama2025,11314_LeafPhotoA_2025-10-24 13_24_33.828,11314,
Alabama2025,11314_LeafPhotoA_2025-10-24 13_24_52.528,11314,
Alabama2025,11325_LeafPhotoA_2025-10-24 13_36_44.486,11325,
Alabama2025,11325_LeafPhotoA_2025-10-24 13_37_10.237,11325,
Alabama2025,11325_LeafPhotoA_2025-10-24 13_37_38.156,11325,
Alabama2025,11411_LeafPhotoA_2025-10-24 13_50_21.521,11411,
Alabama2025,11411_LeafPhotoA_2025-10-24 13_50_46.540,11411,
Alabama2025,11411_LeafPhotoA_2025-10-24 13_51_03.867,11411,
Alabama2025,11427_LeafPhotoA_2025-10-24 14_04_33.045,11427,PI655980
Alabama2025,11427_LeafPhotoA_2025-10-24 14_05_08.503,11427,PI655980
Alabama2025,11427_LeafPhotoA_2025-10-24 14_05_54.868,11427,PI655980
Alabama2025,11515_LeafPhotoA_2025-10-24 14_20_06.577,11515,PI534115
Alabama2025,11517_LeafPhotoA_2025-10-24 14_20_36.231,11517,PI656060
Alabama2025,11604_LeafPhotoA_2025-10-24 14_37_32.709,11604,
Alabama2025,11604_LeafPhotoA_2025-10-24 14_37_49.263,11604,
Alabama2025,11604_LeafPhotoA_2025-10-24 14_38_05.842,11604,
Alabama2025,11607_LeafPhotoA_2025-10-24 14_39_57.151,11607,
Alabama2025,11607_LeafPhotoA_2025-10-24 14_40_14.237,11607,
Alabama2025,11607_LeafPhotoA_2025-10-24 14_40_31.981,11607,
Alabama2025,11617_LeafPhotoA_2025-10-24 14_46_03.719,11617,PI656089
Alabama2025,11622_LeafPhotoA_2025-10-24 14_51_33.014,11622,
Alabama2025,11622_LeafPhotoA_2025-10-24 14_51_54.814,11622,
Alabama2025,11622_LeafPhotoA_2025-10-24 14_52_08.882,11622,
Alabama2025,11623_LeafPhotoA_2025-10-24 14_50_18.654,11623,
Alabama2025,11623_LeafPhotoA_2025-10-24 14_50_32.533,11623,
Alabama2025,11623_LeafPhotoA_2025-10-24 14_50_49.205,11623,
Alabama2025,20105_LeafPhotoA_2025-10-23 10_46_05.969,20105,
Alabama2025,20105_LeafPhotoA_2025-10-23 10_46_16.057,20105,
Alabama2025,20105_LeafPhotoA_2025-10-23 10_46_36.024,20105,
Alabama2025,20109_LeafPhotoA_2025-10-23 10_52_03.307,20109,
Alabama2025,20109_LeafPhotoA_2025-10-23 10_52_16.928,20109,
Alabama2025,20109_LeafPhotoA_2025-10-23 10_52_27.718,20109,
Alabama2025,20116_LeafPhotoA_2025-10-23 11_01_03.234,20116,
Alabama2025,20116_LeafPhotoA_2025-10-23 11_01_20.598,20116,
Alabama2025,20116_LeafPhotoA_2025-10-23 11_01_32.414,20116,
Alabama2025,20120_LeafPhotoA_2025-10-23 11_06_07.088,20120,
Alabama2025,20120_LeafPhotoA_2025-10-23 11_06_22.528,20120,
Alabama2025,20120_LeafPhotoA_2025-10-23 11_06_33.821,20120,
Alabama2025,20126_LeafPhotoA_2025-10-23 11_15_00.747,20126,
Alabama2025,20126_LeafPhotoA_2025-10-23 11_15_20.679,20126,
Alabama2025,20126_LeafPhotoA_2025-10-23 11_15_35.339,20126,
Alabama2025,20202_LeafPhotoA_2025-10-23 11_20_55.979,20202,
Alabama2025,20202_LeafPhotoA_2025-10-23 11_21_17.803,20202,
Alabama2025,20202_LeafPhotoA_2025-10-23 11_21_53.935,20202,
Alabama2025,20204_LeafPhotoA_2025-10-23 11_24_48.706,20204,
Alabama2025,20204_LeafPhotoA_2025-10-23 11_25_00.667,20204,
Alabama2025,20204_LeafPhotoA_2025-10-23 11_25_10.465,20204,
Alabama2025,20208_LeafPhotoA_2025-10-23 11_29_37.524,20208,
Alabama2025,20208_LeafPhotoA_2025-10-23 11_29_47.228,20208,
Alabama2025,20208_LeafPhotoA_2025-10-23 11_29_56.488,20208,
Alabama2025,20209_LeafPhotoA_2025-10-23 11_30_41.344,20209,PI656070
Alabama2025,20212_LeafPhotoA_2025-10-23 11_33_02.559,20212,
Alabama2025,20212_LeafPhotoA_2025-10-23 11_33_11.824,20212,
Alabama2025,20212_LeafPhotoA_2025-10-23 11_33_19.554,20212,
Alabama2025,20215_LeafPhotoA_2025-10-23 11_35_28.047,20215,
Alabama2025,20215_LeafPhotoA_2025-10-23 11_35_37.277,20215,
Alabama2025,20215_LeafPhotoA_2025-10-23 11_35_45.830,20215,
Alabama2025,20216_LeafPhotoA_2025-10-23 11_36_16.938,20216,
Alabama2025,20216_LeafPhotoA_2025-10-23 11_36_26.555,20216,
Alabama2025,20216_LeafPhotoA_2025-10-23 11_36_36.990,20216,
Alabama2025,20217_LeafPhotoA_2025-10-23 11_37_21.603,20217,
Alabama2025,20217_LeafPhotoA_2025-10-23 11_37_35.446,20217,
Alabama2025,20217_LeafPhotoA_2025-10-23 11_37_44.819,20217,
Alabama2025,20219_LeafPhotoA_2025-10-23 11_39_51.653,20219,PI534070
Alabama2025,20223_LeafPhotoA_2025-10-23 11_44_02.231,20223,PI534101
Alabama2025,20224_LeafPhotoA_2025-10-23 11_45_23.431,20224,PI597952
Alabama2025,20225_LeafPhotoA_2025-10-23 11_46_21.684,20225,
Alabama2025,20225_LeafPhotoA_2025-10-23 11_46_53.716,20225,
Alabama2025,20225_LeafPhotoA_2025-10-23 11_47_03.889,20225,
Alabama2025,20227_LeafPhotoA_2025-10-23 11_49_14.226,20227,
Alabama2025,20227_LeafPhotoA_2025-10-23 11_49_26.026,20227,
Alabama2025,20227_LeafPhotoA_2025-10-23 11_49_36.615,20227,
Alabama2025,20301_LeafPhotoA_2025-10-23 11_52_35.162,20301,
Alabama2025,20301_LeafPhotoA_2025-10-23 11_52_54.865,20301,
Alabama2025,20301_LeafPhotoA_2025-10-23 11_53_11.360,20301,
Alabama2025,20302_LeafPhotoA_2025-10-23 11_54_35.732,20302,PI533998
Alabama2025,20305_LeafPhotoA_2025-10-23 11_56_49.380,20305,
Alabama2025,20305_LeafPhotoA_2025-10-23 11_57_01.825,20305,
Alabama2025,20305_LeafPhotoA_2025-10-23 11_57_25.143,20305,
Alabama2025,20309_LeafPhotoA_2025-10-23 12_03_42.946,20309,
Alabama2025,20309_LeafPhotoA_2025-10-23 12_03_54.616,20309,
Alabama2025,20309_LeafPhotoA_2025-10-23 12_04_27.463,20309,
Alabama2025,20320_LeafPhotoA_2025-10-23 12_14_40.262,20320,
Alabama2025,20320_LeafPhotoA_2025-10-23 12_14_55.981,20320,
Alabama2025,20320_LeafPhotoA_2025-10-23 12_15_12.712,20320,
Alabama2025,20321_LeafPhotoA_2025-10-23 12_16_29.758,20321,PI534037
Alabama2025,20322_LeafPhotoA_2025-10-23 12_17_05.004,20322,
Alabama2025,20322_LeafPhotoA_2025-10-23 12_17_17.299,20322,
Alabama2025,20322_LeafPhotoA_2025-10-23 12_17_29.876,20322,
Alabama2025,20325_LeafPhotoA_2025-10-23 12_19_26.576,20325,PI655989
Alabama2025,20401_LeafPhotoA_2025-10-23 13_57_22.979,20401,PI533831
Alabama2025,20402_LeafPhotoA_2025-10-23 13_58_28.141,20402,PI533972
Alabama2025,20403_LeafPhotoA_2025-10-23 13_59_16.115,20403,PI534133
Alabama2025,20404_LeafPhotoA_2025-10-23 13_59_34.890,20404,
Alabama2025,20404_LeafPhotoA_2025-10-23 13_59_46.462,20404,
Alabama2025,20404_LeafPhotoA_2025-10-23 14_00_01.002,20404,
Alabama2025,20405_LeafPhotoA_2025-10-23 14_00_22.380,20405,
Alabama2025,20405_LeafPhotoA_2025-10-23 14_00_34.088,20405,
Alabama2025,20405_LeafPhotoA_2025-10-23 14_00_44.013,20405,
Alabama2025,20406_LeafPhotoA_2025-10-23 14_01_07.378,20406,PI629040
Alabama2025,20408_LeafPhotoA_2025-10-23 14_02_09.569,20408,PI656006
Alabama2025,20409_LeafPhotoA_2025-10-23 14_02_52.549,20409,PI656009
Alabama2025,20409_LeafPhotoA_2025-10-23 14_03_02.383,20409,PI656009
Alabama2025,20410_LeafPhotoA_2025-10-23 14_03_32.178,20410,
Alabama2025,20410_LeafPhotoA_2025-10-23 14_03_41.967,20410,
Alabama2025,20410_LeafPhotoA_2025-10-23 14_03_51.081,20410,
Alabama2025,20414_LeafPhotoA_2025-10-23 14_06_47.462,20414,
Alabama2025,20414_LeafPhotoA_2025-10-23 14_06_57.844,20414,
Alabama2025,20414_LeafPhotoA_2025-10-23 14_07_07.903,20414,
Alabama2025,20416_LeafPhotoA_2025-10-23 14_08_45.606,20416,
Alabama2025,20416_LeafPhotoA_2025-10-23 14_08_56.740,20416,
Alabama2025,20416_LeafPhotoA_2025-10-23 14_09_08.082,20416,
Alabama2025,20417_LeafPhotoA_2025-10-23 14_09_39.501,20417,
Alabama2025,20417_LeafPhotoA_2025-10-23 14_09_54.663,20417,
Alabama2025,20417_LeafPhotoA_2025-10-23 14_10_05.449,20417,
Alabama2025,20419_LeafPhotoA_2025-10-23 14_11_25.036,20419,PI533921
Alabama2025,20420_LeafPhotoA_2025-10-23 14_16_56.097,20420,
Alabama2025,20420_LeafPhotoA_2025-10-23 14_17_31.451,20420,
Alabama2025,20420_LeafPhotoA_2025-10-23 14_17_45.307,20420,
Alabama2025,20501_LeafPhotoA_2025-10-23 14_25_04.433,20501,
Alabama2025,20501_LeafPhotoA_2025-10-23 14_25_24.562,20501,
Alabama2025,20501_LeafPhotoA_2025-10-23 14_25_49.106,20501,
Alabama2025,20507_LeafPhotoA_2025-10-23 14_29_12.318,20507,
Alabama2025,20507_LeafPhotoA_2025-10-23 14_29_24.694,20507,
Alabama2025,20507_LeafPhotoA_2025-10-23 14_29_35.225,20507,
Alabama2025,20512_LeafPhotoA_2025-10-23 14_31_32.791,20512,PI533967
Alabama2025,20513_LeafPhotoA_2025-10-23 14_32_19.365,20513,
Alabama2025,20513_LeafPhotoA_2025-10-23 14_32_30.327,20513,
Alabama2025,20513_LeafPhotoA_2025-10-23 14_32_38.456,20513,
Alabama2025,20514_LeafPhotoA_2025-10-23 14_33_12.126,20514,
Alabama2025,20514_LeafPhotoA_2025-10-23 14_33_23.006,20514,
Alabama2025,20514_LeafPhotoA_2025-10-23 14_33_33.580,20514,
Alabama2025,20527_LeafPhotoA_2025-10-23 14_41_34.662,20527,
Alabama2025,20527_LeafPhotoA_2025-10-23 14_41_46.650,20527,
Alabama2025,20527_LeafPhotoA_2025-10-23 14_41_58.939,20527,
Alabama2025,20603_LeafPhotoA_2025-10-23 14_45_32.888,20603,PI533943
Alabama2025,20605_LeafPhotoA_2025-10-23 14_46_48.155,20605,
Alabama2025,20605_LeafPhotoA_2025-10-23 14_47_00.861,20605,
Alabama2025,20605_LeafPhotoA_2025-10-23 14_47_07.217,20605,
Alabama2025,20610_LeafPhotoA_2025-10-23 14_50_25.892,20610,
Alabama2025,20610_LeafPhotoA_2025-10-23 14_50_38.136,20610,
Alabama2025,20610_LeafPhotoA_2025-10-23 14_50_49.550,20610,
Alabama2025,20617_LeafPhotoA_2025-10-23 14_57_33.824,20617,
Alabama2025,20617_LeafPhotoA_2025-10-23 14_57_46.576,20617,
Alabama2025,20617_LeafPhotoA_2025-10-23 14_57_55.591,20617,
Alabama2025,20620_LeafPhotoA_2025-10-23 15_00_41.945,20620,PI533750
Alabama2025,20624_LeafPhotoA_2025-10-23 15_02_56.816,20624,
Alabama2025,20624_LeafPhotoA_2025-10-23 15_03_07.217,20624,
Alabama2025,20624_LeafPhotoA_2025-10-23 15_03_17.313,20624,
Alabama2025,20710_LeafPhotoA_2025-10-23 16_04_16.624,20710,
Alabama2025,20710_LeafPhotoA_2025-10-23 16_04_54.595,20710,
Alabama2025,20710_LeafPhotoA_2025-10-23 16_05_10.791,20710,
Alabama2025,20711_LeafPhotoA_2025-10-23 16_05_32.368,20711,
Alabama2025,20711_LeafPhotoA_2025-10-23 16_05_53.359,20711,
Alabama2025,20711_LeafPhotoA_2025-10-23 16_06_12.460,20711,
Alabama2025,20713_LeafPhotoA_2025-10-23 16_07_05.352,20713,PI655970
Alabama2025,20714_LeafPhotoA_2025-10-23 16_08_07.580,20714,
Alabama2025,20714_LeafPhotoA_2025-10-23 16_08_29.342,20714,
Alabama2025,20714_LeafPhotoA_2025-10-23 16_08_50.958,20714,
Alabama2025,20718_LeafPhotoA_2025-10-23 16_11_54.351,20718,PI656111
Alabama2025,20719_LeafPhotoA_2025-10-23 16_12_23.253,20719,PI533948
Alabama2025,20723_LeafPhotoA_2025-10-23 16_15_07.393,20723,PI576390
Alabama2025,20723_LeafPhotoA_2025-10-23 16_15_22.951,20723,PI576390
Alabama2025,20801_LeafPhotoA_2025-10-24 09_50_36.076,20801,PI533800
Alabama2025,20806_LeafPhotoA_2025-10-24 09_53_07.653,20806,
Alabama2025,20806_LeafPhotoA_2025-10-24 09_53_22.901,20806,
Alabama2025,20806_LeafPhotoA_2025-10-24 09_53_46.837,20806,
Alabama2025,20808_LeafPhotoA_2025-10-24 09_54_31.382,20808,PI656117
Alabama2025,20808_LeafPhotoA_2025-10-24 09_54_54.155,20808,PI656117
Alabama2025,20816_LeafPhotoA_2025-10-24 10_00_53.186,20816,
Alabama2025,20816_LeafPhotoA_2025-10-24 10_01_27.399,20816,
Alabama2025,20816_LeafPhotoA_2025-10-24 10_02_07.144,20816,
Alabama2025,20821_LeafPhotoA_2025-10-24 10_12_41.911,20821,
Alabama2025,20821_LeafPhotoA_2025-10-24 10_13_04.709,20821,
Alabama2025,20821_LeafPhotoA_2025-10-24 10_13_21.057,20821,
Alabama2025,20906_LeafPhotoA_2025-10-24 10_27_17.097,20906,
Alabama2025,20906_LeafPhotoA_2025-10-24 10_27_34.600,20906,
Alabama2025,20906_LeafPhotoA_2025-10-24 10_28_02.102,20906,
Alabama2025,20908_LeafPhotoA_2025-10-24 10_28_47.730,20908,
Alabama2025,20908_LeafPhotoA_2025-10-24 10_29_23.635,20908,
Alabama2025,20908_LeafPhotoA_2025-10-24 10_30_20.164,20908,
Alabama2025,20910_LeafPhotoA_2025-10-24 10_31_13.039,20910,
Alabama2025,20910_LeafPhotoA_2025-10-24 10_31_45.708,20910,
Alabama2025,20910_LeafPhotoA_2025-10-24 10_32_56.395,20910,
Alabama2025,20913_LeafPhotoA_2025-10-24 10_36_33.005,20913,
Alabama2025,20913_LeafPhotoA_2025-10-24 10_37_21.886,20913,
Alabama2025,20913_LeafPhotoA_2025-10-24 10_37_42.623,20913,
Alabama2025,20918_LeafPhotoA_2025-10-24 10_45_09.493,20918,
Alabama2025,20918_LeafPhotoA_2025-10-24 10_46_22.372,20918,
Alabama2025,20918_LeafPhotoA_2025-10-24 10_46_49.394,20918,
Alabama2025,20921_LeafPhotoA_2025-10-24 10_49_24.059,20921,
Alabama2025,20921_LeafPhotoA_2025-10-24 10_50_04.629,20921,
Alabama2025,20921_LeafPhotoA_2025-10-24 10_50_41.058,20921,
Alabama2025,21004_LeafPhotoA_2025-10-24 11_01_08.234,21004,
Alabama2025,21004_LeafPhotoA_2025-10-24 11_01_29.802,21004,
Alabama2025,21004_LeafPhotoA_2025-10-24 11_02_01.194,21004,
Alabama2025,21013_LeafPhotoA_2025-10-24 11_09_12.722,21013,
Alabama2025,21013_LeafPhotoA_2025-10-24 11_09_31.966,21013,
Alabama2025,21013_LeafPhotoA_2025-10-24 11_09_51.971,21013,
Alabama2025,21016_LeafPhotoA_2025-10-24 11_16_03.621,21016,PI656018
Alabama2025,21021_LeafPhotoA_2025-10-24 11_22_06.469,21021,PI533987
Alabama2025,21112_LeafPhotoA_2025-10-24 11_39_51.103,21112,
Alabama2025,21112_LeafPhotoA_2025-10-24 11_40_14.315,21112,
Alabama2025,21112_LeafPhotoA_2025-10-24 11_40_35.700,21112,
Alabama2025,21219_LeafPhotoA_2025-10-24 12_11_58.658,21219,
Alabama2025,21219_LeafPhotoA_2025-10-24 12_12_21.342,21219,
Alabama2025,21219_LeafPhotoA_2025-10-24 12_12_35.871,21219,
Alabama2025,21220_LeafPhotoA_2025-10-24 12_14_00.776,21220,PI533792
Alabama2025,21225_LeafPhotoA_2025-10-24 12_16_20.778,21225,
Alabama2025,21225_LeafPhotoA_2025-10-24 12_16_37.213,21225,
Alabama2025,21225_LeafPhotoA_2025-10-24 12_16_56.049,21225,
Alabama2025,21303_LeafPhotoA_2025-10-24 14_13_12.074,21303,
Alabama2025,21303_LeafPhotoA_2025-10-24 14_13_32.802,21303,
Alabama2025,21303_LeafPhotoA_2025-10-24 14_13_51.258,21303,
Alabama2025,21306_LeafPhotoA_2025-10-24 14_18_58.341,21306,
Alabama2025,21306_LeafPhotoA_2025-10-24 14_19_22.328,21306,
Alabama2025,21306_LeafPhotoA_2025-10-24 14_20_07.612,21306,
Alabama2025,21307_LeafPhotoA_2025-10-24 14_21_28.461,21307,
Alabama2025,21307_LeafPhotoA_2025-10-24 14_21_58.686,21307,
Alabama2025,21307_LeafPhotoA_2025-10-24 14_22_20.278,21307,
Alabama2025,21309_LeafPhotoA_2025-10-24 14_23_52.467,21309,PI656043
Alabama2025,21310_LeafPhotoA_2025-10-24 14_26_24.559,21310,PI533869
Alabama2025,21320_LeafPhotoA_2025-10-24 14_36_33.608,21320,PI533961
Alabama2025,21323_LeafPhotoA_2025-10-24 14_37_45.287,21323,
Alabama2025,21323_LeafPhotoA_2025-10-24 14_38_01.755,21323,
Alabama2025,21323_LeafPhotoA_2025-10-24 14_38_19.182,21323,
Alabama2025,21327_LeafPhotoA_2025-10-24 14_42_21.141,21327,PI656081
Alabama2025,21420_LeafPhotoA_2025-10-24 14_56_16.004,21420,
Alabama2025,21420_LeafPhotoA_2025-10-24 14_56_34.126,21420,
Alabama2025,21420_LeafPhotoA_2025-10-24 14_56_50.190,21420,
Alabama2025,21423_LeafPhotoA_2025-10-24 15_00_30.383,21423,PI534117
Alabama2025,21501_LeafPhotoA_2025-10-24 15_07_21.996,21501,PI533938
Alabama2025,21509_LeafPhotoA_2025-10-24 15_16_51.380,21509,PI655986
Alabama2025,21515_LeafPhotoA_2025-10-24 15_20_30.954,21515,PI561073
Alabama2025,21517_LeafPhotoA_2025-10-24 15_22_11.917,21517,PI656031
Alabama2025,21517_LeafPhotoA_2025-10-24 15_22_38.840,21517,PI656031
Alabama2025,21520_LeafPhotoA_2025-10-24 15_23_44.835,21520,PI534075
Alabama2025,21524_LeafPhotoA_2025-10-24 15_27_16.173,21524,PI576332
Alabama2025,21617_LeafPhotoA_2025-10-24 15_54_27.222,21617,PI656075
Alabama2025,21620_LeafPhotoA_2025-10-24 15_57_15.953,21620,
Alabama2025,21620_LeafPhotoA_2025-10-24 15_57_33.295,21620,
Alabama2025,21620_LeafPhotoA_2025-10-24 15_57_44.082,21620,
Georgia2025,250035_LeafPhotoA_2025-10-01 08_26_09.458,250035,PI655990
Georgia2025,250049_LeafPhotoA_2025-10-01 09_18_34.158,250049,PI576130
Georgia2025,250081_LeafPhotoA_2025-10-01 09_37_22.200,250081,PI533912
Georgia2025,250085_LeafPhotoA_2025-10-01 09_31_31.405,250085,PI597968
Georgia2025,250085_LeafPhotoA_2025-10-01 09_31_43.547,250085,PI597968
Georgia2025,250086_LeafPhotoA_2025-10-01 09_30_16.379,250086,PI656074
Georgia2025,250086_LeafPhotoA_2025-10-01 09_30_30.688,250086,PI656074
Georgia2025,250087_LeafPhotoA_2025-10-01 09_29_16.707,250087,PI656049
Georgia2025,250103_LeafPhotoA_2025-10-01 09_56_13.568,250103,PI534099
Georgia2025,250109_LeafPhotoA_2025-10-01 10_02_45.151,250109,PI597960
Georgia2025,250111_LeafPhotoA_2025-10-01 10_04_18.813,250111,PI533910
Georgia2025,250111_LeafPhotoA_2025-10-01 10_04_29.217,250111,PI533910
Georgia2025,250112_LeafPhotoA_2025-10-01 10_05_42.009,250112,PI533789
Georgia2025,250117_LeafPhotoA_2025-10-01 10_19_10.970,250117,PI655985
Georgia2025,250120_LeafPhotoA_2025-10-01 10_16_44.412,250120,PI656078
Georgia2025,250124_LeafPhotoA_2025-10-01 10_12_33.885,250124,PI276837
Georgia2025,250128_LeafPhotoA_2025-10-01 10_07_30.164,250128,PI533822
Georgia2025,250130_LeafPhotoA_2025-10-01 10_37_47.674,250130,PI534157
Georgia2025,250131_LeafPhotoA_2025-10-01 10_39_20.669,250131,PI655986
Georgia2025,250138_LeafPhotoA_2025-10-01 10_46_04.099,250138,PI656019
Georgia2025,250138_LeafPhotoA_2025-10-01 10_46_15.487,250138,PI656019
Georgia2025,250141_LeafPhotoA_2025-10-01 10_49_20.141,250141,PI534028
Georgia2025,250144_LeafPhotoA_2025-10-01 10_52_33.500,250144,PI597949
Georgia2025,250144_LeafPhotoA_2025-10-01 10_52_42.996,250144,PI597949
Georgia2025,250144_LeafPhotoA_2025-10-01 10_52_50.929,250144,PI597949
Georgia2025,250152_LeafPhotoA_2025-10-01 13_41_25.247,250152,PI655984
Georgia2025,250152_LeafPhotoA_2025-10-01 13_42_14.066,250152,PI655984
Georgia2025,250205_LeafPhotoA_2025-10-01 10_35_54.143,250205,PI656036
Georgia2025,250213_LeafPhotoA_2025-10-01 13_23_15.904,250213,PI534037
Georgia2025,250214_LeafPhotoA_2025-10-01 13_23_44.064,250214,PI656096
Georgia2025,250283_LeafPhotoA_2025-10-01 13_38_18.584,250283,PI533824
Georgia2025,250292_LeafPhotoA_2025-10-01 13_59_55.071,250292,PI656071
Georgia2025,250323_LeafPhotoA_2025-10-01 13_54_21.917,250323,PI655979
Georgia2025,250324_LeafPhotoA_2025-10-01 13_55_38.249,250324,PI576366
Georgia2025,250325_LeafPhotoA_2025-10-01 13_56_41.691,250325,PI656111
Georgia2025,250327_LeafPhotoA_2025-10-01 13_59_29.601,250327,PI656119
Georgia2025,250328_LeafPhotoA_2025-10-01 13_59_51.988,250328,PI533856
Georgia2025,250328_LeafPhotoA_2025-10-01 14_00_38.551,250328,PI533856
Georgia2025,250329_LeafPhotoA_2025-10-01 14_01_47.280,250329,PI533943
Georgia2025,250331_LeafPhotoA_2025-10-01 14_04_02.353,250331,PI534117
Georgia2025,250336_LeafPhotoA_2025-10-01 14_09_42.474,250336,PI595739
Georgia2025,250341_LeafPhotoA_2025-10-01 14_20_26.340,250341,PI534128
Georgia2025,250436_LeafPhotoA_2025-10-02 13_59_46.894,250436,PI564165
Georgia2025,250444_LeafPhotoA_2025-10-02 13_37_42.120,250444,PI597949
Georgia2025,250450_LeafPhotoA_2025-10-02 13_43_28.748,250450,PI534139
Georgia2025,250452_LeafPhotoA_2025-10-02 14_18_48.995,250452,PI576349
Georgia2025,250456_LeafPhotoA_2025-10-02 14_24_46.506,250456,PI656107
Georgia2025,250460_LeafPhotoA_2025-10-02 14_46_22.901,250460,PI585291
Georgia2025,250461_LeafPhotoA_2025-10-02 14_44_44.650,250461,PI533785
Georgia2025,250461_LeafPhotoA_2025-10-02 14_45_03.598,250461,PI533785
Georgia2025,250461_LeafPhotoA_2025-10-02 14_45_22.383,250461,PI533785
Georgia2025,250465_LeafPhotoA_2025-10-02 14_39_57.916,250465,PI656007
Georgia2025,250466_LeafPhotoA_2025-10-02 14_38_31.616,250466,PI533924
Georgia2025,250467_LeafPhotoA_2025-10-02 14_37_33.254,250467,PI533991
Georgia2025,250467_LeafPhotoA_2025-10-02 14_37_50.201,250467,PI533991
Georgia2025,250468_LeafPhotoA_2025-10-02 14_36_15.893,250468,PI533901
Georgia2025,250468_LeafPhotoA_2025-10-02 14_37_04.776,250468,PI533901
Georgia2025,250469_LeafPhotoA_2025-10-02 14_34_56.284,250469,PI656092
Georgia2025,250469_LeafPhotoA_2025-10-02 14_35_18.957,250469,PI656092
Georgia2025,250470_LeafPhotoA_2025-10-02 14_34_00.830,250470,PI655993
Georgia2025,250470_LeafPhotoA_2025-10-02 14_34_19.926,250470,PI655993
Georgia2025,250472_LeafPhotoA_2025-10-02 14_31_50.920,250472,PI534137
Georgia2025,250472_LeafPhotoA_2025-10-02 14_32_04.614,250472,PI534137
Georgia2025,250472_LeafPhotoA_2025-10-02 14_32_18.556,250472,PI534137
Georgia2025,250473_LeafPhotoA_2025-10-02 14_30_53.447,250473,PI656000
Georgia2025,250473_LeafPhotoA_2025-10-02 14_31_09.912,250473,PI656000
Georgia2025,250473_LeafPhotoA_2025-10-02 14_31_24.559,250473,PI656000
Georgia2025,250474_LeafPhotoA_2025-10-02 14_30_15.119,250474,PI656016
Georgia2025,250500_LeafPhotoA_2025-10-03 08_44_14.136,250500,PI642998
Georgia2025,250500_LeafPhotoNotesA_2025-10-03 08_45_18.631,250500,PI642998
Georgia2025,250530_LeafPhotoA_2025-10-03 09_18_17.312,250530,PI655999
Georgia2025,250601_LeafPhotoA_2025-10-03 08_57_28.282,250601,PI533871
Georgia2025,250618_LeafPhotoA_2025-10-03 09_02_36.050,250618,PI576345
Georgia2025,250622_LeafPhotoA_2025-10-03 09_25_01.991,250622,PI656023
Georgia2025,250629_LeafPhotoA_2025-10-03 09_31_02.510,250629,PI533766
Georgia2025,250711_LeafPhotoA_2025-10-07 13_41_15.626,250711,PI586435
Georgia2025,250711_LeafPhotoA_2025-10-07 13_41_53.458,250711,PI586435
Georgia2025,250716_LeafPhotoA_2025-10-07 13_47_13.079,250716,PI329551
Georgia2025,250721_LeafPhotoA_2025-10-07 13_52_55.137,250721,PI329584
Georgia2025,250721_LeafPhotoA_2025-10-07 13_53_09.368,250721,PI329584
Georgia2025,250743_LeafPhotoA_2025-10-07 14_24_59.467,250743,PI297171
Georgia2025,250743_LeafPhotoA_2025-10-07 14_25_26.346,250743,PI297171
Georgia2025,250747_LeafPhotoA_2025-10-07 14_21_24.516,250747,PI569460
Georgia2025,250749_LeafPhotoA_2025-10-07 14_20_01.752,250749,PI154988
Georgia2025,250752_LeafPhotoA_2025-10-07 14_16_29.379,250752,PI152965
Georgia2025,250753_LeafPhotoA_2025-10-07 14_15_01.790,250753,PI506122
Georgia2025,250754_LeafPhotoA_2025-10-07 14_13_47.464,250754,PI570110
Georgia2025,250755_LeafPhotoA_2025-10-07 14_12_41.048,250755,PI527045
Georgia2025,250756_LeafPhotoA_2025-10-07 14_08_59.482,250756,PI455280
Georgia2025,250758_LeafPhotoA_2025-10-07 14_05_41.883,250758,PI641835
Georgia2025,250760_LeafPhotoA_2025-10-07 14_27_55.746,250760,PI563032
Georgia2025,250766_LeafPhotoA_2025-10-07 14_33_05.139,250766,PI255744
Georgia2025,250767_LeafPhotoA_2025-10-07 14_34_03.393,250767,PI330833
Georgia2025,250768_LeafPhotoA_2025-10-07 14_34_53.846,250768,PI562897
Georgia2025,250770_LeafPhotoA_2025-10-07 14_36_53.009,250770,PI156217
Georgia2025,250771_LeafPhotoA_2025-10-07 14_37_48.298,250771,PI329841
Georgia2025,250772_LeafPhotoA_2025-10-07 14_38_40.649,250772,PI521152
Georgia2025,250774_LeafPhotoA_2025-10-07 14_42_16.452,250774,PI145619
Georgia2025,250787_LeafPhotoNotesA_2025-10-07 14_26_02.055,250787,PI152923
Georgia2025,250807_LeafPhotoA_2025-10-08 08_26_40.979,250807,PI152727
Georgia2025,250807_LeafPhotoA_2025-10-08 08_27_13.033,250807,PI152727
Georgia2025,250807_LeafPhotoA_2025-10-08 08_27_26.304,250807,PI152727
Georgia2025,250808_LeafPhotoA_2025-10-08 08_28_16.225,250808,PI505722
Georgia2025,250809_LeafPhotoA_2025-10-08 08_29_48.101,250809,PI329286
Georgia2025,250809_LeafPhotoA_2025-10-08 08_29_58.952,250809,PI329286
Georgia2025,250814_LeafPhotoA_2025-10-08 08_35_37.690,250814,PI154987
Georgia2025,250815_LeafPhotoA_2025-10-08 08_37_04.290,250815,PI152730
Georgia2025,250818_LeafPhotoA_2025-10-08 08_40_39.887,250818,PI329510
Georgia2025,250818_LeafPhotoA_2025-10-08 08_40_58.354,250818,PI329510
Georgia2025,250819_LeafPhotoA_2025-10-08 08_42_45.708,250819,PI329570
Georgia2025,250824_LeafPhotoA_2025-10-08 09_10_28.443,250824,PI329614
Georgia2025,250833_LeafPhotoA_2025-10-08 09_00_01.942,250833,PI155760
Georgia2025,250835_LeafPhotoA_2025-10-08 08_55_59.672,250835,PI329478
Georgia2025,250836_LeafPhotoA_2025-10-08 08_54_53.707,250836,PI155149
Georgia2025,250842_LeafPhotoA_2025-10-08 09_24_11.888,250842,PI329711
Georgia2025,250843_LeafPhotoA_2025-10-08 09_27_24.306,250843,PI562990
Georgia2025,250846_LeafPhotoA_2025-10-08 09_29_36.716,250846,PI330195
Georgia2025,250851_LeafPhotoA_2025-10-08 09_34_30.351,250851,PI569457
Georgia2025,250854_LeafPhotoA_2025-10-08 09_38_13.386,250854,PI22913
Georgia2025,250855_LeafPhotoA_2025-10-08 10_11_03.400,250855,PI145632
Georgia2025,250858_LeafPhotoA_2025-10-08 10_07_46.423,250858,PI452542
Georgia2025,250863_LeafPhotoA_2025-10-08 10_02_06.443,250863,PI152862
Georgia2025,250865_LeafPhotoA_2025-10-08 09_58_20.445,250865,PI156330
Georgia2025,250912_LeafPhotoA_2025-10-08 09_37_06.012,250912,PI569416
Georgia2025,251001_LeafPhotoA_2025-10-08 10_26_46.940,251001,PI267573
Georgia2025,251005_LeafPhotoA_2025-10-08 10_31_54.618,251005,PI155885
Georgia2025,251005_LeafPhotoA_2025-10-08 10_32_07.168,251005,PI155885
Georgia2025,251007_LeafPhotoA_2025-10-08 10_34_06.155,251007,PI156890
Georgia2025,251007_LeafPhotoA_2025-10-08 10_34_37.998,251007,PI156890
Georgia2025,251010_LeafPhotoA_2025-10-08 10_37_09.756,251010,PI195754
Georgia2025,251013_LeafPhotoA_2025-10-08 10_40_16.919,251013,PI329843
Georgia2025,251013_LeafPhotoA_2025-10-08 10_40_39.391,251013,PI329843
Georgia2025,251029_LeafPhotoA_2025-10-08 10_51_23.472,251029,PI562991
Georgia2025,251072_LeafPhotoA_2025-10-08 13_35_50.090,251072,PI152733
Georgia2025,251072_LeafPhotoA_2025-10-08 13_36_02.526,251072,PI152733
Georgia2025,251075_LeafPhotoA_2025-10-08 13_43_34.917,251075,PI641835
Georgia2025,251084_LeafPhotoA_2025-10-08 13_51_13.452,251084,PI329506
Georgia2025,251084_LeafPhotoA_2025-10-08 13_51_26.997,251084,PI329506
Georgia2025,251087_LeafPhotoA_2025-10-08 13_54_32.200,251087,PI569444
Georgia2025,251087_LeafPhotoA_2025-10-08 13_55_08.965,251087,PI569444
Georgia2025,251088_LeafPhotoA_2025-10-08 14_12_39.492,251088,PI329545
Georgia2025,251088_LeafPhotoA_2025-10-08 14_12_53.410,251088,PI329545
Georgia2025,251096_LeafPhotoA_2025-10-08 14_04_58.026,251096,PI570085
Georgia2025,251101_LeafPhotoA_2025-10-08 13_58_45.080,251101,PI330807
Georgia2025,251103_LeafPhotoA_2025-10-08 13_57_36.273,251103,PI329665
Georgia2025,251136_LeafPhotoA_2025-10-10 10_12_45.431,251136,PI175919
Georgia2025,251146_LeafPhotoA_2025-10-10 10_23_36.132,251146,PI152860
Georgia2025,251147_LeafPhotoA_2025-10-10 10_24_41.284,251147,PI505722
Georgia2025,251150_LeafPhotoA_2025-10-10 10_27_03.731,251150,PI569418
Georgia2025,251158_LeafPhotoA_2025-10-10 10_39_30.092,251158,PI563006
Georgia2025,251159_LeafPhotoA_2025-10-10 10_38_11.390,251159,PI330196
Georgia2025,251161_LeafPhotoA_2025-10-10 10_36_48.021,251161,PI329333
Georgia2025,251171_LeafPhotoA_2025-10-10 10_52_20.317,251171,PI152828
Georgia2025,251173_LeafPhotoA_2025-10-10 10_54_09.468,251173,PI570400
Georgia2025,251173_LeafPhotoA_2025-10-10 10_54_20.655,251173,PI570400
Georgia2025,251175_LeafPhotoA_2025-10-10 10_56_10.858,251175,PI329583
Georgia2025,251176_LeafPhotoA_2025-10-10 10_57_03.093,251176,PI329645
Georgia2025,251179_LeafPhotoA_2025-10-10 10_59_27.925,251179,PI562970
Georgia2025,251182_LeafPhotoA_2025-10-10 11_02_01.353,251182,PI525049
Georgia2025,251182_LeafPhotoA_2025-10-10 11_02_12.861,251182,PI525049
Georgia2025,251188_LeafPhotoA_2025-10-10 11_40_24.125,251188,PI154987
Georgia2025,251190_LeafPhotoA_2025-10-10 11_37_42.202,251190,PI329699
Georgia2025,251197_LeafPhotoA_2025-10-10 11_28_43.354,251197,PI300118
Georgia2025,251198_LeafPhotoA_2025-10-10 11_26_50.510,251198,PI157033
Georgia2025,251240_LeafPhotoA_2025-10-10 10_50_55.223,251240,PI156330
Georgia2025,251242_LeafPhotoA_2025-10-10 10_48_59.591,251242,PI180348
Georgia2025,251243_LeafPhotoA_2025-10-10 10_47_26.148,251243,PI152862
Georgia2025,251248_LeafPhotoA_2025-10-10 11_00_36.674,251248,PI524475
Georgia2025,251264_LeafPhotoA_2025-10-10 13_48_09.095,251264,PI455307
Georgia2025,251264_LeafPhotoA_2025-10-10 13_48_44.931,251264,PI455307
Georgia2025,251268_LeafPhotoA_2025-10-10 13_52_02.817,251268,PI329646
Georgia2025,251269_LeafPhotoA_2025-10-10 13_52_34.604,251269,PI563196
Georgia2025,251275_LeafPhotoA_2025-10-10 13_58_37.813,251275,PI329673
Georgia2025,251283_LeafPhotoA_2025-10-10 14_11_04.742,251283,PI585452
Georgia2025,251285_LeafPhotoA_2025-10-10 14_08_55.599,251285,PI196583
Georgia2025,251285_LeafPhotoA_2025-10-10 14_09_20.912,251285,PI196583
Georgia2025,251353_LeafPhotoA_2025-10-10 10_54_14.507,251353,PI570074
Georgia2025,251369_LeafPhotoA_2025-10-10 14_18_08.616,251369,PI156268
Nebraska2025,1018_LeafPhotoA_2025-09-08 09_51_08.278,1018,
Nebraska2025,1027_LeafPhotoA_2025-09-08 10_02_31.981,1027,PI656040
Nebraska2025,1107_LeafPhotoA_2025-09-08 09_42_52.051,1107,SC0458
Nebraska2025,1107_LeafPhotoA_2025-09-08 09_43_30.324,1107,SC0458
Nebraska2025,1119_LeafPhotoA_2025-09-08 10_04_21.393,1119,PI534100
Nebraska2025,1132_LeafPhotoA_2025-09-08 10_21_57.592,1132,PI533759
Nebraska2025,1144_LeafPhotoA_2025-09-08 10_39_38.539,1144,PI533817
Nebraska2025,1163_LeafPhotoA_2025-09-08 16_42_34.304,1163,PI534093
Nebraska2025,1304_LeafPhotoA_2025-09-08 09_18_32.647,1304,PI533879
Nebraska2025,1333_LeafPhotoA_2025-09-08 10_00_42.358,1333,PI533776
Nebraska2025,1461_LeafPhotoB_2025-09-08 16_23_19.625,1461,
Nebraska2025,1632_LeafPhotoA_2025-09-09 10_15_40.112,1632,PI17548
Nebraska2025,1632_LeafPhotoA_2025-09-09 10_15_42.668,1632,PI17548
Nebraska2025,1637_LeafPhotoA_2025-09-09 10_20_54.445,1637,PI534052
Nebraska2025,1722_LeafPhotoA_2025-09-09 09_22_01.475,1722,PI533947
Nebraska2025,1804_LeafPhotoA_2025-09-09 08_55_31.515,1804,PI533814
Nebraska2025,1822_LeafPhotoA_2025-09-09 09_23_50.068,1822,PI533827
Nebraska2025,2170_LeafPhotoA_2025-09-09 12_08_50.946,2170,PI656094
Nebraska2025,2172_LeafPhotoA_2025-09-09 12_11_45.293,2172,PI534146
Nebraska2025,2177_LeafPhotoA_2025-09-09 12_21_07.287,2177,PI659691
Nebraska2025,2181_LeafPhotoA_2025-09-09 12_25_36.041,2181,PI533840
Nebraska2025,2182_LeafPhotoA_2025-09-09 12_26_26.340,2182,SC0505
Nebraska2025,2385_LeafPhotoA_2025-09-08 11_55_56.073,2385,PI597944
Nebraska2025,2396_LeafPhotoA_2025-09-08 12_21_36.914,2396,PI576413
Nebraska2025,2417_LeafPhotoB_2025-09-08 10_55_50.662,2417,PI595701
Nebraska2025,2417_LeafPhotoB_2025-09-08 10_56_04.277,2417,PI595701
Nebraska2025,2468_LeafPhotoB_2025-09-08 11_45_18.676,2468,PI533844
Nebraska2025,2617_LeafPhotoA_2025-09-09 12_04_34.317,2617,PI576379
Nebraska2025,2626_LeafPhotoA_2025-09-09 12_16_05.525,2626,PI576409
Nebraska2025,2743_LeafPhotoA_2025-09-09 11_13_07.020,2743,SC0540
Nebraska2025,2757_LeafPhotoA_2025-09-09 16_25_38.722,2757,PI534121
Nebraska2025,2761_LeafPhotoA_2025-09-09 16_16_12.855,2761,SC0463
Nebraska2025,2770_LeafPhotoA_2025-09-09 15_52_08.568,2770,PI533837
Nebraska2025,2771_LeafPhotoA_2025-09-09 15_50_19.487,2771,PI533745
Nebraska2025,2779_LeafPhotoA_2025-09-09 15_26_32.894,2779,PI534001
Nebraska2025,2779_LeafPhotoA_2025-09-09 15_27_57.468,2779,PI534001
Nebraska2025,2783_LeafPhotoA_2025-09-09 15_13_49.243,2783,PI533869
Nebraska2025,2784_LeafPhotoA_2025-09-09 15_09_31.649,2784,SC0847
Nebraska2025,2847_LeafPhotoA_2025-09-09 11_18_03.261,2847,PI533756
Nebraska2025,2849_LeafPhotoA_2025-09-09 11_20_17.083,2849,PI533936
Nebraska2025,2893_LeafPhotoA_2025-09-09 13_59_36.787,2893,PI534166
Nebraska2025,2904_LeafPhotoA_2025-09-09 16_21_49.889,2904,PI595716
Nebraska2025,2953_LeafPhotoA_2025-09-09 15_57_21.600,2953,PI534128
Nebraska2025,6003_LeafPhotoA_2025-09-09 17_10_54.447,6003,PI533753
Nebraska2025,6003_LeafPhotoA_2025-09-09 17_11_19.490,6003,PI533753
Nebraska2025,6003_LeafPhotoA_2025-09-09 17_11_54.880,6003,PI533753
Nebraska2025,6006_LeafPhotoA_2025-09-09 17_07_45.432,6006,PI656092
