genotype,lead_dose
BTx645,0.0
PI152651,0.0
PI153844,2.0
PI153846,0.0
PI22326,0.0
PI24969,0.0
PI276837,2.0
PI34911,2.0
PI533745,0.0
PI533746,0.0
PI533747,0.0
PI533749,0.0
PI533751,2.0
PI533752,0.0
PI533753,0.0
PI533754,0.0
PI533756,0.0
PI533757,0.0
PI533758,0.0
PI533759,2.0
PI533760,0.0
PI533761,2.0
PI533762,2.0
PI533764,1.0
PI533765,2.0
PI533766,2.0
PI533769,0.0
PI533770,0.0
PI533771,0.0
PI533774,0.0
PI533776,0.0
PI533777,0.0
PI533778,0.0
PI533783,0.0
PI533784,2.0
PI533785,0.0
PI533786,0.0
PI533789,2.0
PI533790,0.0
PI533791,0.0
PI533792,2.0
PI533793,2.0
PI533794,0.0
PI533795,0.0
PI533797,0.0
PI533798,0.0
PI533799,0.0
PI533800,2.0
PI533802,0.0
PI533803,0.0
PI533804,0.0
PI533807,2.0
PI533808,0.0
PI533809,0.0
PI533810,0.0
PI533811,0.0
PI533812,0.0
PI533813,0.0
PI533814,0.0
PI533816,0.0
PI533818,0.0
PI533819,0.0
PI533821,0.0
PI533822,0.0
PI533823,0.0
PI533824,0.0
PI533825,0.0
PI533828,0.0
PI533829,0.0
PI533831,0.0
PI533833,0.0
PI533835,2.0
PI533836,0.0
PI533837,0.0
PI533838,0.0
PI533840,0.0
PI533842,0.0
PI533844,2.0
PI533846,0.0
PI533847,0.0
PI533848,0.0
PI533850,0.0
PI533851,2.0
PI533853,0.0
PI533855,2.0
PI533857,0.0
PI533860,0.0
PI533861,0.0
PI533864,0.0
PI533867,0.0
PI533869,0.0
PI533870,0.0
PI533871,0.0
PI533872,0.0
PI533873,0.0
PI533874,0.0
PI533877,0.0
PI533878,0.0
PI533880,0.0
PI533881,0.0
PI533882,0.0
PI533884,0.0
PI533885,2.0
PI533887,0.0
PI533888,0.0
PI533893,0.0
PI533894,0.0
PI533897,0.0
PI533898,0.0
PI533899,0.0
PI533900,0.0
PI533901,0.0
PI533903,0.0
PI533904,0.0
PI533905,0.0
PI533906,0.0
PI533907,0.0
PI533908,0.0
PI533909,0.0
PI533911,0.0
PI533912,2.0
PI533913,0.0
PI533914,2.0
PI533915,2.0
PI533916,2.0
PI533917,0.0
PI533918,2.0
PI533919,0.0
PI533920,0.0
PI533921,0.0
PI533922,0.0
PI533923,2.0
PI533924,0.0
PI533925,0.0
PI533928,0.0
PI533929,0.0
PI533930,2.0
PI533931,0.0
PI533934,0.0
PI533935,0.0
PI533936,0.0
PI533937,0.0
PI533940,0.0
PI533941,0.0
PI533942,0.0
PI533944,0.0
PI533946,0.0
PI533947,0.0
PI533949,0.0
PI533950,0.0
PI533951,0.0
PI533953,0.0
PI533955,0.0
PI533956,0.0
PI533957,0.0
PI533958,0.0
PI533960,0.0
PI533962,2.0
PI533964,0.0
PI533965,0.0
PI533966,2.0
PI533967,0.0
PI533968,0.0
PI533969,2.0
PI533970,2.0
PI533971,2.0
PI533974,2.0
PI533975,0.0
PI533976,0.0
PI533977,0.0
PI533978,0.0
PI533979,0.0
PI533980,0.0
PI533981,0.0
PI533982,0.0
PI533983,2.0
PI533984,0.0
PI533985,2.0
PI533986,2.0
PI533987,0.0
PI533988,0.0
PI533989,0.0
PI533990,0.0
PI533991,0.0
PI533992,0.0
PI533993,0.0
PI533995,0.0
PI533997,0.0
PI533999,0.0
PI534001,0.0
PI534002,0.0
PI534004,0.0
PI534005,0.0
PI534006,0.0
PI534007,0.0
PI534008,2.0
PI534010,0.0
PI534011,0.0
PI534013,0.0
PI534014,0.0
PI534015,0.0
PI534016,0.0
PI534017,0.0
PI534019,2.0
PI534020,2.0
PI534025,0.0
PI534028,0.0
PI534030,0.0
PI534032,0.0
PI534035,0.0
PI534036,0.0
PI534037,0.0
PI534038,0.0
PI534040,2.0
PI534043,0.0
PI534045,2.0
PI534046,2.0
PI534047,2.0
PI534049,2.0
PI534050,2.0
PI534051,0.0
PI534053,0.0
PI534054,0.0
PI534055,2.0
PI534057,0.0
PI534058,0.0
PI534059,0.0
PI534060,0.0
PI534062,0.0
PI534065,0.0
PI534066,0.0
PI534067,0.0
PI534069,0.0
PI534070,0.0
PI534072,0.0
PI534073,2.0
PI534074,0.0
PI534076,0.0
PI534077,0.0
PI534078,0.0
PI534080,0.0
PI534081,0.0
PI534082,0.0
PI534083,0.0
PI534084,0.0
PI534085,0.0
PI534089,0.0
PI534090,0.0
PI534091,0.0
PI534092,0.0
PI534094,2.0
PI534097,0.0
PI534099,2.0
PI534100,0.0
PI534101,0.0
PI534102,0.0
PI534103,0.0
PI534105,2.0
PI534106,2.0
PI534107,0.0
PI534108,2.0
PI534109,2.0
PI534110,0.0
PI534112,2.0
PI534113,2.0
PI534114,2.0
PI534115,0.0
PI534117,0.0
PI534118,0.0
PI534120,0.0
PI534122,0.0
PI534126,0.0
PI534128,0.0
PI534132,0.0
PI534133,0.0
PI534134,0.0
PI534136,0.0
PI534137,0.0
PI534141,2.0
PI534142,0.0
PI534144,0.0
PI534146,0.0
PI534147,0.0
PI534150,0.0
PI534151,0.0
PI534153,0.0
PI534154,2.0
PI534155,0.0
PI534157,2.0
PI534159,0.0
PI534160,0.0
PI534162,0.0
PI534163,2.0
PI534164,0.0
PI534165,0.0
PI534167,0.0
PI542406,2.0
PI542718,0.0
PI548797,0.0
PI552861,0.0
PI561071,0.0
PI561073,0.0
PI564163,0.0
PI564164,0.0
PI564165,0.0
PI565121,0.0
PI576328,2.0
PI576329,0.0
PI576332,2.0
PI576333,0.0
PI576338,0.0
PI576339,0.0
PI576340,0.0
PI576343,0.0
PI576345,0.0
PI576349,0.0
PI576351,2.0
PI576352,0.0
PI576358,0.0
PI576359,0.0
PI576360,0.0
PI576361,0.0
PI576362,0.0
PI576363,2.0
PI576364,2.0
PI576368,0.0
PI576369,2.0
PI576370,0.0
PI576371,2.0
PI576372,1.0
PI576373,0.0
PI576374,2.0
PI576375,0.0
PI576376,0.0
PI576378,0.0
PI576382,0.0
PI576383,0.0
PI576386,0.0
PI576387,0.0
PI576389,0.0
PI576390,0.0
PI576392,0.0
PI576393,0.0
PI576395,0.0
PI576396,0.0
PI576397,0.0
PI576398,0.0
PI576399,2.0
PI576400,0.0
PI576401,0.0
PI576402,0.0
PI576403,0.0
PI576405,2.0
PI576406,0.0
PI576407,0.0
PI576409,0.0
PI576410,2.0
PI576411,2.0
PI576412,2.0
PI576413,0.0
PI576414,0.0
PI576415,0.0
PI576416,0.0
PI576417,0.0
PI576418,0.0
PI576419,0.0
PI576421,0.0
PI576424,0.0
PI576425,0.0
PI576426,0.0
PI576427,0.0
PI576429,0.0
PI576431,0.0
PI576432,0.0
PI576433,0.0
PI576434,0.0
PI576435,0.0
PI576436,0.0
PI576437,2.0
PI595699,0.0
PI595700,0.0
PI595701,0.0
PI595704,0.0
PI595705,0.0
PI595706,0.0
PI595708,0.0
PI595710,0.0
PI595711,2.0
PI595713,0.0
PI595714,2.0
PI595716,0.0
PI595717,0.0
PI595718,0.0
PI595719,2.0
PI595720,0.0
PI595721,0.0
PI595722,0.0
PI595724,0.0
PI595725,0.0
PI595726,0.0
PI595727,0.0
PI595728,0.0
PI595731,0.0
PI595732,0.0
PI595733,0.0
PI595734,0.0
PI595735,0.0
PI595736,0.0
PI595737,0.0
PI595738,2.0
PI595739,0.0
PI595741,0.0
PI595743,1.0
PI595744,0.0
PI595746,0.0
PI595747,0.0
PI595748,2.0
PI597943,0.0
PI597946,0.0
PI597947,0.0
PI597949,2.0
PI597951,0.0
PI597952,2.0
PI597953,0.0
PI597955,0.0
PI597958,0.0
PI597959,0.0
PI597961,0.0
PI597962,0.0
PI597963,2.0
PI597965,0.0
PI597966,2.0
PI597967,0.0
PI597968,2.0
PI597970,0.0
PI597971,2.0
PI597972,0.0
PI597973,0.0
PI597974,0.0
PI597975,2.0
PI597976,0.0
PI597978,2.0
PI597980,0.0
PI597981,2.0
PI597982,2.0
PI607931,2.0
PI609456,0.0
PI613536,0.0
PI629034,0.0
PI629040,0.0
PI629059,0.0
PI641849,0.0
PI642998,0.0
PI651496,2.0
PI655970,0.0
PI655972,0.0
PI655974,0.0
PI655975,0.0
PI655977,2.0
PI655978,0.0
PI655979,0.0
PI655986,0.0
PI655987,0.0
PI655992,0.0
PI655993,0.0
PI655995,0.0
PI655999,0.0
PI656000,0.0
PI656001,0.0
PI656002,0.0
PI656003,0.0
PI656004,0.0
PI656005,0.0
PI656006,0.0
PI656007,0.0
PI656008,0.0
PI656010,0.0
PI656011,0.0
PI656012,0.0
PI656016,0.0
PI656017,0.0
PI656018,0.0
PI656019,0.0
PI656020,0.0
PI656024,0.0
PI656025,0.0
PI656027,0.0
PI656028,0.0
PI656029,0.0
PI656031,0.0
PI656034,0.0
PI656035,2.0
PI656036,0.0
PI656037,0.0
PI656039,0.0
PI656040,0.0
PI656041,0.0
PI656044,0.0
PI656046,0.0
PI656048,0.0
PI656050,2.0
PI656051,0.0
PI656053,0.0
PI656055,0.0
PI656056,0.0
PI656057,2.0
PI656058,0.0
PI656059,0.0
PI656060,0.0
PI656061,0.0
PI656062,0.0
PI656068,0.0
PI656069,2.0
PI656070,0.0
PI656071,2.0
PI656072,0.0
PI656074,0.0
PI656076,0.0
PI656077,0.0
PI656078,0.0
PI656079,1.0
PI656083,0.0
PI656085,0.0
PI656087,0.0
PI656091,0.0
PI656092,0.0
PI656093,0.0
PI656094,0.0
PI656095,0.0
PI656096,0.0
PI656097,0.0
PI656098,0.0
PI656099,0.0
PI656100,0.0
PI656101,2.0
PI656102,2.0
PI656103,0.0
PI656105,0.0
PI656106,2.0
PI656107,0.0
PI656108,0.0
PI656109,0.0
PI656112,0.0
PI656118,0.0
PI656121,0.0
PI659691,2.0
PI659694,0.0
PI659695,0.0
PI659696,2.0
PI659753,0.0
SC0003,0.0
SC0027,0.0
SC0041,2.0
SC0092,0.0
SC0138,0.0
SC0150,0.0
SC0156,0.0
SC0157,0.0
SC0159,0.0
SC0178,0.0
SC0179,0.0
SC0191,0.0
SC0201,0.0
SC0236,0.0
SC0247,2.0
SC0263,0.0
SC0266,1.0
SC0297,0.0
SC0314,2.0
SC0371,0.0
SC0409,0.0
SC0436,0.0
SC0445,2.0
SC0448,0.0
SC0456,0.0
SC0458,0.0
SC0470,0.0
SC0479,0.0
SC0505,0.0
SC0517,0.0
SC0540,0.0
SC0542,0.0
SC0550,0.0
SC0551,2.0
SC0556,0.0
SC0581,0.0
SC0582,0.0
SC0618,0.0
SC0631,0.0
SC0636,0.0
SC0685,0.0
SC0713,0.0
SC0741,0.0
SC0747,0.0
SC0753,2.0
SC0777,2.0
SC0814,0.0
SC0823,2.0
SC0834,0.0
SC0847,0.0
SC0848,0.0
SC0854,0.0
SC0858,0.0
SC0860,0.0
SC0868,0.0
SC0870,0.0
SC0871,0.0
SC0878,0.0
SC0893,0.0
SC0914,0.0
SC0921,0.0
SC1021,0.0
SC1023,0.0
SC1058,0.0
SC1082,0.0
SC1097,0.0
SC1107,2.0
SC1114,1.0
SC1119,0.0
SC1120,0.0
SC1133,0.0
SC1166,2.0
SC1170,0.0
SC1193,0.0
SC1216,2.0
PI533755,2.0
PI533775,0.0
PI533859,0.0
PI533926,0.0
PI533963,0.0
PI534088,0.0
PI534098,2.0
PI534130,0.0
PI576391,2.0
PI576420,0.0
PI595729,0.0
PI656110,0.0
PI656115,0.0
SC0999,0.0
SC1024,0.0
PI533827,0.0
PI533865,0.0
PI533883,0.0
PI533933,0.0
PI534018,0.0
PI534024,0.0
PI534087,0.0
PI534125,0.0
PI576331,2.0
PI576353,2.0
PI576430,0.0
PI656013,0.0
PI656014,0.0
PI656032,0.0
PI656063,0.0
SC0235,0.0
SC0249,2.0
SC0438,0.0
SC0547,0.0
SC0759,0.0
