genotype,4:64959396:G:A
BTx643,0/0
BTx645,0/0
PI152651,1/1
PI153844,1/1
PI153846,0/0
PI156549,1/1
PI17548,0/0
PI22326,0/0
PI24969,0/0
PI276837,0/0
PI329435,0/0
PI329440,NA
PI34911,0/0
PI35038,NA
PI48770,NA
PI533745,0/0
PI533746,0/0
PI533747,NA
PI533749,NA
PI533751,0/0
PI533752,0/0
PI533753,NA
PI533754,NA
PI533756,NA
PI533757,1/1
PI533758,1/1
PI533759,1/1
PI533760,0/0
PI533761,1/1
PI533762,1/1
PI533763,1/1
PI533764,NA
PI533765,NA
PI533766,1/1
PI533768,1/1
PI533769,1/1
PI533770,0/0
PI533771,0/0
PI533774,1/1
PI533776,NA
PI533777,NA
PI533778,1/1
PI533779,NA
PI533781,0/0
PI533782,1/1
PI533783,1/1
PI533784,1/1
PI533785,1/1
PI533786,NA
PI533787,1/1
PI533788,1/1
PI533789,1/1
PI533790,1/1
PI533791,1/1
PI533792,1/1
PI533793,1/1
PI533794,0/0
PI533795,NA
PI533797,NA
PI533798,NA
PI533799,0/0
PI533800,1/1
PI533802,0/0
PI533803,NA
PI533804,NA
PI533807,1/1
PI533808,NA
PI533809,0/0
PI533810,0/0
PI533811,NA
PI533812,NA
PI533813,0/0
PI533814,NA
PI533816,NA
PI533818,NA
PI533819,1/1
PI533820,NA
PI533821,1/1
PI533822,1/1
PI533823,0/0
PI533824,1/1
PI533825,0/0
PI533828,0/0
PI533829,NA
PI533830,1/1
PI533831,0/0
PI533832,0/0
PI533833,1/1
PI533834,1/1
PI533835,1/1
PI533836,1/1
PI533837,NA
PI533838,1/1
PI533839,1/1
PI533840,1/1
PI533841,NA
PI533842,0/0
PI533844,NA
PI533846,0/0
PI533847,NA
PI533848,NA
PI533849,NA
PI533850,NA
PI533851,NA
PI533853,NA
PI533855,NA
PI533856,1/1
PI533857,0/0
PI533858,0/0
PI533860,0/0
PI533861,0/0
PI533862,NA
PI533863,1/1
PI533864,1/1
PI533867,0/0
PI533869,NA
PI533870,1/1
PI533871,1/1
PI533872,0/0
PI533873,NA
PI533874,0/0
PI533876,1/1
PI533877,NA
PI533878,NA
PI533879,NA
PI533880,0/0
PI533881,NA
PI533882,0/0
PI533884,1/1
PI533885,1/1
PI533887,NA
PI533888,NA
PI533893,0/0
PI533894,NA
PI533895,1/1
PI533897,1/1
PI533898,NA
PI533899,0/0
PI533900,NA
PI533901,1/1
PI533902,NA
PI533903,NA
PI533904,NA
PI533905,NA
PI533906,0/0
PI533907,NA
PI533908,NA
PI533909,NA
PI533910,1/1
PI533911,1/1
PI533912,1/1
PI533913,1/1
PI533914,1/1
PI533915,1/1
PI533916,1/1
PI533917,1/1
PI533918,1/1
PI533919,1/1
PI533920,NA
PI533921,NA
PI533922,NA
PI533923,1/1
PI533924,NA
PI533925,NA
PI533927,NA
PI533928,NA
PI533929,NA
PI533930,1/1
PI533931,NA
PI533932,0/0
PI533934,NA
PI533935,NA
PI533936,NA
PI533937,NA
PI533938,1/1
PI533940,NA
PI533941,NA
PI533942,0/0
PI533943,NA
PI533944,0/0
PI533946,0/0
PI533947,0/0
PI533948,NA
PI533949,1/1
PI533950,1/1
PI533951,1/1
PI533953,NA
PI533954,NA
PI533955,NA
PI533956,1/1
PI533957,1/1
PI533958,NA
PI533959,1/1
PI533960,0/0
PI533962,1/1
PI533964,NA
PI533965,1/1
PI533966,1/1
PI533967,0/0
PI533968,1/1
PI533969,0/0
PI533970,1/1
PI533971,0/0
PI533972,1/1
PI533973,0/0
PI533974,0/0
PI533975,NA
PI533976,0/0
PI533977,0/0
PI533978,1/1
PI533979,NA
PI533980,0/0
PI533981,NA
PI533982,NA
PI533983,1/1
PI533984,0/0
PI533985,0/0
PI533986,0/0
PI533987,1/1
PI533988,NA
PI533989,NA
PI533990,NA
PI533991,0/0
PI533992,1/1
PI533993,0/0
PI533994,0/0
PI533995,1/1
PI533996,0/0
PI533997,NA
PI533999,NA
PI534001,NA
PI534002,1/1
PI534004,NA
PI534005,NA
PI534006,0/0
PI534007,0/0
PI534008,NA
PI534009,NA
PI534010,NA
PI534011,NA
PI534013,0/0
PI534014,0/0
PI534015,0/0
PI534016,0/0
PI534017,NA
PI534019,NA
PI534020,1/1
PI534021,0/0
PI534022,NA
PI534023,0/0
PI534025,0/0
PI534026,0/0
PI534027,0/0
PI534028,NA
PI534030,NA
PI534031,0/0
PI534032,0/0
PI534033,0/0
PI534034,0/0
PI534035,0/0
PI534036,NA
PI534037,1/1
PI534038,0/0
PI534040,0/0
PI534041,1/1
PI534042,NA
PI534043,1/1
PI534044,0/0
PI534045,0/0
PI534046,NA
PI534047,1/1
PI534049,0/0
PI534050,1/1
PI534051,0/0
PI534052,1/1
PI534053,1/1
PI534054,NA
PI534055,1/1
PI534057,0/0
PI534058,1/1
PI534059,0/0
PI534060,1/1
PI534061,1/1
PI534062,1/1
PI534063,0/0
PI534065,1/1
PI534066,NA
PI534067,1/1
PI534069,1/1
PI534070,1/1
PI534072,1/1
PI534073,1/1
PI534074,0/0
PI534075,NA
PI534076,NA
PI534077,1/1
PI534078,NA
PI534079,1/1
PI534080,1/1
PI534081,1/1
PI534082,1/1
PI534083,NA
PI534084,1/1
PI534085,1/1
PI534086,1/1
PI534089,1/1
PI534090,1/1
PI534091,0/0
PI534092,NA
PI534094,NA
PI534096,1/1
PI534097,NA
PI534099,0/0
PI534100,1/1
PI534101,0/0
PI534102,NA
PI534103,0/0
PI534105,0/0
PI534106,0/0
PI534107,NA
PI534108,1/1
PI534109,1/1
PI534110,1/1
PI534111,0/0
PI534112,1/1
PI534113,1/1
PI534114,0/0
PI534115,0/0
PI534116,0/0
PI534117,1/1
PI534118,NA
PI534119,0/0
PI534120,NA
PI534122,NA
PI534123,NA
PI534124,NA
PI534126,NA
PI534127,NA
PI534128,0/0
PI534131,NA
PI534132,0/0
PI534133,0/0
PI534134,NA
PI534135,0/0
PI534136,NA
PI534137,0/0
PI534138,1/1
PI534139,1/1
PI534140,1/1
PI534141,1/1
PI534142,1/1
PI534144,1/1
PI534145,0/0
PI534146,0/0
PI534147,NA
PI534148,1/1
PI534149,1/1
PI534150,NA
PI534151,1/1
PI534152,1/1
PI534153,NA
PI534154,0/0
PI534155,NA
PI534156,0/0
PI534157,0/0
PI534158,0/0
PI534159,NA
PI534160,0/0
PI534162,0/0
PI534163,1/1
PI534164,1/1
PI534165,0/0
PI534167,NA
PI540816,NA
PI542406,0/0
PI542718,1/1
PI543243,NA
PI544069,NA
PI548797,0/0
PI552856,0/0
PI552861,NA
PI554647,0/0
PI554649,NA
PI554650,0/0
PI554652,NA
PI554654,NA
PI555457,NA
PI561071,NA
PI561072,NA
PI561073,NA
PI561926,NA
PI562621,NA
PI562622,NA
PI562623,NA
PI562624,NA
PI562625,NA
PI562730,1/1
PI564085,NA
PI564163,0/0
PI564164,NA
PI564165,0/0
PI565121,0/0
PI566819,NA
PI574398,NA
PI574406,NA
PI574407,NA
PI576130,NA
PI576328,0/0
PI576329,NA
PI576332,NA
PI576333,NA
PI576334,1/1
PI576335,NA
PI576338,NA
PI576339,NA
PI576340,NA
PI576341,1/1
PI576342,0/0
PI576343,1/1
PI576345,NA
PI576346,1/1
PI576348,1/1
PI576349,1/1
PI576351,0/0
PI576352,NA
PI576354,1/1
PI576355,NA
PI576357,1/1
PI576358,0/0
PI576359,0/0
PI576360,0/0
PI576361,0/0
PI576362,NA
PI576363,0/0
PI576364,NA
PI576368,1/1
PI576369,1/1
PI576370,1/1
PI576371,0/0
PI576372,0/0
PI576373,1/1
PI576374,1/1
PI576375,NA
PI576376,NA
PI576377,1/1
PI576378,1/1
PI576379,NA
PI576380,0/0
PI576381,NA
PI576382,0/0
PI576383,NA
PI576386,0/0
PI576387,1/1
PI576389,NA
PI576390,NA
PI576392,NA
PI576393,0/0
PI576395,NA
PI576396,0/0
PI576397,NA
PI576398,NA
PI576399,NA
PI576400,NA
PI576401,NA
PI576402,0/0
PI576403,NA
PI576405,0/0
PI576406,0/0
PI576407,0/0
PI576408,NA
PI576409,1/1
PI576410,NA
PI576411,1/1
PI576412,1/1
PI576413,1/1
PI576414,1/1
PI576415,1/1
PI576416,1/1
PI576417,1/1
PI576418,1/1
PI576419,0/0
PI576421,1/1
PI576422,NA
PI576423,0/0
PI576424,0/0
PI576425,NA
PI576426,NA
PI576427,NA
PI576428,0/0
PI576429,0/0
PI576431,1/1
PI576432,1/1
PI576433,NA
PI576434,NA
PI576435,NA
PI576436,NA
PI576437,1/1
PI585295,NA
PI594354,NA
PI594355,NA
PI595221,NA
PI595699,0/0
PI595700,NA
PI595701,NA
PI595702,NA
PI595703,NA
PI595704,NA
PI595705,NA
PI595706,0/0
PI595708,0/0
PI595709,NA
PI595710,1/1
PI595711,NA
PI595712,NA
PI595713,1/1
PI595714,1/1
PI595715,1/1
PI595716,0/0
PI595717,NA
PI595718,1/1
PI595719,0/0
PI595720,NA
PI595721,NA
PI595722,NA
PI595723,NA
PI595724,0/0
PI595725,1/1
PI595726,1/1
PI595727,NA
PI595728,NA
PI595730,0/0
PI595731,0/0
PI595732,0/0
PI595733,0/0
PI595734,0/0
PI595735,0/0
PI595736,0/0
PI595737,0/0
PI595738,0/0
PI595739,NA
PI595740,1/1
PI595741,NA
PI595742,NA
PI595743,0/0
PI595744,1/1
PI595745,1/1
PI595746,0/0
PI595747,NA
PI595748,1/1
PI596332,NA
PI596567,NA
PI597943,NA
PI597944,0/0
PI597945,1/1
PI597946,NA
PI597947,NA
PI597949,NA
PI597950,NA
PI597951,1/1
PI597952,0/0
PI597953,0/0
PI597955,1/1
PI597956,NA
PI597958,NA
PI597959,0/0
PI597960,NA
PI597961,NA
PI597962,0/0
PI597963,0/0
PI597964,0/0
PI597965,NA
PI597966,1/1
PI597967,0/0
PI597968,1/1
PI597970,0/0
PI597971,1/1
PI597972,1/1
PI597973,0/0
PI597974,1/1
PI597975,1/1
PI597976,1/1
PI597977,1/1
PI597978,1/1
PI597979,1/1
PI597980,0/0
PI597981,1/1
PI597982,1/1
PI598069,NA
PI598070,NA
PI601264,NA
PI601415,NA
PI601552,NA
PI601553,1/1
PI601554,0/0
PI601555,NA
PI601556,NA
PI601557,NA
PI601716,NA
PI601717,NA
PI601718,NA
PI601719,NA
PI601720,NA
PI601721,NA
PI601743,NA
PI601744,NA
PI601756,NA
PI601816,0/0
PI602599,NA
PI602600,NA
PI607931,NA
PI609456,1/1
PI613536,NA
PI629034,NA
PI629040,NA
PI629059,0/0
PI641824,NA
PI641836,NA
PI641849,1/1
PI641874,NA
PI642791,NA
PI642992,0/0
PI642998,1/1
PI651492,1/1
PI651496,1/1
PI653616,NA
PI653617,0/0
PI655970,NA
PI655971,0/0
PI655972,NA
PI655973,NA
PI655974,NA
PI655975,0/0
PI655976,NA
PI655977,1/1
PI655978,NA
PI655979,NA
PI655980,NA
PI655982,NA
PI655983,NA
PI655984,1/1
PI655985,NA
PI655986,NA
PI655987,NA
PI655988,NA
PI655989,NA
PI655990,NA
PI655991,NA
PI655992,NA
PI655993,0/0
PI655995,1/1
PI655996,NA
PI655997,NA
PI655998,NA
PI655999,1/1
PI656000,0/0
PI656001,0/0
PI656002,NA
PI656003,NA
PI656004,NA
PI656005,NA
PI656006,NA
PI656007,NA
PI656008,0/0
PI656010,NA
PI656011,NA
PI656012,0/0
PI656015,1/1
PI656016,0/0
PI656017,0/0
PI656018,NA
PI656019,NA
PI656020,NA
PI656021,0/0
PI656022,1/1
PI656023,NA
PI656024,NA
PI656025,1/1
PI656026,0/0
PI656027,0/0
PI656028,NA
PI656029,0/0
PI656031,0/0
PI656033,0/0
PI656034,0/0
PI656035,0/0
PI656036,0/0
PI656037,0/0
PI656038,NA
PI656039,0/0
PI656040,NA
PI656041,0/0
PI656042,NA
PI656043,0/0
PI656044,0/0
PI656046,1/1
PI656047,0/0
PI656048,0/0
PI656049,NA
PI656050,0/0
PI656051,0/0
PI656052,0/0
PI656053,0/0
PI656054,0/0
PI656055,0/0
PI656056,0/0
PI656057,0/0
PI656058,NA
PI656059,0/0
PI656060,NA
PI656061,NA
PI656062,NA
PI656064,0/0
PI656065,1/1
PI656066,0/0
PI656067,0/0
PI656068,0/0
PI656069,NA
PI656070,0/0
PI656071,1/1
PI656072,0/0
PI656073,0/0
PI656074,0/0
PI656075,0/0
PI656076,0/0
PI656077,0/0
PI656078,NA
PI656079,1/1
PI656082,NA
PI656083,1/1
PI656085,0/0
PI656086,0/0
PI656087,NA
PI656088,0/0
PI656091,0/0
PI656092,0/0
PI656093,1/1
PI656094,1/1
PI656095,NA
PI656096,NA
PI656097,0/0
PI656098,1/1
PI656099,0/0
PI656100,0/0
PI656101,1/1
PI656102,1/1
PI656103,1/1
PI656104,0/0
PI656105,1/1
PI656106,1/1
PI656107,0/0
PI656108,0/0
PI656109,1/1
PI656111,NA
PI656112,0/0
PI656118,0/0
PI656120,NA
PI656121,0/0
PI659691,0/0
PI659694,NA
PI659695,NA
PI659696,0/0
PI659753,0/0
SC0003,NA
SC0027,NA
SC0041,1/1
SC0092,NA
SC0138,NA
SC0150,NA
SC0156,NA
SC0157,0/0
SC0159,NA
SC0178,NA
SC0179,NA
SC0191,0/0
SC0201,NA
SC0236,NA
SC0247,NA
SC0263,1/1
SC0266,1/1
SC0276,1/1
SC0287,0/0
SC0297,0/0
SC0314,NA
SC0343,0/0
SC0371,NA
SC0400,NA
SC0409,1/1
SC0436,NA
SC0445,NA
SC0448,0/0
SC0456,0/0
SC0458,NA
SC0470,NA
SC0479,0/0
SC0505,NA
SC0517,NA
SC0521,1/1
SC0540,1/1
SC0542,NA
SC0550,1/1
SC0551,1/1
SC0556,NA
SC0581,NA
SC0582,NA
SC0602,NA
SC0616,NA
SC0618,0/0
SC0631,NA
SC0636,0/0
SC0685,1/1
SC0713,1/1
SC0741,NA
SC0747,NA
SC0753,1/1
SC0777,NA
SC0814,0/0
SC0823,NA
SC0834,0/0
SC0837,NA
SC0847,0/0
SC0848,0/0
SC0854,NA
SC0858,0/0
SC0860,0/0
SC0864,NA
SC0868,NA
SC0870,0/0
SC0871,0/0
SC0877,NA
SC0878,NA
SC0893,NA
SC0895,0/0
SC0914,NA
SC0921,0/0
SC0923,0/0
SC0965,1/1
SC1021,1/1
SC1023,NA
SC1058,0/0
SC1082,1/1
SC1097,NA
SC1107,NA
SC1114,1/1
SC1119,1/1
SC1120,0/0
SC1133,1/1
SC1166,NA
SC1170,NA
SC1178,1/1
SC1193,NA
SC1216,NA
SC1442,NA
SC1446,1/1
PI533755,0/0
PI533772,1/1
PI533775,0/0
PI533780,NA
PI533854,NA
PI533859,0/0
PI533926,NA
PI533952,NA
PI533963,1/1
PI534088,NA
PI534098,0/0
PI534121,NA
PI534130,0/0
PI534166,1/1
PI543247,NA
PI554646,NA
PI554648,NA
PI576350,1/1
PI576366,NA
PI576385,NA
PI576391,NA
PI576420,0/0
PI585291,NA
PI595729,1/1
PI642793,NA
PI656090,0/0
PI656110,NA
PI656115,1/1
SC0412,NA
SC0604,NA
SC0615,1/1
SC0652,1/1
SC0999,NA
SC1024,1/1
PI153852,0/0
PI533827,0/0
PI533865,NA
PI533883,0/0
PI533890,NA
PI533933,0/0
PI534018,NA
PI534024,0/0
PI534087,1/1
PI534093,0/0
PI534125,1/1
PI534143,1/1
PI561472,0/0
PI574397,NA
PI576331,NA
PI576353,0/0
PI576430,1/1
PI603983,NA
PI605723,NA
PI605724,NA
PI605725,NA
PI605726,NA
PI606788,NA
PI613611,NA
PI613613,NA
PI619402,NA
PI656013,1/1
PI656014,1/1
PI656032,NA
PI656063,NA
PI656113,0/0
PI656114,NA
SC0235,NA
SC0249,0/0
SC0438,NA
SC0463,0/0
SC0547,1/1
SC0759,1/1
