genotype,peak_dose,gloss,disease_exg,human_score
BTx643,0,0.0632937671248395,-7.693971315379026,1.4684134175749546
BTx645,0,0.0628094876578204,-8.444781564138113,1.6956639607837762
PI152651,0,0.0532194137425026,-5.509036590129693,2.692592402389688
PI153844,0,0.0469751761324007,-6.809935763346046,2.161457235678156
PI153846,0,0.0559798866091853,-5.785008432054504,2.417915735646908
PI156549,1,,,
PI17548,0,,,
PI22326,0,0.0623225711423075,-5.313147817844182,2.293834381914592
PI24969,0,0.0501626708612576,-7.152848762949298,1.9979541990483445
PI276837,0,0.0485241019759413,-8.754262605529147,1.6606054443635407
PI329435,0,0.0568694180238381,-8.540627093150055,1.3627660628268723
PI329440,0,0.0601459324987155,-6.287440779031948,2.171217311567648
PI34911,0,0.0513994645845908,-5.979267357031623,2.9718791848157142
PI35038,0,0.0518291784562771,-5.324435274411046,2.075740080851015
PI48770,0,0.0388376872905296,-5.528360694399818,2.559614836648543
PI533745,0,0.0613159552739495,-5.056510893727287,2.2615352963324007
PI533746,0,0.0515355006459874,-4.338191276614764,2.4927070494545687
PI533747,0,0.0470219231472077,-6.3366817086352505,1.9868959038569411
PI533749,0,0.0528295928972409,-6.021472790821496,2.169662480500096
PI533751,0,0.058945779873685,-6.892523893819946,1.961262746913394
PI533752,0,0.0578384960229334,-6.830324624331972,1.8731287222106408
PI533753,0,0.0552102838880399,-6.948014994314555,2.63312079352799
PI533754,2,0.0662298471818313,-5.545061871187499,2.185851570394507
PI533756,0,0.0444899298469311,-5.8416660187563485,2.089762375443027
PI533757,0,0.0525283115122236,-7.980868644100502,2.0680297593383616
PI533758,0,0.0730445104819138,-5.451471118349028,2.478922707600901
PI533759,0,0.0422321415457192,-7.578592778283416,2.110223209318998
PI533760,0,0.0426543810912734,-8.297934694431342,1.4874812862070597
PI533761,0,0.0621175237979404,-6.700068566747682,1.8373335601720089
PI533762,0,0.0575303651303933,-6.184901092555666,2.3815789460093235
PI533763,0,0.0574015949196861,-3.547761083310001,3.038925388226795
PI533764,0,0.0634612515499802,-5.988132481939086,2.605797377677089
PI533765,0,0.0533819105490742,-4.431803088708432,3.167864541578527
PI533766,0,0.0539694343097527,-5.306274928916477,2.2012720526774103
PI533768,0,0.0555553349887219,-6.1018281426409136,1.820898849453401
PI533769,0,0.0554674057046887,-6.894880837454148,2.7513701816537344
PI533770,0,0.0594772230245405,-5.353897028718933,2.603187997733234
PI533771,0,0.0640391274051555,-5.089078421443986,3.2803656246836983
PI533774,0,0.0578777860224445,-7.6146646984883795,1.9676851534124205
PI533776,0,0.068027263451584,-4.311033119329183,2.7863726327550893
PI533777,0,0.0516980856438911,-3.5508085692999023,2.969534595390108
PI533778,0,0.0598669355202158,-4.520875833377153,2.9345687359129853
PI533779,0,0.0465720625372789,-8.620392149308861,2.324525793529236
PI533781,0,0.0586105024547845,-5.4735140987123865,2.5888935205531176
PI533782,0,0.0457665123477441,-5.09539532777755,2.622002775661974
PI533783,0,0.0630890124676778,-5.09410895376986,2.6042508239365727
PI533784,0,0.0516989308094339,-5.13117035084365,2.8889072168181977
PI533785,0,0.0663669583719415,-5.419016799636106,2.639875264415893
PI533786,0,0.0492324375555502,-6.853925823777081,2.347527733602961
PI533787,0,0.0556360964848238,-4.704378788413498,2.5404883286617794
PI533788,0,0.0503934747618491,-5.218293162166645,2.9211562765664745
PI533789,0,0.051210048135466,-7.475710548054873,2.397537075462509
PI533790,0,0.0546190966573465,-4.358417087410186,3.1681735773417827
PI533791,0,0.0641474216735472,-4.261226032855401,3.287244452315665
PI533792,0,0.0491040416335208,-3.9968451175158695,2.885475537171703
PI533793,0,0.0420111102901769,-8.439720036255729,1.558980658963099
PI533794,0,0.0597263045288409,-6.176555331925889,1.8918780101804809
PI533795,0,0.0540269639416468,-4.8783471309463735,3.439021964081337
PI533797,0,0.0603423982476662,-6.485330377227741,2.26539495235444
PI533798,0,0.0586112307271967,-7.141588624843675,1.8864957294484264
PI533799,0,0.0612190542848918,-6.635606706671648,2.180638508105364
PI533800,0,0.068452885449006,-6.853358484137686,1.9557939547971297
PI533802,0,0.0529337845156937,-9.086452601898214,1.21852603443383
PI533803,0,0.069782677901955,-4.6528304944073735,2.8105891803331766
PI533804,0,0.0613421540615005,-3.9387418747663,3.2513705169144917
PI533807,0,0.0640309669197075,-7.885976807497899,2.268575613621681
PI533808,0,0.061691420962315,-4.557242400898699,2.968247672229005
PI533809,2,0.049460651271202,-5.675240731699288,2.542155611978417
PI533810,0,0.0481961764478252,-6.420575185497907,2.179967543562335
PI533811,2,0.0418460875511049,-5.175982252791164,2.7301966073688475
PI533812,2,0.0550537578196496,-6.311460950068864,2.1939025507071204
PI533813,2,0.0522939130955552,-7.630798976683811,1.5188623687332046
PI533814,0,0.0511635375889657,-8.811327511796213,1.4076708145312562
PI533816,2,0.050939784299526,-5.57993359529054,2.2753182691017826
PI533818,0,0.0727817330026118,-4.951653950885864,2.674977143670125
PI533819,0,0.0573070763358478,-4.844123602150153,2.4710474531555398
PI533820,0,0.0625135664315674,-6.47342164574828,2.605177884087424
PI533821,0,0.0575086600037487,-5.417134738805071,2.801499274806967
PI533822,0,0.0518857334681516,-7.234515391444956,2.544282134206748
PI533823,2,0.0669504436268878,-4.1174264062745705,2.908917887024882
PI533824,0,0.0447952603039828,-6.637379900462313,2.585920364570478
PI533825,0,0.0427868517099463,-6.573035739058411,2.039923043254663
PI533828,0,0.0646454176078932,-4.524394218813598,2.707068507067967
PI533829,0,0.0548307002089176,-4.445619830106544,2.707206541136213
PI533830,0,0.07025870665154,-4.98501823976221,2.6212232621082494
PI533831,0,0.0442992853607343,-6.192866157656825,1.9923634347834809
PI533832,0,0.0647892876665362,-5.849238600965497,2.464353743287714
PI533833,0,0.0575473634080746,-4.9069009050950925,2.1932232662640554
PI533834,0,0.0460032179666189,-8.418123324447581,1.8827009958170395
PI533835,0,0.0487056842419742,-6.3859160960331165,2.0049332866611103
PI533836,0,0.0596158903294436,-5.759139767115187,2.566470752576981
PI533837,0,0.066158208559105,-7.088832219184807,1.8616118475691927
PI533838,0,0.0793483109554934,-5.801530416404088,2.036001607035204
PI533839,0,0.0552789958809682,-6.832335045905487,2.312784229719848
PI533840,0,0.0567696383383166,-4.730641451560276,2.8452054679843357
PI533841,0,0.055280663619615,-6.444056041897771,2.502780932207795
PI533842,0,0.0489240685630076,-7.482601196003572,1.6031765986836048
PI533844,0,0.0568785479242489,-10.51034800047385,1.5145416791202162
PI533846,0,0.0475987012112057,-5.051311961949878,2.14685622925654
PI533847,0,0.0605418076091174,-7.942138843290211,2.220543591834907
PI533848,0,0.0668401933936136,-5.038834329873957,3.046468619182931
PI533849,2,0.0484326027594226,-4.071550166517261,3.093652161799986
PI533850,0,0.0512619629357605,-4.368971315159264,2.903587645478855
PI533851,0,0.0547211898814377,-5.296362428128546,2.5117544477901785
PI533853,2,0.0648826231868409,-6.697147671619526,2.231055664374839
PI533855,0,0.0514564970298378,-6.2637721044650405,2.155569035360324
PI533856,0,0.0624376678007077,-6.141671641420121,2.734632592507797
PI533857,0,0.0463185114755811,-6.877498402243238,1.9295113901213272
PI533858,0,0.0530125082555481,-7.197454568913493,1.875145792114902
PI533860,0,0.0623334729641527,-7.207808514986657,2.281048554035988
PI533861,0,0.0455475647343694,-6.84518803670518,2.244893095484461
PI533862,0,0.07212231182253,-4.87113605072882,2.9564193758847463
PI533863,0,0.0618994974003374,-6.50200134500474,2.520312759198076
PI533864,0,0.0607934566149009,-6.283043465592203,2.41239801319013
PI533867,0,0.0558073766900194,-3.960215578448984,2.8206902087997423
PI533869,0,0.0645610454505059,-6.245354485170246,2.0446529052329225
PI533870,0,0.0533243034879956,-5.251878407075601,2.80512352232049
PI533871,0,0.0512368840584166,-7.708836848922267,1.9777417913963735
PI533872,0,0.062399189956737,-7.246940781924685,1.7862794605679693
PI533873,0,0.0603895522569409,-5.732409257575819,2.1514248277731096
PI533874,0,0.0630981020061713,-6.417449901476263,1.6709061163152803
PI533876,0,0.0649078008208579,-4.175820564373449,2.6546012800771
PI533877,0,0.0538252122995758,-4.851767962355449,2.4709054276433307
PI533878,0,0.0603576928930532,-6.675392254994762,2.119901949394114
PI533879,0,0.0587405415581456,-5.379448570338646,2.5506381588832774
PI533880,0,0.065961793377747,-5.81148966538672,1.947501069463502
PI533881,0,0.0649045021733526,-4.693530154505457,2.3908098433856444
PI533882,0,0.0607161276780377,-7.9166412254547485,1.5677709756201652
PI533884,0,0.0645101021445046,-4.716322341863936,3.250513760154617
PI533885,0,0.0730686424427206,-3.375861751415065,3.3338723381278346
PI533887,0,0.0629256093182061,-7.858974833281576,2.3247790905517824
PI533888,0,0.0535362003818865,-4.576412560688181,2.5469087921341185
PI533893,0,0.05885714918521,-5.44830640270585,2.47478368513394
PI533894,0,0.0652547821824948,-4.366351188309007,3.407698576920204
PI533895,0,0.0610306150631185,-5.411669817322476,2.59314970840319
PI533897,0,0.0536556793837382,-5.3688941869121285,2.4800653990831583
PI533898,0,0.0757332965754055,-6.215968913957238,2.0205980432165447
PI533899,0,0.0600605606822533,-4.88769664595233,2.854615152450834
PI533900,0,0.0617228675867249,-5.199298597254524,2.4621125890677726
PI533901,0,,,
PI533902,0,0.0526596900591135,-6.643381581585693,2.596611254262747
PI533903,0,0.0580538593069843,-6.600716376211819,1.9802062944192
PI533904,0,0.0424930155471287,-3.934787959077149,2.823530261968106
PI533905,0,0.05878666122276,-4.958189647250511,2.603273517638108
PI533906,0,0.0632485071948944,-6.875032129861837,2.186392005598398
PI533907,0,0.0608319224250484,-7.856729910503901,1.5216998773357622
PI533908,0,0.0599637603461914,-6.5982448965947365,2.303752391352677
PI533909,0,0.0665813728195275,-4.89734847513351,1.982709764128841
PI533910,0,0.0504940362117603,-7.753727014422856,1.9492159083588496
PI533911,0,0.061406275224885,-5.884606266094783,2.044183175616184
PI533912,0,0.0438688791401016,-5.343714019729763,2.881764718682393
PI533913,0,0.0632677884038529,-5.438508417369267,2.3931922605144744
PI533914,0,0.0580192113554232,-5.739159592040944,2.478364494847946
PI533915,0,0.0578619335635119,-4.611280439988189,2.5542388927133564
PI533916,0,0.0662599276491486,-4.398139257777961,2.385311888296913
PI533917,0,0.0672360027452474,-8.296385924553217,2.437261309714021
PI533918,0,0.0456092586809352,-7.317916759542888,1.837891851103499
PI533919,0,0.0541403466563927,-4.811143527777033,2.862496705203527
PI533920,0,0.0521697576345724,-6.983672815997999,2.45532665639059
PI533921,0,0.0570832490399528,-7.561929746632079,2.2832572402338407
PI533922,0,0.0572166946615728,-5.35040996861615,2.5197876013162306
PI533923,0,0.0693474808624667,-7.097425618773421,2.6852815982153264
PI533924,0,0.0584487032699646,-7.421043580565862,2.941592377543585
PI533925,0,0.0456553528599815,-5.325751694568469,2.914809154508956
PI533927,0,,,
PI533928,0,0.0441297039659524,-6.850719338306232,1.933823166093823
PI533929,0,0.0641304506264007,-9.360474463665238,1.2816595944845948
PI533930,0,0.0589992267481748,-6.332303160426886,1.9971583072081485
PI533931,2,0.0574740933550917,-3.188027474006833,2.906308684748817
PI533932,0,0.0485925564535879,-7.931514820211738,1.7701753403296074
PI533934,0,0.0559302210449934,-6.2422101972541775,2.1501705546607868
PI533935,0,0.0552829033687688,-3.3510143351023194,3.2317157738430757
PI533936,0,0.0575669919499211,-6.6330957382822575,2.1113375512445804
PI533937,0,0.056078491953368,-5.246708532376058,2.3401061104121137
PI533938,0,0.0591880633750641,-5.671222027739891,2.6686355805185125
PI533940,0,0.0557945854432709,-6.685685529739223,2.2547104539754126
PI533941,0,0.0481836709045916,-5.80245247171611,2.040383184731037
PI533942,0,0.0503122028507601,-4.402022477563943,2.6995642323823184
PI533943,2,0.0427114967550006,-3.921363857697107,2.483415396419251
PI533944,2,0.0559284608021701,-3.747279610593063,2.749718380357096
PI533946,0,0.0456169181348082,-5.65674952970603,2.022229272832567
PI533947,0,0.0592431280156677,-5.30894205884133,2.292503199497122
PI533948,0,0.0571211904260022,-8.107365345515522,2.057592406178258
PI533949,0,0.0481375115082342,-5.488924361279,2.1902493560052934
PI533950,0,0.0629916801124178,-5.11239916826159,2.721351588577894
PI533951,0,0.0575408102169318,-4.978941355248825,2.626002974322259
PI533953,0,0.0567409313742795,-4.89053695687023,3.1385442312751013
PI533954,0,0.0630636813512095,-7.062833025649422,1.954066681318737
PI533955,0,0.0596963955152106,-6.3759799831432975,2.0824473332616136
PI533956,0,0.0609496176773972,-4.60089632637392,2.533850998089707
PI533957,0,0.0676243982386079,-7.055880765365235,1.8312319777518589
PI533958,0,0.0626874034020108,-6.778507391324148,1.829765065449965
PI533959,0,0.0606481777613568,-4.440498325548624,2.730131611103229
PI533960,0,0.0505031336740061,-6.665390812953676,2.403233549894857
PI533962,0,0.060849557399068,-7.133857592596587,2.382156714760813
PI533964,0,0.0700499816934202,-9.311225037705778,1.613221779481782
PI533965,0,0.0622647663970546,-9.190759705210812,1.6941282182627884
PI533966,0,0.0597626654434899,-4.484689508481264,2.8321194433661145
PI533967,0,0.0571647550708131,-6.095786014089683,1.3887184230848797
PI533968,0,0.0521969161838711,-5.73137250894097,2.2879490182445124
PI533969,0,0.0613904253312212,-7.3591502759322545,2.164351201154128
PI533970,0,0.0433173214577484,-5.832205300039593,3.1348721215530766
PI533971,0,0.0520241268345373,-5.188367964055444,2.3041173550010665
PI533972,0,0.0581926397164817,-7.063123613927922,2.1949509924043764
PI533973,0,0.0502113064286129,-7.901433876912924,1.8302540274453367
PI533974,0,0.056646619450384,-7.236993471805919,2.281440211150127
PI533975,0,0.0673088771210054,-4.20241723200512,2.721640594154747
PI533976,0,0.0551865923854247,-6.326820164499926,2.1961978508687823
PI533977,0,0.0578065430265159,-5.291648513941778,1.7306463489106587
PI533978,0,0.0545101963143367,-4.654791816567654,2.695530042987861
PI533979,0,0.0477113372057322,-7.8031609079975475,1.912045549507264
PI533980,0,0.0477500727786851,-6.218984690304414,2.606214257289066
PI533981,0,0.0535503923316181,-7.520596291872689,2.1880570572534346
PI533982,0,0.0547658093520711,-6.035250066407808,2.2540929012505804
PI533983,0,0.0563655143740591,-5.65712340411519,2.4096861754277823
PI533984,0,0.0524270071389217,-9.201460801414711,1.2738420387459508
PI533985,0,0.0568196689848781,-6.845459099046068,2.5297175287531104
PI533986,0,0.049470494948212,-6.88339150968787,2.4614246079487097
PI533987,0,0.0525695352067252,-7.087150534149556,2.0781073878928336
PI533988,0,0.0505099172765086,-8.002723411585665,1.5238199029914092
PI533989,0,0.0690769524938959,-6.320931412137723,2.2164133627893383
PI533990,0,0.0603237622114142,-6.9624681202774426,1.8591777162786287
PI533991,0,0.0606408909587014,-7.007577382478253,2.3210706017499203
PI533992,0,0.0654690479442777,-5.490965978623159,2.92780644367782
PI533993,0,0.066945489015976,-7.962552635013623,1.725250637739134
PI533994,0,0.0637450371779768,-8.188138775332526,1.4898738927479611
PI533995,0,0.0605476211773948,-4.798203646417999,2.2545042379492752
PI533996,0,0.0571015901139573,-6.828159834633006,2.60296158015376
PI533997,0,0.0639483482512721,-7.199961570090753,2.219115175326558
PI533999,2,0.0533467272231865,-7.475143197340805,2.444722016162186
PI534001,0,0.0459513848149837,-8.612944033284894,2.099277629180431
PI534002,0,0.0630027688560038,-5.860640375900593,2.362518740524256
PI534004,0,0.0564602221135246,-5.851492507462378,2.043178679671957
PI534005,2,0.0586879870506767,-5.419863901067757,2.368559445862719
PI534006,2,0.0403775775035287,-8.275957332025573,2.457948995298993
PI534007,0,0.0707588845976714,-6.6970560197758005,2.2704090898453124
PI534008,0,0.0542393190923252,-6.901497031521707,1.698875457508664
PI534009,0,0.0493059405168813,-6.456672146407834,1.236106533409714
PI534010,0,0.0481780693863578,-6.857260971708548,2.126541470398189
PI534011,2,0.068001901282386,-4.049824459805894,1.7625443751100565
PI534013,0,0.0479376126616882,-7.304417297402352,1.743941812333639
PI534014,0,0.0467289154391096,-9.934116714949196,1.233186809153444
PI534015,0,0.0484306245451123,-7.331814838324941,1.8246433697862416
PI534016,2,0.0543177244961654,-5.669479324762895,2.239659170657861
PI534017,0,0.0620271034277928,-5.324059508265482,2.265896886405382
PI534019,0,0.0654640341386921,-5.912937572651564,2.2582303804642354
PI534020,2,0.0585986575567708,-3.6706917662926273,3.3562181406756304
PI534021,0,0.0496639439044536,-6.87418298084871,1.920492565143108
PI534022,0,0.0606572332263991,-5.033569817554188,2.4170081034402733
PI534023,0,0.0501845049597811,-5.218789325598667,2.7506655236657584
PI534025,0,0.0485622345313012,-6.910789436670301,2.018199429307693
PI534026,0,0.0592653861761453,-6.09873650319495,2.135247219832424
PI534027,0,0.0533067539324117,-3.764545305964097,2.913774065892829
PI534028,0,0.0494605382888358,-6.269737359625028,2.012090106368703
PI534030,0,0.0696564630692312,-6.934440212585262,1.545918245934854
PI534031,0,0.0515470033684017,-6.528560731902923,2.3315596227577133
PI534032,0,0.06479526654192,-6.304313095906014,1.892649819432364
PI534033,0,0.0419129817691471,-6.549203569352262,2.0990014889872586
PI534034,0,0.041883713706224,-5.380097155725052,2.140826156638897
PI534035,0,0.0459531706421776,-5.804663427640917,2.773492115348593
PI534036,0,0.0428498932169716,-7.327518509957011,1.7086765717778416
PI534037,0,0.0423875080995579,-5.082447593199005,3.0111396848046263
PI534038,0,0.051639060425595,-5.977640523723454,2.876054650916103
PI534040,0,0.0526734004855745,-6.430923774386099,2.262903232978445
PI534041,0,0.0454389185530309,-7.401497479411985,2.035867471459
PI534042,0,0.057564785434679,-3.5704251403863347,2.948036872029597
PI534043,0,0.0552328759408024,-8.615560322335947,1.8693602126030728
PI534044,0,0.0570761089035336,-5.245406984539592,2.170005048483846
PI534045,0,0.0584758814196966,-9.986285491544704,1.40647328805379
PI534046,0,0.0575043180501872,-4.510009093170981,2.7262033638944323
PI534047,0,0.0531751290614105,-6.471118045522079,2.754732965524733
PI534049,0,0.0561221858693641,-8.372868711386529,2.2878656083233446
PI534050,0,0.0580775728488423,-5.642696361970335,1.9333586669688168
PI534051,0,0.0610571001778984,-5.876378974899412,3.279720589232938
PI534052,0,0.0567316991480419,-5.734107805659818,2.102498449084002
PI534053,0,0.052467908941593,-6.048172939837337,2.2659993700414143
PI534054,0,0.0589893418067392,-6.540650443561796,2.019825352688106
PI534055,0,0.0577027828622004,-4.694911935984081,2.2671064034995663
PI534057,0,0.062903516302664,-5.277282729013795,2.2655037236183166
PI534058,0,0.0619508762452823,-3.505757336554174,2.708454159080772
PI534059,0,0.059725630720106,-5.324521974633783,2.5076072033454637
PI534060,0,0.0513105059059438,-5.806487958820496,2.194896930199077
PI534061,0,0.0605430219007045,-6.425186618814928,2.071657761254217
PI534062,0,0.0492390504438265,-6.672176992938122,2.2026905163448105
PI534063,0,0.0493194570050139,-8.086684057852224,1.5522553514292077
PI534065,0,0.0529420408038479,-5.07210959125239,2.583826785613532
PI534066,0,0.0853839553816827,-5.4478080237396105,2.440965650364805
PI534067,0,0.0556567668294115,-6.483181641447819,2.250173496132416
PI534069,0,0.0595389154079108,-4.278391798811607,2.6288287266551063
PI534070,0,0.0693261081789536,-2.9158611825621934,3.357866319911885
PI534072,0,0.0580047003154082,-5.50895397793757,1.9512658773889784
PI534073,0,0.0545694570506042,-3.711466358771346,2.9665689779579827
PI534074,0,0.079454261634537,-7.167803952583875,1.8802054702787812
PI534075,0,0.0889016156959858,-5.820331399137397,2.4020751419724347
PI534076,0,0.06793982771625,-5.727982638866385,2.128482279961975
PI534077,0,0.0791054909782636,-4.59997157374351,2.4468518515319886
PI534078,0,0.0509307101862234,-6.166571140801212,2.319628271654645
PI534079,0,0.0539624259620126,-7.961606369560184,2.470224550996988
PI534080,0,0.0541956226290621,-5.643076648608776,2.4991452569526404
PI534081,0,0.0552797410059912,-3.312075479688092,2.806971036742953
PI534082,0,0.0630407547889263,-3.639984306684216,2.983444531832854
PI534083,0,0.0694320412309776,-4.850213854786055,2.677112744707029
PI534084,0,0.0609489297637597,-4.041766429014549,3.067117230125203
PI534085,0,,-3.302449573918657,2.3287870021665973
PI534086,0,0.0509013806184498,-4.676799329167334,3.1835948104156784
PI534089,0,0.0567123164948437,-3.444666300171077,3.0463769642144456
PI534090,0,0.0625154707705855,-5.222785479072167,2.5328462569713204
PI534091,0,0.052260908230805,-1.9955010938274225,3.813868729872636
PI534092,0,0.0731529174175601,-4.028040839218635,2.631042272283617
PI534094,0,0.0607121620491847,-5.718378916148506,2.2324038492071185
PI534096,0,0.0460157390394458,-5.9662897525905,1.9164317452693624
PI534097,0,0.0600711803159878,-7.478033416086947,1.999578892105574
PI534099,0,0.0521277662287601,-7.532765857227649,1.915613761315166
PI534100,0,0.0529304422509042,-5.397863054317003,2.291175989590183
PI534101,0,0.057744713500995,-6.363285926946452,2.239183075502833
PI534102,0,0.0566684866315176,-8.374436954851326,1.8169704423948283
PI534103,0,0.0581548288293095,-8.631096329762434,1.6143833838247414
PI534105,0,0.0531609808100338,-7.052051802385431,2.210815804202903
PI534106,0,0.0502951427659717,-7.327688310237833,1.9993665035750143
PI534107,0,0.0557159430241552,-5.129455940839129,2.2989335786627816
PI534108,0,0.0497754931734683,-6.580849166621648,2.091618287879529
PI534109,0,0.0472821396685152,-4.033271414870846,1.931624888806992
PI534110,0,0.053773003983115,-6.619339041034414,1.998654130332366
PI534111,0,0.0528345851589664,-6.863549489214644,1.9771226874984345
PI534112,0,0.0552692054911017,-8.452402610526535,1.6572925816588258
PI534113,0,0.0501432517857107,-6.901763577732832,2.5365177213474173
PI534114,0,0.0637736204770279,-6.928661757942533,2.327281954944094
PI534115,0,0.0562865739236765,-5.970286572570167,1.8840990859917175
PI534116,0,0.056680094905747,-5.6723352801720885,2.172364409956857
PI534117,0,0.0776015700213813,-6.013195293682925,2.565680369389318
PI534118,0,0.0630913596910555,-4.84414216309712,2.663707064012096
PI534119,0,0.0512941899207817,-9.218743456047152,1.5790451562654415
PI534120,0,0.0530040364584609,-6.657969968031775,1.9232823384934228
PI534122,0,0.0480065538261623,-7.221760949362005,1.969859080591681
PI534123,0,0.0595493348958888,-5.414134514353442,2.9746418317028973
PI534124,0,0.0490574331673941,-5.529103619025604,2.099537037932838
PI534126,0,0.0420149062390939,-1.5077762902386338,3.833987062071256
PI534127,0,0.050007616329919,-7.462267913861438,2.198658164826763
PI534128,0,0.0549019558449201,-8.291646120906906,2.547843501557591
PI534131,0,0.0502942343541696,-7.21722670831509,1.896642544535348
PI534132,0,0.0679817424274561,-8.748755883598205,1.0251756102692844
PI534133,0,0.0498144808840459,-4.9947161720515965,2.2314072100840705
PI534134,0,0.0547534059757493,-4.256367601042982,2.8096744772687767
PI534135,0,0.0437350257478403,-8.773580810572897,1.5217984553448602
PI534136,0,0.0593807269559428,-7.979796846762356,1.8119337062346
PI534137,0,0.0472017047323199,-6.798846558070368,1.7109573072286195
PI534138,0,0.0675233429892865,-5.767572168227282,2.2538629752724
PI534139,0,0.0782764049141622,-5.460824096734957,2.085912072338902
PI534140,0,0.0552316395724152,-8.211675679233572,1.875626701035738
PI534141,0,0.0575197055458339,-5.550386602843317,2.945778750010572
PI534142,0,0.0539292073993446,-1.975465207483412,3.619172003976091
PI534144,0,0.0549048638298194,-6.01474700262531,2.318271878939876
PI534145,2,,,
PI534146,0,0.0650652059239098,-6.633230525197496,1.7918832329255507
PI534147,0,0.0441433474262552,-2.5894632977504184,3.249140100331921
PI534148,0,0.0573417675444467,-4.5397826599294575,2.243928135839981
PI534149,0,0.0364292772643108,-7.203774305172181,1.6547818736462463
PI534150,0,0.0638320605423639,-7.147048860409482,2.4811010648380822
PI534151,0,0.0650291491749704,-7.125656698185484,1.9279401777801444
PI534152,0,0.064394661204821,-6.215998232869064,1.7506070892467196
PI534153,0,0.0524689745104213,-5.210875069271367,2.555644056063598
PI534154,0,0.0671565840890332,-7.417237494695839,1.7766923840553794
PI534155,0,0.0553699249326821,-7.187719008591775,1.6704593613272043
PI534156,0,0.0550352583647202,-6.443682998537904,2.2037420754041386
PI534157,0,0.0460826921070164,-8.469297960226793,1.7205449393645107
PI534158,0,0.0533619946918933,-9.457016860051212,1.5933969298405668
PI534159,0,0.0533538059134653,-7.135240408781379,2.3665688229408084
PI534160,0,0.0541030773033134,-6.955951181314799,1.9295094138418916
PI534162,0,0.0529133226349134,-5.376512467407247,2.178901490342777
PI534163,0,0.0561555740111508,-5.401941654705766,2.25155611530538
PI534164,0,0.0647761769498805,-3.966059031945641,2.653125540919967
PI534165,0,0.0580676776066603,-8.564920482376456,1.7582468253045649
PI534167,0,0.0579086238736863,-6.20225837627876,2.0032689326712445
PI540816,0,0.0625958720700736,-6.315893522004335,2.5528373333437564
PI542406,0,0.041666134134553,-8.882604218861347,1.81348252265796
PI542718,2,0.055959296061802,-1.6774224867787757,3.618700391442631
PI543243,0,0.0599216441813852,-7.157724109551234,2.181513394939686
PI544069,0,0.0568654482785856,-4.577860247398848,2.9656942402362723
PI548797,0,0.0563859081009316,-9.023091775407648,1.4192555868670909
PI552856,0,0.0668616279818759,-8.267467322861616,1.4915017039325789
PI552861,0,0.0540984043465665,-5.792381412709584,1.9507283335197467
PI554647,0,,,
PI554649,0,0.0526882448444213,-7.603021326467815,1.6889476048262493
PI554650,0,0.059939858928564,-7.270874058675965,1.676934627586632
PI554652,0,,,
PI554654,0,0.0536692626876871,-5.110770351958159,2.027432888816966
PI555457,0,0.0637617718408614,-7.324044750824023,2.0622483911900185
PI561071,0,0.0373614782277805,-10.899352590209784,0.8206112574915637
PI561072,0,0.0596386502982636,-6.185092120371005,1.7766614482047078
PI561073,0,0.0584887293775508,-8.795599807327967,1.5993827404131369
PI561926,0,0.0658247047999476,-7.878306482635291,1.6496521451421788
PI562621,0,,,
PI562622,0,,,
PI562623,0,0.0572885928506877,-7.505834686876002,1.507289079768604
PI562624,0,,,
PI562625,0,,,
PI562730,0,,,
PI564085,0,,,
PI564163,0,0.0593939764282175,-6.94416878264736,1.937563529515128
PI564164,0,0.0595455903940432,-8.051226468083073,2.053651719614061
PI564165,0,0.0622973618634813,-8.124488846237037,1.8560180662932375
PI565121,0,0.0597760159777023,-8.071916479306811,1.3725902936839585
PI566819,0,,,
PI574398,0,0.060352939631519,-6.633855967149705,1.5674960832369096
PI574406,0,,,
PI574407,0,0.0575886636086691,-6.6900993035797605,2.262214394937266
PI576130,0,0.0447943451812042,-8.759849829725301,1.144005596778491
PI576328,0,0.0484135769324811,-6.380030396801687,2.1536420088168344
PI576329,0,0.0672037456390632,-4.812447225583902,2.262570441776432
PI576332,0,0.0585605698993766,-5.9981735176440605,2.18335453949844
PI576333,0,0.0564872220431832,-8.826965722507484,1.1801120228962558
PI576334,0,0.0469842645293023,-2.7233365333588813,2.620458488722924
PI576335,0,0.0651264821078558,-5.09903304988034,2.9167209052392824
PI576338,0,0.0624766794516432,-5.790166189880129,2.5690104526670554
PI576339,0,0.0519026536280414,-5.727638850939679,1.6160851498773945
PI576340,0,0.0557470843099973,-7.52959857759617,2.038826918600228
PI576341,0,0.0587344514400301,-5.911905612480899,2.2565089499814204
PI576342,0,0.060500963096106,-5.422763067257025,2.521835709279542
PI576343,0,0.052910998199451,-4.361170952433365,2.523385405755524
PI576345,0,0.0599222932769592,-4.956078483995343,2.294279484432682
PI576346,0,0.0643832020722646,-4.356847355499816,3.3738666170001315
PI576348,0,0.0559171046060515,-4.985703698621192,2.693125821475698
PI576349,0,,,
PI576351,0,0.0502133850021068,-6.051830374320685,2.376381520445052
PI576352,0,0.054438067843842,-6.045062298956411,2.034734238292794
PI576354,0,0.0700939614742559,-5.793771041354857,2.277977489330267
PI576355,0,0.0532702759303554,-7.292957608269973,1.5015981756785877
PI576357,0,0.0644299818657149,-4.688705279226701,3.115698437367742
PI576358,0,0.0580181502872893,-5.917943593360253,1.843670087254836
PI576359,2,0.061548360328647,-6.133311293986096,2.455111037224577
PI576360,0,0.0491994183764834,-5.9771357452292255,2.1444886067128883
PI576361,0,0.0482018897464383,-4.194887304841565,2.7388441615890597
PI576362,2,0.0588059543539262,-6.572180501338567,2.3378118944857835
PI576363,0,0.0572742100505522,-7.622830967035246,1.9860083722445392
PI576364,0,0.0536694646835129,-5.271024172237334,2.4163590480540003
PI576368,0,0.0596720220946093,-5.844316332650155,2.407197757473729
PI576369,0,0.0520550802650226,-5.980034774278111,2.0536385560171304
PI576370,0,0.0543444571201579,-5.016615667487067,2.953559062152636
PI576371,0,0.0570029965877774,-5.738579152518104,2.18248407989434
PI576372,0,0.0488570247445355,-7.921334768625316,1.8083531620298867
PI576373,0,0.0614724291477495,-6.446245924443629,2.345455253369068
PI576374,0,0.0526180385940902,-7.659319354657139,2.632387661159288
PI576375,0,0.0658429156914755,-5.988200914160727,2.567299979339749
PI576376,0,0.0748608645914609,-5.913893053692831,1.991955923105178
PI576377,0,0.0538482028748604,-6.348311655507089,2.2547663284490493
PI576378,0,0.0451576811787211,-6.52597301574799,2.668357036701422
PI576379,0,0.0557351842853736,-5.379353358343852,2.7895180027573696
PI576380,0,0.0670413491061337,-8.055241736764625,1.841639813321104
PI576381,0,0.0687036171146541,-5.910171465072402,1.6133405153295608
PI576382,0,0.053053878395724,-3.3670195859087686,2.853272298741283
PI576383,0,0.0551589790061709,-5.098871320300553,2.891295497592735
PI576386,0,0.0669472353844058,-8.076849484557334,2.077046706798828
PI576387,0,0.0650723820390054,-6.459350328939383,2.1709309880198364
PI576389,0,0.0514845679222643,-5.93118555602841,1.880018482255564
PI576390,0,0.0735105792837457,-4.694444385996935,2.139469057818768
PI576392,0,0.0502925804517112,-4.439246222974808,2.7335294980116425
PI576393,0,0.0603010699547731,-7.717503833159291,2.0098537576615234
PI576395,0,0.0465537847316063,-6.663610169068324,2.3167231457840445
PI576396,0,0.0439280440618361,-8.53994758289405,1.7651448413260091
PI576397,0,0.0601089177560847,-5.735567830526529,2.6851533067904043
PI576398,0,0.0563075580990542,-6.582863738402778,2.394902417500845
PI576399,0,0.0606505131158076,-6.068318327155452,2.7455785333938767
PI576400,0,0.0567068391812308,-7.745180049717858,1.97641203867642
PI576401,0,0.0511106619531102,-6.549410939000216,1.8706454291932493
PI576402,2,0.0537592803505833,-5.8456101871118165,2.0740046900447893
PI576403,0,0.0547278074967517,-5.40351852688345,2.734836986530409
PI576405,0,0.062675672672825,-4.556625727804207,2.3329174709547824
PI576406,0,0.0542841958413126,-3.856924619998079,2.876747599536892
PI576407,2,0.0503688763100476,-6.010420268399667,2.379839086766044
PI576408,0,0.0596164925999777,-3.837144947186331,3.1274869095179767
PI576409,0,0.0589726568335923,-4.71077485314819,2.0532388800216923
PI576410,0,0.0513323244175174,-6.026713103807536,2.207776193144495
PI576411,0,0.0519721327526554,-7.8512971545600765,1.8829177173904403
PI576412,0,0.0654837965471074,-5.529377447550733,2.6688867792318693
PI576413,0,0.0600474375976404,-4.38443770008497,2.713982102708231
PI576414,0,0.0638100933719393,-5.129202922673574,2.9370857672175523
PI576415,0,0.063586283577562,-5.4035759609166,2.455111578653965
PI576416,0,0.0607628454320669,-5.698913799289899,2.5349657095373708
PI576417,0,0.0561673455231268,-5.697320362981609,2.58236082155422
PI576418,0,0.0614536027205022,-4.5402487476538775,2.535146645370792
PI576419,0,0.0670643160442423,-5.099849487405294,3.0628955015640607
PI576421,0,0.0451098936836323,-5.852737474704387,2.450100398898573
PI576422,0,0.0699109581439128,-6.083196438117335,2.9023306192712326
PI576423,0,0.0665062655421961,-6.423880017378173,1.5653680371778735
PI576424,0,0.0599313926123469,-5.934504662535477,2.277013585107384
PI576425,0,0.0652849964624252,-8.898849763057186,1.5804202275232644
PI576426,0,0.0690289213032926,-8.641888605582427,1.6862893592024613
PI576427,0,0.0549931420861891,-7.725334210292302,2.0506655975035555
PI576428,0,0.0570168839492789,-7.88587712526009,1.8387826330375197
PI576429,0,0.0433120151437357,-3.3082007470161248,3.258361323013612
PI576431,0,0.0573889544199196,-6.501478843450578,2.457910167660866
PI576432,0,0.0612387957121048,-4.977364037087353,2.4978520834990325
PI576433,0,0.0483168722724411,-6.791127464147838,2.260977385844664
PI576434,0,0.0761144797277405,-5.654373596091173,2.699229893567397
PI576435,0,0.0506649352233045,-6.453777559300297,2.2628120502012816
PI576436,0,0.0514972954993358,-7.640229357506069,1.6128977742942283
PI576437,0,0.0482405174401261,-7.750905463459465,2.238542555806164
PI585295,0,0.0669087570474947,-7.488479549611753,1.7494737430921634
PI594354,0,,,
PI594355,0,0.0557692944255511,-6.26199387925319,1.99567693002418
PI595221,0,,,
PI595699,2,0.0643747475051935,-5.2901222380628585,2.4479763760931736
PI595700,2,0.0713328268205535,-4.510886491152462,2.8772453659098467
PI595701,0,0.051025599471867,-4.397942355410354,2.575481165360772
PI595702,0,0.0591838290427564,-4.071457998915513,2.6592872310808486
PI595703,0,0.0583046281880751,-6.519136251416814,2.0904000494933026
PI595704,0,0.0559269743141011,-5.064411025715302,2.377804280745756
PI595705,2,0.0645483989231981,-4.578440329482088,3.1663364264932685
PI595706,0,0.0553744034187399,-4.563039675700251,2.9196299895719573
PI595708,0,0.0595108938572771,-4.142565658832145,2.310171134964043
PI595709,0,0.0708242713013818,-6.788637488550733,1.3317443804861544
PI595710,0,0.0560561057716093,-6.237428926725923,2.8124094202927585
PI595711,0,0.056730351392286,-6.9631927889321314,2.20966939535872
PI595712,0,0.0596704910493717,-6.199479433174922,2.5360063075502053
PI595713,0,0.0710126047430994,-6.038995448772999,1.9408421861986545
PI595714,0,0.0539770343496161,-6.4477446748716485,2.307991852240486
PI595715,0,,,
PI595716,0,0.0584065552358175,-7.348574967553067,1.888622898241684
PI595717,0,0.0590728024604671,-6.948013289105311,2.1445489582530537
PI595718,0,0.064076445288704,-6.479066370798619,2.6635287836584323
PI595719,0,0.0513596056982512,-4.713727456227491,2.645050036884854
PI595720,0,0.0591725777591952,-4.24793466319567,3.4052391079597752
PI595721,0,0.0565113514608109,-5.238387200171178,2.543300189572573
PI595722,0,0.0613896996880758,-6.883400884303732,2.0077059121300005
PI595723,2,0.0707797491686749,-4.204176464746883,2.8312239187679005
PI595724,0,0.0574138649459705,-6.461271267278678,2.294843516767961
PI595725,0,0.0512092731732599,-5.917713876603354,2.671114417647927
PI595726,0,0.060862075450728,-8.467928483177682,1.7687349749984065
PI595727,0,0.0653730209317862,-8.237998797873555,1.9286048274020584
PI595728,0,0.0578269220683338,-7.515881390735937,2.1715615202394667
PI595730,0,0.063423234982073,-3.999721019810513,3.1923385227263408
PI595731,0,0.0589524237973585,-4.435342409609046,2.4971700294820973
PI595732,0,0.0519062061848291,-7.956524491016201,1.83256810725776
PI595733,0,0.0739566571375327,-9.68345024962403,1.1615546365137284
PI595734,0,0.0666485540775798,-8.892169099383196,2.061657315481406
PI595735,0,0.0493179347078258,-8.205009573632136,1.4342179085598992
PI595736,0,0.0555892368652723,-7.070133917432736,2.0091145912565462
PI595737,0,0.0645686120917171,-7.131308081583448,1.8266848773846407
PI595738,0,0.0525378551470812,-6.414328642087124,2.437326914034923
PI595739,0,0.0637746370421372,-9.181356857259155,1.309510476271096
PI595740,0,0.0441222687614163,-7.405852662486035,2.3445744353849785
PI595741,0,0.0722274444503177,-5.6934558871784215,2.4098653916790904
PI595742,0,0.0579890094903967,-4.798944407660343,2.599098202151761
PI595743,0,0.0447066554164965,-4.60619100204482,3.00887737666178
PI595744,0,0.062483486928702,-6.096580068935451,2.050177802803138
PI595745,0,0.0629244621896327,-4.908423839367789,2.243536885958158
PI595746,0,0.0750898344584214,-6.560612098223128,1.6748883262720486
PI595747,0,0.0569656204434275,-8.58952613392903,1.6157504029956358
PI595748,0,0.0615504813477451,-5.940730964430185,2.513123615181243
PI596332,0,0.0533933983624174,-7.122945107574727,1.879316701742685
PI596567,0,0.0493087319616571,-6.201808320673427,2.1272382199579423
PI597943,2,0.0601081941734894,-5.787816824193374,2.463147421392806
PI597944,0,0.048250608671497,-8.368590014281686,1.9109147343744275
PI597945,0,0.0525664491939563,-4.416067565015914,2.436300865045383
PI597946,0,0.0578252409845297,-4.94345649936879,2.7298478116736105
PI597947,0,0.0574007080915226,-6.21735932316648,2.4470447739529653
PI597949,0,0.0674309352728452,-6.263865486230955,2.697471839754974
PI597950,0,0.0489150101322011,-2.0804056847353936,3.843432811141777
PI597951,0,0.048768923463027,-3.856025669696408,3.1430929680537334
PI597952,0,0.0427721245121363,-3.774578676926095,3.106832807880872
PI597953,0,0.060851970079143,-3.7205683455922967,2.659227673451949
PI597955,0,0.057749418645735,-9.784982337121177,2.067424619027064
PI597956,0,0.0583528231123578,-3.2623794358278677,2.936912950503829
PI597958,0,0.0583531133248511,-6.912830872538297,1.7973028782831144
PI597959,0,0.0469026252858927,-7.052576943322752,2.239620805384017
PI597960,0,0.0541745574708305,-5.669556570558408,2.603784214108062
PI597961,0,0.055762395356591,-7.642521242753149,1.8870736319928128
PI597962,0,0.0589249730756751,-6.980388144265081,1.8778979800017388
PI597963,0,0.0659545872127234,-6.119196823270699,2.197138685835048
PI597964,0,,,
PI597965,0,0.0517150715835488,-7.1521240217350925,1.829347700910972
PI597966,0,0.0661754262142745,-5.964482641673087,2.2411467303259838
PI597967,0,0.0594399627657216,-8.460380993186165,1.7871669042198606
PI597968,0,0.0502918012538334,-2.71510898018164,3.21157105473761
PI597970,0,0.0737602838277627,-6.09627646636084,2.459217834107132
PI597971,0,0.0451971891401555,-6.742120887937007,2.0253513357368558
PI597972,0,0.05599514812861,-5.322086497768831,2.658769817514957
PI597973,0,0.0560184923939625,-5.742186457283109,2.3100669647778003
PI597974,0,0.0646957729895483,-3.214910376925172,2.924698973318531
PI597975,0,0.0595192146831143,-4.835179465708226,2.6468380104464035
PI597976,0,0.0614191507059031,-5.996492543247754,2.2405798178121867
PI597977,0,0.0509088830446079,-2.281722257285285,3.624329397735013
PI597978,0,0.0608500140456619,-4.797419136646214,2.672913026326138
PI597979,0,0.0584654451712381,-5.06892380090226,2.565586392664228
PI597980,0,0.0647748440428307,-4.085162499127984,2.435769897918441
PI597981,0,0.0460542216064137,-4.093293782144936,3.164532144286317
PI597982,0,0.0520675455584966,-7.156499182965577,2.4132032982236247
PI598069,0,0.04559321276071,-10.067439878599114,1.3473749480325543
PI598070,0,0.0491440973308249,-8.228362973276598,2.3572421223927877
PI601264,0,,,
PI601415,0,0.0547760061485888,-7.512071141760904,1.803752846385406
PI601552,0,,,
PI601553,0,0.0604769318912008,-8.228797803972954,1.2910376758427131
PI601554,0,0.0515841542064444,-7.382086287780467,1.5189297972435063
PI601555,0,0.0500022060306311,-6.485355278771962,2.4766881459284367
PI601556,0,0.0599452576736195,-8.182317684445614,1.6202151542764596
PI601557,0,0.0561694153665962,-7.332883276991062,2.036849419027992
PI601716,0,0.0578214691182931,-4.6341492710802505,2.457774134008708
PI601717,0,,,
PI601718,0,,,
PI601719,0,,,
PI601720,0,,,
PI601721,0,0.0748311544265945,-7.241976463460123,1.86626378119264
PI601743,0,0.0755784079673914,-8.183749767707587,2.2188757428296206
PI601744,0,0.0654582834613653,-8.146884873006591,2.102263919528371
PI601756,0,0.0616839936523392,-6.402782087443633,1.9500865820770716
PI601816,0,0.0001512973749905,-4.470984122922569,2.003420564175086
PI602599,0,0.0616542442397371,-6.450582706001564,2.2351475722860856
PI602600,0,0.0681944590805085,-4.765240621202608,2.3817254942133483
PI607931,0,0.051781326956498,-5.403528348646494,2.2240284105101327
PI609456,0,0.0402027151483674,-6.55349973904432,2.7575810202683604
PI613536,0,0.0478768586401507,-6.524687833832764,2.3634624982111827
PI629034,0,0.0569921042664737,-8.480636274198648,1.341650040674576
PI629040,0,0.0581066903620449,-7.739647694398227,1.571025494989989
PI629059,0,0.0638621804339385,-8.109359323250402,1.7005818152348158
PI641824,0,0.0533065739595515,-6.017044786545149,2.333664707490445
PI641836,0,0.0517167582749496,-6.111356011335925,2.1045564202788234
PI641849,0,0.0512924528138874,-6.869132342810414,2.357060057908384
PI641874,0,0.0483649229662472,-5.4120446469965575,2.698120265703269
PI642791,0,0.0685204851725853,-6.328573206389594,2.026468439377893
PI642992,0,0.0577815101169043,-5.98754032270376,2.5826366355295285
PI642998,0,0.0868487152044427,-5.034226267513548,2.314876924327196
PI651492,0,0.0595982394185299,-7.604085660891212,1.491461717099
PI651496,0,0.0312314142505986,-5.989927233141799,2.677355733952456
PI653616,0,0.0565090615166081,-6.528149029900359,2.1495245537451515
PI653617,0,0.0480788099191583,-4.081891181324382,3.271870679236992
PI655970,0,0.0622761407970688,-7.625278905965739,1.5303306214293817
PI655971,0,0.0606496758920775,-6.597298273494323,2.489246897765392
PI655972,0,0.041959937305893,-4.981370884436652,2.5187432345229155
PI655973,0,0.0636919563238899,-7.353011587306985,2.199041980418321
PI655974,0,0.0557796407817837,-7.049912810178117,1.5476813461952006
PI655975,0,0.0549903993901762,-9.145173274058548,1.2889812495701118
PI655976,0,0.0626553588297734,-3.565564443823781,2.8373448773492638
PI655977,0,0.043250019845053,-7.711390810653066,2.3951724786737825
PI655978,0,0.0574626485664498,-7.856190915498637,1.403816110279279
PI655979,0,0.0579804292937052,-6.530159857473234,1.8276788102186567
PI655980,0,0.0492016134221776,-7.365742647340433,2.148667864408526
PI655982,0,0.0559426935156294,-6.904464644352773,1.5646259482938831
PI655983,0,0.070752934543733,-5.77251695970946,2.441673004548825
PI655984,0,0.0519410400473132,-6.383476290400906,2.354305306686296
PI655985,0,0.0698307798360868,-7.54530941801235,1.6912235002418867
PI655986,0,0.0672914619808411,-5.952234243150277,1.938109194178915
PI655987,0,0.0677603540604841,-6.187563604815772,2.3240174971059013
PI655988,0,0.0640541195540397,-7.264796034208596,1.7456587732285458
PI655989,0,0.0646886703337116,-5.133796440191615,2.47911622198752
PI655990,0,0.0530577674005737,-6.606720259922736,1.9709351241649864
PI655991,0,0.0622054237880066,-6.969775668302185,1.4026624703464925
PI655992,0,0.0641963649152652,-6.577793970989354,1.9323656804800955
PI655993,0,0.0584301752966508,-8.278343526836204,1.4019026423492458
PI655995,0,0.054143393287319,-8.18931336361874,1.995505383521909
PI655996,0,0.0575626503121604,-8.320697508348676,2.207175773824998
PI655997,0,0.0520358751921062,-7.424993937491296,2.0733152381598283
PI655998,0,0.0629090910971451,-7.581168054081205,2.418590703881738
PI655999,0,0.0503022474148992,-7.171558986292101,1.77329987472645
PI656000,0,0.0650465136457137,-7.374328057389334,1.7461896948626845
PI656001,0,0.0634817563359797,-7.126903195861206,1.6321331044755527
PI656002,0,0.0630007846761798,-7.507885879594966,2.0314774709002905
PI656003,0,0.0506108174854727,-5.897970343348183,1.9023030509888352
PI656004,0,0.0644773764062981,-8.527520210355464,1.2822456721285351
PI656005,0,0.0636463167838198,-8.833338604781327,1.7480003142523095
PI656006,0,0.0631179654237545,-8.468896105511389,1.615030205825977
PI656007,0,0.0711837810935609,-6.402598066518147,2.36015543757175
PI656008,0,0.0600068720308837,-8.848772319005873,1.3350732191794172
PI656010,0,0.0536752564459467,-8.529469649416018,1.676097210496442
PI656011,0,0.0602892473585075,-8.730911669068695,1.51749949029592
PI656012,0,0.0558726751468348,-6.851150486751958,2.241084005278337
PI656015,0,0.0504680167649069,-5.664048897886994,2.1340193999531
PI656016,0,0.0621225358134912,-7.9193188383286754,2.043788899340723
PI656017,0,0.0539502711358714,-8.543635024975538,1.9520087093981096
PI656018,0,0.061037983135925,-7.282369370316515,1.954896668716278
PI656019,0,0.0535403924467235,-5.030671629073975,2.626231610202288
PI656020,0,0.0629789595619506,-5.386907018650778,2.064508354686171
PI656021,0,0.0641284142905027,-6.443426216249212,1.9546218027630544
PI656022,0,0.0607352521744922,-3.693656802678917,2.662616456370561
PI656023,0,0.051853427853979,-7.440598963202673,2.3720451079657874
PI656024,0,0.0472827288328077,-6.6272062147168525,1.8985681968091197
PI656025,2,0.0564700789138645,-2.5390722969359825,3.399269435761993
PI656026,0,0.0608005862874117,-7.312277901466807,1.3631793295444026
PI656027,0,0.057223838651501,-5.191524755135974,2.141581953987405
PI656028,0,0.0552151202918638,-7.257617454618641,1.4952982356969742
PI656029,0,0.063069351900288,-6.522586277926678,2.2120827377207104
PI656031,0,0.0603280176000281,-9.560806726954963,1.232921820082623
PI656033,0,0.0685765697859594,-6.241428025987875,2.0695744517241814
PI656034,0,0.0461916368294671,-9.502530246999982,1.362503237932563
PI656035,0,0.0619998378436806,-5.728893100359116,2.258715950332614
PI656036,0,0.0568787859266639,-9.518802736791942,1.3695348467491082
PI656037,0,0.0609690354055238,-8.584179697278584,1.5770196770600802
PI656038,0,0.0502675499072606,-7.571658028821104,1.989748510053124
PI656039,0,0.0672285631232607,-6.967423683599302,1.6459578399981305
PI656040,0,0.0690800103262906,-5.889730736362969,2.8318145553922798
PI656041,0,0.0606237887522947,-7.7551602620663695,2.106320477052828
PI656042,0,0.057062176621544,-7.187516565340037,2.321853668671189
PI656043,0,0.0507615984920324,-7.784524270314558,1.4154254486539657
PI656044,0,0.0459543174690667,-9.84543595893631,1.2602630894407287
PI656046,2,0.050519700151861,-3.0395585171816863,3.3172196713644926
PI656047,0,0.0231651621967421,-7.62761797316404,2.674895617809166
PI656048,0,0.0589774697883246,-8.651248219064529,1.9012907226348403
PI656049,0,0.0648542838410781,-4.595977203757336,2.66507467280014
PI656050,0,0.0643973086674193,-5.327534210167938,2.382588971301044
PI656051,0,0.0625899642885274,-7.136465620759138,1.5625919297136426
PI656052,0,0.0515088575773687,-7.525114533427375,2.5149840653808333
PI656053,0,0.0623822209315126,-8.94390706590406,1.4554191757545183
PI656054,0,0.0465036572283439,-8.196359872382608,1.3579346827766376
PI656055,0,0.0623540846010555,-8.08048778148012,1.6879523500684963
PI656056,0,0.0564202161331473,-7.535050431157153,1.823524021679647
PI656057,0,0.0454949122100645,-6.915485127159167,1.9130889982583816
PI656058,0,0.0520981545286522,-7.642331959934565,1.7558328321333985
PI656059,0,0.062524311420206,-7.323926684333724,2.0078677770902127
PI656060,0,0.0632292594771108,-6.196174955023142,2.1360182538226056
PI656061,0,0.0582232771723907,-5.653689825310735,2.4738579787944706
PI656062,0,0.0604278223454067,-8.65126158539147,1.301354257656224
PI656064,2,0.06996835523825,-4.619251181241932,2.589366929682883
PI656065,0,0.0515204108270762,-5.944480575845813,2.262894468657065
PI656066,0,0.0478384776397708,-6.780122720800279,1.2082507500901658
PI656067,2,0.0673843248958536,-5.813803658522311,2.272120823324631
PI656068,0,0.0553525131288002,-9.288104868764652,1.0851247405395488
PI656069,0,0.0591596573269325,-6.895779454344727,1.9968174800275564
PI656070,0,0.0622581731162178,-7.364052106091194,2.423228441393748
PI656071,0,0.0657230332642451,-5.917384441265888,2.6175447373214054
PI656072,0,0.0542876549030097,-7.818989175278141,1.848288212510193
PI656073,0,0.0564797639518307,-8.284748207129645,2.034670716733731
PI656074,0,0.042198512494626,-6.919183072255949,1.4487256366906538
PI656075,0,0.0595712833995853,-7.4870795544236755,1.3494218910761
PI656076,0,0.0468083714973604,-10.035853597131938,1.2458203613421714
PI656077,0,0.066541935849881,-5.016398364558763,2.4022447155312845
PI656078,0,0.0532628090825939,-7.459352424533402,2.0723936051870178
PI656079,0,0.0782206441428744,-5.898713953106279,2.558418312096709
PI656082,0,0.0619074654410632,-4.634030172112796,3.4145688769827665
PI656083,0,0.0529865838683608,-6.773309125244368,2.167273173977729
PI656085,0,0.0579343981517315,-7.078522692687399,2.023678465047228
PI656086,0,0.053205329182912,-7.167309343981508,1.6990282785535225
PI656087,0,0.0566790370329063,-4.169017368206627,3.1267999582249355
PI656088,0,0.0617693341733462,-3.6372227176852814,2.780298502179363
PI656091,0,0.0504962447858017,-7.818843700233241,1.7178017871252582
PI656092,0,0.0531876194710532,-6.862906894797073,2.417670604963376
PI656093,0,0.0618797081839021,-4.577775817030682,2.602377183025702
PI656094,0,0.0562906603628531,-4.826822454011463,2.5899221520293816
PI656095,0,0.0638663762461411,-5.047055821911417,1.9201907453937488
PI656096,0,0.0569089821848742,-4.515493711349921,2.7491325818526526
PI656097,0,0.0477667333861187,-6.544457404418514,2.0361156825669564
PI656098,0,0.0533337580511004,-6.852227065678825,2.6771986828605647
PI656099,0,0.0595826745002867,-6.055149394196702,2.081633622586463
PI656100,0,0.0459639070746959,-7.835934875274328,2.089418029096456
PI656101,0,0.0474809102584545,-4.203368199135897,3.199958870093443
PI656102,0,0.0601517661137671,-5.011036504147175,2.905190151012999
PI656103,2,0.0630435602744319,-3.761775115606576,3.093496386216544
PI656104,2,0.0561157026639911,-8.352173114562676,1.5368094506597936
PI656105,0,0.0423346222121434,-7.364576396925026,2.1613570812394043
PI656106,0,0.0533409713063546,-7.130660859364646,2.2120162833784023
PI656107,0,0.0500924089349694,-4.682614029352303,2.2662529929301307
PI656108,0,0.0486284007930182,-4.176223865318848,2.574005826249714
PI656109,0,0.0533237681531793,-6.516326568709335,2.8124712739211617
PI656111,0,0.0587562348548642,-6.436001425166843,2.292750099166914
PI656112,0,0.0607884591097868,-4.257322625536007,2.8442525361978617
PI656118,0,0.0536581504731508,-7.196287000693639,1.7496973115242975
PI656120,0,0.0617790746709697,-9.795866642552204,1.4607146216445257
PI656121,0,0.0505669355056874,-4.749568813869358,3.036152513617898
PI659691,0,0.0508787526604921,-7.5440531269200095,1.917022918902422
PI659694,0,0.0682652796479097,-8.867579432684474,1.2156155645852167
PI659695,0,0.0589778950936624,-5.880214406093513,1.821342768056478
PI659696,0,0.0716665960450213,-5.648577839620181,1.9414996113417904
PI659753,1,0.0525112154041135,-5.722774161291506,2.314717712000063
SC0003,0,0.0569827874917008,-5.905015473279162,2.1013713941486976
SC0027,0,0.047039040793051,-6.613631794949952,1.9003879697708816
SC0041,0,0.061046654280331,-5.478082439223357,1.729781182690548
SC0092,0,0.0497119569207165,-8.840065849076161,1.864554013884269
SC0138,0,0.064129235451932,-6.6271974544976375,1.7961097519324525
SC0150,0,0.0681444555161674,-5.347228942796796,2.1857614096695936
SC0156,0,0.0478028975218378,-6.108649653451701,2.3904031867183315
SC0157,0,0.0544661202884441,-5.088984476868872,2.578572067251024
SC0159,0,0.0555263757746039,-4.235974453338153,2.620983381764498
SC0178,0,0.0564740363626048,-5.162883838631709,3.020675801124337
SC0179,0,0.0618593331154014,-7.526534215897051,2.200217471204101
SC0191,2,0.0512106379692058,-6.319761051055693,2.0994702052061225
SC0201,0,0.0482804807035177,-6.207450396635283,2.0431659553175527
SC0236,0,0.0491471127991532,-4.416535142884338,2.730626531695404
SC0247,0,0.069658736717519,-8.578667112502453,2.1013903864923726
SC0263,0,0.0450216974161747,-7.996752457854055,1.8596721633859992
SC0266,0,0.0638006063066152,-5.299533358299135,2.311266419264657
SC0276,0,0.0620764093780732,-3.258039643234575,2.3403349349742864
SC0287,0,0.0559541929126966,-6.437046871633928,2.154630108421117
SC0297,0,0.0593082807317837,-2.4295398890229185,3.4979888707178137
SC0314,0,0.0580995176892486,-5.995662158745381,2.152205675141988
SC0343,0,0.072072276076053,-4.779160090184945,2.48588553524492
SC0371,0,0.0577204084521411,-3.569776467705553,3.019604641591262
SC0400,0,0.0571451864053049,-6.7447107807783615,2.102834458646376
SC0409,0,0.06284227139364,-5.481148468371597,2.8571659104106395
SC0436,0,0.0525338248022286,-5.243514905780003,1.9587302558177544
SC0445,0,0.05732874528932,-6.403389351374701,2.1578531295310768
SC0448,2,0.0631420553578702,-6.193899126251102,2.313104329859216
SC0456,0,0.0787352423587184,-4.10190739392208,2.197125884573021
SC0458,0,0.058218641087904,-7.980458153307734,1.6916614586879777
SC0470,2,0.0617419580062735,-6.372217268654574,2.2036960826925345
SC0479,0,0.042522120378335,-7.974551881928986,2.0009773520561294
SC0505,0,0.0482153004446539,-5.431492190745672,2.2999602176813063
SC0517,0,0.0649074300810494,-5.872600187509842,2.2743426806820617
SC0521,0,0.0726411340548452,-3.120477675532848,3.131926310136148
SC0540,0,0.0441410705442051,-4.527482846274953,2.9485421669483487
SC0542,0,0.0564188575995339,-6.9532394074170485,1.9921061253869772
SC0550,0,0.0442215178809797,-6.545992784390895,1.9327371531952184
SC0551,0,0.0701024066926559,-4.4981872848556375,3.070902923678013
SC0556,0,0.0650186319405685,-6.743528373200935,2.0693748714241176
SC0581,0,0.0515790308092605,-9.052777807873428,1.2793496595575176
SC0582,0,0.0509928231334774,-5.675648014083149,2.57272134094602
SC0602,0,0.0808833731747672,-7.196525259034922,1.740932673064655
SC0616,2,0.0634615165011517,-5.871962890734467,2.168243499296483
SC0618,2,0.0536535140815381,-7.085227531001536,1.661198136703512
SC0631,0,0.0506110350438754,-7.17079972988746,2.039882511550472
SC0636,0,0.0731109842641933,-4.559741175422376,2.591273791306209
SC0685,0,0.0501205182829397,-4.761607158403169,2.5672607692003497
SC0713,0,0.0536810863466088,-5.519732078364382,2.318231307368124
SC0741,0,0.0495841591038323,-3.659376088822284,2.6051386087238777
SC0747,0,0.0503512867512762,-5.6437595356263,2.354027064039621
SC0753,0,0.0755208879118024,-5.245590179798819,2.4003650488002988
SC0777,0,0.0565294442328308,-7.004852379735995,2.7268592093902635
SC0814,0,0.0614205240610767,-4.789407101730655,2.806889477441288
SC0823,0,0.0563084477984305,-5.529459804023219,2.486319669841646
SC0834,2,0.0543359787080186,-3.01935844458559,3.1139062576400063
SC0837,0,0.0626951735969502,-7.621410964198255,1.872491648479099
SC0847,2,0.0700927554741062,-1.960572116417313,3.408085180804821
SC0848,2,0.0704270341986174,-3.942136848784288,2.874651164913807
SC0854,0,0.0586192036234152,-5.207588996656458,2.2638446351578807
SC0858,0,0.0561834906015422,-5.355555010366234,2.191596596288732
SC0860,0,0.0596303437553635,-6.100299197486683,2.6584775205559428
SC0864,0,0.0554088184790778,-3.832047332687452,3.157229629181125
SC0868,0,0.0657139572462848,-6.751770064066934,2.081347330844659
SC0870,0,0.0570769381339722,-6.382899916077353,2.200857944771357
SC0871,2,0.0576763380012065,-2.1009181109725645,3.708100848434017
SC0877,0,0.0635705954584095,-5.557043443465609,2.3759418676762127
SC0878,0,,,
SC0893,0,0.059861321685363,-6.828292313289966,1.5440566781474216
SC0895,0,,,
SC0914,0,0.0630063689431595,-7.51845145531387,1.7534350955033224
SC0921,0,0.0641021605499701,-7.261916165557847,2.171212961949305
SC0923,0,0.0482149608400788,-2.917141242623935,2.9832695266283222
SC0965,0,0.0507497664489892,-2.43662856611059,2.91447427435263
SC1021,0,0.0573869549618135,-5.806628742141882,2.314084124641946
SC1023,0,0.0593355008451024,-4.623675962369632,3.133265890736887
SC1058,2,0.0723018591075855,-3.510436562202777,2.967694617848122
SC1082,0,0.0592707908870544,-5.594904607671035,2.6188620457077194
SC1097,0,0.0580630933208106,-5.859152976365451,1.733888246613975
SC1107,0,0.0513166966346833,-6.163434595896875,1.895096340011023
SC1114,0,0.0684718929088816,-5.075668544239134,2.8892011769802446
SC1119,0,0.0641331026339546,-4.34970160780051,2.619592777808003
SC1120,0,0.0597651866997356,-4.896022983662618,2.4647908659208486
SC1133,0,0.0588232804700654,-6.262635942269721,2.286408654438686
SC1166,0,0.0537410089526075,-4.302311343628091,2.486419958907758
SC1170,1,0.0527559715677436,-3.622730783874796,2.695211076916114
SC1178,0,0.0605063835226967,-6.321533162203202,2.4470464352465475
SC1193,2,0.0564910929103443,-3.686910576146751,3.037663046639129
SC1216,0,0.0746375416432723,-8.423342266984278,2.1424235392690667
SC1442,0,0.0665889224609535,-7.186405796403345,2.005944156260212
SC1446,0,0.0551772963833699,-6.274888826172125,2.309593452769274
PI533755,0,0.0654730366954118,-6.798480175077119,2.1025260712594367
PI533772,0,0.0566513806818341,-5.880212732858764,2.516834902770496
PI533775,0,0.0622717788183974,-3.596137709911825,3.00758137173342
PI533780,0,0.0643237017056622,-5.219681441096427,2.5650691213937944
PI533854,0,0.060780312722716,-4.449916533564513,2.8097181248480614
PI533859,0,0.0476847228735534,-5.806640672891774,2.1293371579487315
PI533926,2,0.0680048440214283,-4.337197993573008,2.8934971377099536
PI533952,0,0.0615953556291904,-4.364398001036788,2.9811413512100926
PI533963,0,0.0478849792561576,-6.6722879680221405,1.8510961434642423
PI534088,0,0.0690175751226562,-4.598142070517718,2.2476429831167875
PI534098,0,0.063848401111304,-5.677131301996813,2.599598110390249
PI534121,0,0.052392728653219,-7.140624172600354,1.7371934269922973
PI534130,0,0.0638735736682321,-6.928332439423648,1.937031608580578
PI534166,0,0.0575299839188238,-3.42807807410143,2.8458299084845184
PI543247,0,0.0623704642282622,-6.573545763539014,2.1025134801372314
PI554646,0,0.0568241398155788,-5.650905776410591,2.698952161884046
PI554648,0,0.0533238373080294,-8.085893093714514,1.958576598767381
PI576350,0,0.0624312154161698,-6.341144401102068,2.6942469351111
PI576366,0,0.0610242890699574,-7.665365804158137,1.887890171328317
PI576385,0,0.0548748902620442,-5.170665712890701,1.9884951360145735
PI576391,0,0.0566743020889882,-6.142660152467625,2.4514903046114327
PI576420,0,0.0578023247057952,-4.71311516934732,2.712170845824922
PI585291,0,0.0624083279379877,-8.30587497990427,1.4393548701960424
PI595729,0,0.0623827420610533,-6.536271652454531,2.1774685153604536
PI642793,0,0.0431609555576124,-7.521303696975915,2.0623215044910137
PI656090,0,0.05011207531553,-5.488705186518175,2.37629041339726
PI656110,0,0.0542119719883914,-3.360048797503234,2.8023102517693745
PI656115,0,0.0484641481394691,-4.587242998172669,2.919396560977241
SC0412,0,0.064347642837816,-4.813359758150122,2.419932040253053
SC0604,0,0.0618212074095958,-4.911268592300688,2.701188796725469
SC0615,0,0.0528326449481643,-3.921243984811889,2.836624293006225
SC0652,0,0.0541460728329025,-4.642978782283281,2.9140981059875664
SC0999,0,0.0562718641304154,-6.627102274809952,2.2668294632017143
SC1024,0,0.0474891389219824,-4.99089586093508,2.4601748173841167
PI153852,0,0.0531779032995152,-7.621529073852028,2.116807082114652
PI533827,0,0.0635803376646682,-6.601101769590161,2.198232888906916
PI533865,0,0.0643967921246019,-7.439902440365975,1.748624951154539
PI533883,0,0.0548133660189362,-4.050561928778896,3.006472491498932
PI533890,0,0.0705528195569924,-5.441783809171704,2.2858632584945595
PI533933,2,0.0560967447159203,-7.599531886825795,1.9289232896572892
PI534018,0,0.0560586981290653,-6.933154169152399,2.317141578981095
PI534024,0,0.0549693795156549,-6.4003379944005925,1.805047695424142
PI534087,0,0.0618468067252871,-2.1540621822757924,3.492426176262289
PI534093,0,0.0641272515140456,-3.665941838272543,2.8754921250444974
PI534125,0,0.0467025592189709,-6.8812845019565305,2.190256630274669
PI534143,0,0.0453874956583728,-3.7295288540203098,3.1705639940091386
PI561472,0,0.0543527039440533,-8.819161994580746,1.312415052238396
PI574397,0,0.0596983990580154,-6.283971383001348,2.2147353225001662
PI576331,0,0.0515757295411677,-3.501832112495231,3.272690915658829
PI576353,0,0.0550273834362484,-7.064294086133177,2.3638770112133223
PI576430,0,0.0663152974113976,-5.030664142269066,3.018438249881481
PI603983,0,0.0643535522312705,-7.482953252940577,1.736206908821593
PI605723,0,0.0519830035896825,-7.191715491454133,2.113711278752372
PI605724,0,0.0672912913539574,-6.524157196445966,1.6678371121161502
PI605725,0,0.0619253933916981,-7.14752319001772,1.6385752083104173
PI605726,0,0.0600683582395747,-6.455594074395368,2.4825563464483427
PI606788,0,0.0655670484833099,-6.988414259253766,1.4051835565549915
PI613611,0,0.0633538070195338,-2.2161502138098363,3.3212449916975677
PI613613,0,0.0555359271921554,-5.589623260156513,2.604210084334319
PI619402,0,0.0624399202406431,-7.246933901368632,2.0253930907624182
PI656013,2,0.0703809581005626,-2.955233334946133,3.458060614737604
PI656014,0,0.0515558686481249,-5.333388887257248,2.4188075980644714
PI656032,0,0.0525193545751849,-8.745277305860174,1.8029098320605776
PI656063,0,0.0609220234685733,-5.517005510195288,2.531859718021781
PI656113,2,0.0505645079494496,-5.1218460241375965,2.9067705367245464
PI656114,0,0.0509792244619929,-8.270929076955957,1.5284509115675329
SC0235,0,0.0488836812460253,-6.264893008227665,2.7837933270354966
SC0249,0,0.0479918167130912,-7.076064389468987,2.0491104021282576
SC0438,0,0.0715723501703935,-4.863629560410874,2.5196380626524686
SC0463,0,0.0543934059664725,-6.187904390614753,2.611994803847737
SC0547,0,,,
SC0759,0,0.0582674143530135,-5.9926012254130505,2.5542065118595643
