genotype,peak_dose,gloss,disease_exg,human_score
BTx643,0,0.0632937671248395,0.06654019974,1.375
BTx645,0,0.0628094876578204,0.12092981678333332,
PI152651,0,0.0532194137425026,0.729408176959091,2.5681818181818183
PI153844,0,0.0469751761324007,0.15887965096363635,
PI153846,0,0.0559798866091853,1.3351078969925925,
PI156549,1,,,
PI17548,0,,,
PI22326,0,0.0623225711423075,0.0390357677,1.5
PI24969,0,0.0501626708612576,0.22509293778421055,
PI276837,0,0.0485241019759413,0.006871153582608696,1.25
PI329435,0,0.0568694180238381,0.006633553933333334,
PI329440,0,0.0601459324987155,0.8952705564685713,2.6875
PI34911,0,0.0513994645845908,0.08209392856666667,
PI35038,0,0.0518291784562771,0.6142161361999999,2.25
PI48770,0,0.0388376872905296,0.41298623889,2.125
PI533745,0,0.0613159552739495,1.1273888008333333,
PI533746,0,0.0515355006459874,1.17032912972,
PI533747,0,0.0470219231472077,1.7908353712,
PI533749,0,0.0528295928972409,0.9878587843909091,2.5
PI533751,0,0.058945779873685,0.18533735390476191,2.0
PI533752,0,0.0578384960229334,0.17689581048333333,1.5
PI533753,0,0.0552102838880399,0.36594621873333333,2.5
PI533754,2,0.0662298471818313,0.5527159157888888,
PI533756,0,0.0444899298469311,0.35679057194444447,
PI533757,0,0.0525283115122236,0.03847637632,1.5
PI533758,0,0.0730445104819138,1.166856881204762,
PI533759,0,0.0422321415457192,0.46225655081333333,
PI533760,0,0.0426543810912734,0.10247786615652174,2.0
PI533761,0,0.0621175237979404,0.3304769467478261,1.5
PI533762,0,0.0575303651303933,0.6989234065090909,
PI533763,0,0.0574015949196861,1.6324500885818183,2.25
PI533764,0,0.0634612515499802,0.5223105716666666,2.25
PI533765,0,0.0533819105490742,0.9190352423,
PI533766,0,0.0539694343097527,0.2982131753043479,1.25
PI533768,0,0.0555553349887219,0.32299321276363635,1.7857142857142858
PI533769,0,0.0554674057046887,0.14961210272068967,
PI533770,0,0.0594772230245405,1.1424492746666666,
PI533771,0,0.0640391274051555,0.28611858880476193,2.75
PI533774,0,0.0578777860224445,0.07122576453783784,1.625
PI533776,0,0.068027263451584,0.9080159138888888,2.75
PI533777,0,0.0516980856438911,1.642777846425,2.75
PI533778,0,0.0598669355202158,1.0601998625391305,2.7045454545454546
PI533779,0,0.0465720625372789,0.05673720287,
PI533781,0,0.0586105024547845,0.98783391482,2.75
PI533782,0,0.0457665123477441,1.4125231509789473,2.5454545454545454
PI533783,0,0.0630890124676778,0.9329759633636364,2.25
PI533784,0,0.0516989308094339,0.8624021409642858,
PI533785,0,0.0663669583719415,0.40002385018333336,1.75
PI533786,0,0.0492324375555502,0.2836354804,2.0
PI533787,0,0.0556360964848238,0.978912469925,2.0
PI533788,0,0.0503934747618491,0.5056021625357142,
PI533789,0,0.051210048135466,0.15629090851578947,1.875
PI533790,0,0.0546190966573465,1.18633243578,3.25
PI533791,0,0.0641474216735472,1.28308843655,
PI533792,0,0.0491040416335208,0.7929925155,
PI533793,0,0.0420111102901769,0.06190974479,
PI533794,0,0.0597263045288409,1.5270053992666666,2.0833333333333335
PI533795,0,0.0540269639416468,0.8889803218962963,
PI533797,0,0.0603423982476662,0.32798967367272724,2.0
PI533798,0,0.0586112307271967,0.15753743218333335,1.5
PI533799,0,0.0612190542848918,0.17864298475454546,
PI533800,0,0.068452885449006,0.33007236851666666,1.25
PI533802,0,0.0529337845156937,0.009790082516666666,1.25
PI533803,0,0.069782677901955,0.9759528045470589,
PI533804,0,0.0613421540615005,1.0750496414615385,1.75
PI533807,0,0.0640309669197075,0.8460727628333333,3.5
PI533808,0,0.061691420962315,0.7373040428777778,
PI533809,2,0.049460651271202,0.79135138075,
PI533810,0,0.0481961764478252,0.8646359004,1.625
PI533811,2,0.0418460875511049,1.6668698766,
PI533812,2,0.0550537578196496,0.3463847019357143,
PI533813,2,0.0522939130955552,0.10373893399999999,
PI533814,0,0.0511635375889657,0.042055658100000004,
PI533816,2,0.050939784299526,0.3066014542742857,2.357142857142857
PI533818,0,0.0727817330026118,0.5410928211363637,
PI533819,0,0.0573070763358478,0.8319843213217392,
PI533820,0,0.0625135664315674,0.7418073164944444,
PI533821,0,0.0575086600037487,0.44205980496153846,2.0
PI533822,0,0.0518857334681516,0.22583818094,
PI533823,2,0.0669504436268878,1.9628964679157896,2.75
PI533824,0,0.0447952603039828,0.18715013914705883,2.25
PI533825,0,0.0427868517099463,0.24066761902173914,2.375
PI533828,0,0.0646454176078932,1.8108406880833334,2.5
PI533829,0,0.0548307002089176,1.6300481344826085,2.5
PI533830,0,0.07025870665154,2.476961612633333,
PI533831,0,0.0442992853607343,0.2986752926409091,1.75
PI533832,0,0.0647892876665362,0.5285962413181818,1.5
PI533833,0,0.0575473634080746,0.7687017914,
PI533834,0,0.0460032179666189,0.03721124431818182,1.75
PI533835,0,0.0487056842419742,0.13025290268095238,1.5
PI533836,0,0.0596158903294436,0.6763822665263157,2.25
PI533837,0,0.066158208559105,0.07713680371666667,1.5
PI533838,0,0.0793483109554934,0.4826535834,
PI533839,0,0.0552789958809682,0.10673134755238096,
PI533840,0,0.0567696383383166,1.3792368584181818,4.25
PI533841,0,0.055280663619615,0.5352747695166666,2.125
PI533842,0,0.0489240685630076,0.07704632310909092,1.5
PI533844,0,0.0568785479242489,0.0118046681,
PI533846,0,0.0475987012112057,0.8744723269666667,1.75
PI533847,0,0.0605418076091174,0.2708236540764706,
PI533848,0,0.0668401933936136,1.0375463610434783,
PI533849,2,0.0484326027594226,2.0948433389529413,
PI533850,0,0.0512619629357605,1.2781132281142855,2.0
PI533851,0,0.0547211898814377,0.31928431521333334,2.0
PI533853,2,0.0648826231868409,0.14174521886842104,1.5
PI533855,0,0.0514564970298378,0.33551043788,
PI533856,0,0.0624376678007077,0.3837282046409091,2.0
PI533857,0,0.0463185114755811,1.0205518517681818,3.0
PI533858,0,0.0530125082555481,0.046721954170588234,1.375
PI533860,0,0.0623334729641527,0.20702004780000002,2.1666666666666665
PI533861,0,0.0455475647343694,0.226147702825,
PI533862,0,0.07212231182253,2.017377989366667,4.125
PI533863,0,0.0618994974003374,0.13743998964285714,1.75
PI533864,0,0.0607934566149009,0.293111579,2.75
PI533867,0,0.0558073766900194,1.3408785488818182,3.0
PI533869,0,0.0645610454505059,1.21323587396,2.4166666666666665
PI533870,0,0.0533243034879956,0.5257793135000001,
PI533871,0,0.0512368840584166,0.13361554564782607,2.0
PI533872,0,0.062399189956737,0.09340986786086958,1.75
PI533873,0,0.0603895522569409,1.3690942111650002,4.25
PI533874,0,0.0630981020061713,0.9133336594333333,2.0
PI533876,0,0.0649078008208579,1.317958586826087,2.125
PI533877,0,0.0538252122995758,1.0513360627894737,2.5
PI533878,0,0.0603576928930532,0.2279344087409091,1.25
PI533879,0,0.0587405415581456,1.26740578854,
PI533880,0,0.065961793377747,0.6105248676333334,2.25
PI533881,0,0.0649045021733526,1.30518560895,
PI533882,0,0.0607161276780377,0.06113171563333333,
PI533884,0,0.0645101021445046,1.068729665775,2.5
PI533885,0,0.0730686424427206,1.3270420528391305,3.75
PI533887,0,0.0629256093182061,0.0582689081,
PI533888,0,0.0535362003818865,1.0642613392052631,2.0
PI533893,0,0.05885714918521,0.4616938235166667,2.0833333333333335
PI533894,0,0.0652547821824948,1.16878045505,
PI533895,0,0.0610306150631185,0.37851870489,
PI533897,0,0.0536556793837382,0.5517928769238095,
PI533898,0,0.0757332965754055,0.3508705564,2.25
PI533899,0,0.0600605606822533,0.83060728646,2.25
PI533900,0,0.0617228675867249,0.58086030926,2.5
PI533901,0,,,
PI533902,0,0.0526596900591135,0.24319599838333336,1.75
PI533903,0,0.0580538593069843,0.2876980774818182,1.75
PI533904,0,0.0424930155471287,1.5256167837714285,2.7
PI533905,0,0.05878666122276,1.2310284366228572,2.683333333333333
PI533906,0,0.0632485071948944,0.23992340296666667,2.2
PI533907,0,0.0608319224250484,0.08271295097619047,1.25
PI533908,0,0.0599637603461914,0.4429956932466667,
PI533909,0,0.0665813728195275,0.9704203449,1.5
PI533910,0,0.0504940362117603,0.08447608441764706,1.25
PI533911,0,0.061406275224885,1.4207186309333333,1.5
PI533912,0,0.0438688791401016,0.5255727342571429,
PI533913,0,0.0632677884038529,0.5756965811210527,2.0
PI533914,0,0.0580192113554232,0.36188153778260873,
PI533915,0,0.0578619335635119,0.7556207804612903,1.8928571428571428
PI533916,0,0.0662599276491486,0.8037770082222222,2.0357142857142856
PI533917,0,0.0672360027452474,0.12728538707058823,1.5
PI533918,0,0.0456092586809352,0.15576180730526318,
PI533919,0,0.0541403466563927,1.22783095146,
PI533920,0,0.0521697576345724,0.15193975324545453,1.875
PI533921,0,0.0570832490399528,0.19825960976666668,1.5
PI533922,0,0.0572166946615728,0.7982361072476191,2.7857142857142856
PI533923,0,0.0693474808624667,0.15062724619130433,
PI533924,0,0.0584487032699646,0.12838848566363636,
PI533925,0,0.0456553528599815,0.529611458226087,2.5
PI533927,0,,,
PI533928,0,0.0441297039659524,0.42294161732,
PI533929,0,0.0641304506264007,0.0065686227111111115,1.0
PI533930,0,0.0589992267481748,0.2909224591909091,1.75
PI533931,2,0.0574740933550917,1.8026321225565216,3.5
PI533932,0,0.0485925564535879,0.16076468975,
PI533934,0,0.0559302210449934,0.31910650717391303,
PI533935,0,0.0552829033687688,1.619736672942857,
PI533936,0,0.0575669919499211,0.15703436140000002,2.5
PI533937,0,0.056078491953368,0.3848664546742857,1.75
PI533938,0,0.0591880633750641,0.4956816578954546,
PI533940,0,0.0557945854432709,0.1271163694277778,
PI533941,0,0.0481836709045916,0.8304005960173914,
PI533942,0,0.0503122028507601,0.7593749211333334,
PI533943,2,0.0427114967550006,1.1837537791714285,
PI533944,2,0.0559284608021701,1.21009089485,1.875
PI533946,0,0.0456169181348082,0.08029353230000001,
PI533947,0,0.0592431280156677,1.12044168779375,2.2857142857142856
PI533948,0,0.0571211904260022,0.07800089390434782,1.25
PI533949,0,0.0481375115082342,0.40172269656666665,
PI533950,0,0.0629916801124178,0.71306715146,2.25
PI533951,0,0.0575408102169318,0.5659903199095238,2.5
PI533953,0,0.0567409313742795,0.456091619,
PI533954,0,0.0630636813512095,0.25027564178235295,
PI533955,0,0.0596963955152106,0.5145285297909091,2.5
PI533956,0,0.0609496176773972,1.00024942802,2.0
PI533957,0,0.0676243982386079,0.14795677874375,1.4166666666666667
PI533958,0,0.0626874034020108,0.539552707225,1.9166666666666667
PI533959,0,0.0606481777613568,1.8193129046869567,3.5
PI533960,0,0.0505031336740061,0.20244350909333333,
PI533962,0,0.060849557399068,0.28297108028571427,1.25
PI533964,0,0.0700499816934202,0.003316776966666667,
PI533965,0,0.0622647663970546,0.017954728683333334,
PI533966,0,0.0597626654434899,0.7200281892869566,2.25
PI533967,0,0.0571647550708131,1.1389756649,
PI533968,0,0.0521969161838711,1.9542139428333332,2.75
PI533969,0,0.0613904253312212,0.17192741269545453,1.6136363636363635
PI533970,0,0.0433173214577484,0.4909680287666667,2.5
PI533971,0,0.0520241268345373,0.7138822261666666,1.75
PI533972,0,0.0581926397164817,0.05346021278,
PI533973,0,0.0502113064286129,0.18692752445454544,1.25
PI533974,0,0.056646619450384,0.03695015144,1.5
PI533975,0,0.0673088771210054,1.2182412641166669,3.5
PI533976,0,0.0551865923854247,0.4393963981833333,
PI533977,0,0.0578065430265159,0.23194123027368418,1.375
PI533978,0,0.0545101963143367,0.844547668555,
PI533979,0,0.0477113372057322,0.08177681832727272,
PI533980,0,0.0477500727786851,0.41202240725,
PI533981,0,0.0535503923316181,0.07464791057777778,
PI533982,0,0.0547658093520711,0.3598106264285714,
PI533983,0,0.0563655143740591,0.21959074878666668,2.0833333333333335
PI533984,0,0.0524270071389217,0.08280597662222222,1.5
PI533985,0,0.0568196689848781,0.24988285493749998,1.5
PI533986,0,0.049470494948212,0.26323491943157895,2.0
PI533987,0,0.0525695352067252,0.19046933961,
PI533988,0,0.0505099172765086,0.08441647183846154,1.375
PI533989,0,0.0690769524938959,0.31526764366666665,2.0
PI533990,0,0.0603237622114142,0.22134745359444444,
PI533991,0,0.0606408909587014,0.30173812764333335,2.125
PI533992,0,0.0654690479442777,0.44798578755,
PI533993,0,0.066945489015976,0.24149790506666666,1.25
PI533994,0,0.0637450371779768,0.034016695283333336,1.25
PI533995,0,0.0605476211773948,0.8374853652157895,
PI533996,0,0.0571015901139573,0.5154061432142857,2.25
PI533997,0,0.0639483482512721,0.17884161955555555,2.5
PI533999,2,0.0533467272231865,0.3762847841666667,2.25
PI534001,0,0.0459513848149837,0.10436468369999999,1.25
PI534002,0,0.0630027688560038,0.33257216542,1.5
PI534004,0,0.0564602221135246,0.3347070410285714,1.5
PI534005,2,0.0586879870506767,1.1825216634,
PI534006,2,0.0403775775035287,0.013043370673333334,2.1
PI534007,0,0.0707588845976714,0.04911797722222223,
PI534008,0,0.0542393190923252,0.14315580848333334,1.625
PI534009,0,0.0493059405168813,0.3387681529,1.125
PI534010,0,0.0481780693863578,0.18175718750294118,1.75
PI534011,2,0.068001901282386,1.2397353502,1.875
PI534013,0,0.0479376126616882,0.26559876166875,1.3611111111111112
PI534014,0,0.0467289154391096,0.0033004378833333334,1.0
PI534015,0,0.0484306245451123,0.0825173572952381,1.375
PI534016,2,0.0543177244961654,0.7030172389333335,1.625
PI534017,0,0.0620271034277928,0.6751907875363636,
PI534019,0,0.0654640341386921,0.2183471438285714,
PI534020,2,0.0585986575567708,1.0008773251166667,2.75
PI534021,0,0.0496639439044536,0.13921350695,1.5
PI534022,0,0.0606572332263991,0.470107916575,2.125
PI534023,0,0.0501845049597811,2.002583785114286,
PI534025,0,0.0485622345313012,0.19349509466153844,1.25
PI534026,0,0.0592653861761453,0.28914160163333336,2.25
PI534027,0,0.0533067539324117,1.6949587499142857,3.75
PI534028,0,0.0494605382888358,0.43737034188,2.25
PI534030,0,0.0696564630692312,0.35976101683333334,1.5
PI534031,0,0.0515470033684017,0.4933686063304348,
PI534032,0,0.06479526654192,0.124624060545,1.25
PI534033,0,0.0419129817691471,0.7830888953166667,1.25
PI534034,0,0.041883713706224,0.8115977365333333,1.75
PI534035,0,0.0459531706421776,0.766453378209091,2.392857142857143
PI534036,0,0.0428498932169716,0.09120110113,1.75
PI534037,0,0.0423875080995579,0.408385527955,
PI534038,0,0.051639060425595,0.5425068199086956,2.75
PI534040,0,0.0526734004855745,0.5105612577631579,
PI534041,0,0.0454389185530309,0.15410808990869565,
PI534042,0,0.057564785434679,1.62265040595,2.5
PI534043,0,0.0552328759408024,0.057265212121739135,1.75
PI534044,0,0.0570761089035336,0.4438307835695652,1.75
PI534045,0,0.0584758814196966,0.009877283275,1.0
PI534046,0,0.0575043180501872,0.841690615726923,2.5
PI534047,0,0.0531751290614105,0.6149649429473684,
PI534049,0,0.0561221858693641,0.019783402999999998,
PI534050,0,0.0580775728488423,0.5253844957173913,1.8
PI534051,0,0.0610571001778984,0.590405443068421,2.25
PI534052,0,0.0567316991480419,0.442012245275,
PI534053,0,0.052467908941593,0.5600074915166667,2.0833333333333335
PI534054,0,0.0589893418067392,0.24271003566666668,1.25
PI534055,0,0.0577027828622004,0.8411564108333334,
PI534057,0,0.062903516302664,0.2795386004888889,2.0
PI534058,0,0.0619508762452823,1.8505307997217393,
PI534059,0,0.059725630720106,0.45961260756666666,1.5
PI534060,0,0.0513105059059438,0.8666672055000001,2.25
PI534061,0,0.0605430219007045,0.2129420896,
PI534062,0,0.0492390504438265,0.41168863919411763,1.25
PI534063,0,0.0493194570050139,0.07198277143000001,1.5
PI534065,0,0.0529420408038479,0.9502563398388888,2.607142857142857
PI534066,0,0.0853839553816827,0.5635835894529412,2.1666666666666665
PI534067,0,0.0556567668294115,1.5567802649,3.25
PI534069,0,0.0595389154079108,0.8487421875636364,2.3333333333333335
PI534070,0,0.0693261081789536,1.9836512490333333,
PI534072,0,0.0580047003154082,0.2960454771478261,1.45
PI534073,0,0.0545694570506042,1.39202370582,2.5
PI534074,0,0.079454261634537,0.09715389155714285,
PI534075,0,0.0889016156959858,0.488395206637931,
PI534076,0,0.06793982771625,0.4939876708,2.0
PI534077,0,0.0791054909782636,0.44851428911052627,2.25
PI534078,0,0.0509307101862234,0.2613318867235294,
PI534079,0,0.0539624259620126,0.06991705007272728,1.75
PI534080,0,0.0541956226290621,0.8440519500606061,1.25
PI534081,0,0.0552797410059912,1.6821710734090909,3.25
PI534082,0,0.0630407547889263,2.401777065408696,3.25
PI534083,0,0.0694320412309776,0.56393264639,2.0
PI534084,0,0.0609489297637597,1.2913492611666666,2.25
PI534085,0,,,
PI534086,0,0.0509013806184498,0.9296169781391304,2.25
PI534089,0,0.0567123164948437,2.2753529363333334,
PI534090,0,0.0625154707705855,1.4366644848999999,2.8333333333333335
PI534091,0,0.052260908230805,2.5908578251666667,2.5
PI534092,0,0.0731529174175601,1.2148770534526314,3.0
PI534094,0,0.0607121620491847,0.22788064284999998,1.625
PI534096,0,0.0460157390394458,0.2715278449333334,
PI534097,0,0.0600711803159878,0.21401089238333335,
PI534099,0,0.0521277662287601,0.1312986555857143,
PI534100,0,0.0529304422509042,1.37212666354375,2.1
PI534101,0,0.057744713500995,0.8295996398500001,
PI534102,0,0.0566684866315176,0.03146378932727273,
PI534103,0,0.0581548288293095,0.04465916962000001,1.5
PI534105,0,0.0531609808100338,0.34266197351666666,
PI534106,0,0.0502951427659717,0.13163422106,
PI534107,0,0.0557159430241552,0.8542016414478262,1.25
PI534108,0,0.0497754931734683,0.4307726443818182,
PI534109,0,0.0472821396685152,1.3252363491409092,
PI534110,0,0.053773003983115,0.1447410614,1.5
PI534111,0,0.0528345851589664,1.0794192407193548,2.05
PI534112,0,0.0552692054911017,0.10540060398181819,
PI534113,0,0.0501432517857107,0.07563614825652173,1.75
PI534114,0,0.0637736204770279,0.5015891956333333,
PI534115,0,0.0562865739236765,0.7922244250449999,1.0
PI534116,0,0.056680094905747,0.9024887315666666,1.6666666666666667
PI534117,0,0.0776015700213813,0.877102527111111,3.0
PI534118,0,0.0630913596910555,0.333232335825,
PI534119,0,0.0512941899207817,0.029778976164285716,
PI534120,0,0.0530040364584609,0.46296853425,2.142857142857143
PI534122,0,0.0480065538261623,0.289158782175,
PI534123,0,0.0595493348958888,0.43451225744285715,2.25
PI534124,0,0.0490574331673941,0.62318409768,2.25
PI534126,0,0.0420149062390939,2.19230352625,3.75
PI534127,0,0.050007616329919,0.12377211424666666,
PI534128,0,0.0549019558449201,0.0489177873368421,
PI534131,0,0.0502942343541696,0.1336380333590909,1.5
PI534132,0,0.0679817424274561,0.20163729957000004,1.5
PI534133,0,0.0498144808840459,0.47802971976,
PI534134,0,0.0547534059757493,1.19805213234,2.5
PI534135,0,0.0437350257478403,0.021749813933333334,
PI534136,0,0.0593807269559428,0.01731950235238095,1.25
PI534137,0,0.0472017047323199,0.10204289024444445,1.25
PI534138,0,0.0675233429892865,0.5439542668260869,2.25
PI534139,0,0.0782764049141622,0.48153552398,2.25
PI534140,0,0.0552316395724152,0.04471961793333334,1.0
PI534141,0,0.0575197055458339,0.3281945413,
PI534142,0,0.0539292073993446,2.4573913704514285,3.5
PI534144,0,0.0549048638298194,0.36043688204,2.0833333333333335
PI534145,2,,,
PI534146,0,0.0650652059239098,0.7192593223466666,
PI534147,0,0.0441433474262552,1.6891936751599999,
PI534148,0,0.0573417675444467,0.7083871691130434,2.0714285714285716
PI534149,0,0.0364292772643108,0.0198026273,1.75
PI534150,0,0.0638320605423639,0.580093959685,
PI534151,0,0.0650291491749704,0.09855048346363637,1.875
PI534152,0,0.064394661204821,0.27079853734000003,1.5
PI534153,0,0.0524689745104213,0.761312942925,2.5
PI534154,0,0.0671565840890332,0.06440489611333335,1.5
PI534155,0,0.0553699249326821,0.0856844686,
PI534156,0,0.0550352583647202,0.14451264268181818,1.8928571428571428
PI534157,0,0.0460826921070164,0.021396615950000003,1.5
PI534158,0,0.0533619946918933,0.03125021721428571,1.25
PI534159,0,0.0533538059134653,0.0634706799173913,1.5
PI534160,0,0.0541030773033134,0.1529647279043478,1.5
PI534162,0,0.0529133226349134,1.3672072681714285,1.9
PI534163,0,0.0561555740111508,0.4661387722111111,1.25
PI534164,0,0.0647761769498805,1.3527214921000001,1.5
PI534165,0,0.0580676776066603,0.03760542544615385,1.0
PI534167,0,0.0579086238736863,0.45129543306086956,1.5
PI540816,0,0.0625958720700736,0.2796201013757576,1.7727272727272727
PI542406,0,0.041666134134553,0.009420850285714285,
PI542718,2,0.055959296061802,2.762464729825,4.5
PI543243,0,0.0599216441813852,0.10420072324761905,1.5
PI544069,0,0.0568654482785856,0.6548504094800001,
PI548797,0,0.0563859081009316,0.01634508849047619,1.0
PI552856,0,0.0668616279818759,0.022991223800000002,1.25
PI552861,0,0.0540984043465665,0.7354700043842105,1.7857142857142858
PI554647,0,,,
PI554649,0,0.0526882448444213,0.045019566233333336,1.25
PI554650,0,0.059939858928564,0.05289943541666667,1.25
PI554652,0,,,
PI554654,0,0.0536692626876871,0.6810016793142858,
PI555457,0,0.0637617718408614,0.060116390533333335,
PI561071,0,0.0373614782277805,0.25040894347142856,
PI561072,0,0.0596386502982636,0.14854216361666667,1.5
PI561073,0,0.0584887293775508,0.022097939325,
PI561926,0,0.0658247047999476,0.03044781635,1.0
PI562621,0,,,
PI562622,0,,,
PI562623,0,0.0572885928506877,0.05677851105,1.0833333333333333
PI562624,0,,,
PI562625,0,,,
PI562730,0,,,
PI564085,0,,,
PI564163,0,0.0593939764282175,0.338114266182117,1.4866666666666666
PI564164,0,0.0595455903940432,0.12318205003636364,
PI564165,0,0.0622973618634813,0.15623380938,
PI565121,0,0.0597760159777023,0.047396220793939396,
PI566819,0,,,
PI574398,0,0.060352939631519,0.43382334281666673,1.5
PI574406,0,,,
PI574407,0,0.0575886636086691,0.08653264833333334,1.25
PI576130,0,0.0447943451812042,0.030326699234999997,1.5
PI576328,0,0.0484135769324811,0.14116865999375,2.25
PI576329,0,0.0672037456390632,0.8799302167333334,1.0
PI576332,0,0.0585605698993766,0.5154601314181818,
PI576333,0,0.0564872220431832,0.29887753788235294,1.25
PI576334,0,0.0469842645293023,2.2280989955391304,2.5
PI576335,0,0.0651264821078558,0.6709499733217391,
PI576338,0,0.0624766794516432,1.4058893201666667,2.0
PI576339,0,0.0519026536280414,0.33020840395217393,
PI576340,0,0.0557470843099973,0.10473278773333333,
PI576341,0,0.0587344514400301,0.2724317473368421,1.5
PI576342,0,0.060500963096106,0.80326539258,2.0
PI576343,0,0.052910998199451,0.8816884210045455,2.75
PI576345,0,0.0599222932769592,0.7868525379,1.375
PI576346,0,0.0643832020722646,0.57121858351875,1.75
PI576348,0,0.0559171046060515,0.7923718097411765,
PI576349,0,,,
PI576351,0,0.0502133850021068,0.29545954435,2.0
PI576352,0,0.054438067843842,0.5470696596083333,1.75
PI576354,0,0.0700939614742559,0.3330748042555556,1.8571428571428572
PI576355,0,0.0532702759303554,0.1828133460681818,1.6428571428571428
PI576357,0,0.0644299818657149,1.16234111875,
PI576358,0,0.0580181502872893,0.8051990443699999,1.125
PI576359,2,0.061548360328647,0.4864440169909091,2.25
PI576360,0,0.0491994183764834,0.2980049764851852,
PI576361,0,0.0482018897464383,2.9262273650833333,3.875
PI576362,2,0.0588059543539262,0.1553706587894737,2.0
PI576363,0,0.0572742100505522,0.10736510269999999,1.5
PI576364,0,0.0536694646835129,0.41224407798333335,2.125
PI576368,0,0.0596720220946093,0.226014048575,
PI576369,0,0.0520550802650226,0.2621696016058824,1.3928571428571428
PI576370,0,0.0543444571201579,0.62100861005,
PI576371,0,0.0570029965877774,0.7177600417166667,
PI576372,0,0.0488570247445355,0.05769240842857143,1.6428571428571428
PI576373,0,0.0614724291477495,0.28649868658695654,
PI576374,0,0.0526180385940902,0.05183160253333333,1.875
PI576375,0,0.0658429156914755,1.3104099757636363,
PI576376,0,0.0748608645914609,0.3171639462333333,
PI576377,0,0.0538482028748604,0.24320932655000002,
PI576378,0,0.0451576811787211,0.4359489742,2.4166666666666665
PI576379,0,0.0557351842853736,0.7284631878684211,2.392857142857143
PI576380,0,0.0670413491061337,0.09957922865238096,1.55
PI576381,0,0.0687036171146541,0.5202788431333333,1.375
PI576382,0,0.053053878395724,1.8888427310428573,2.25
PI576383,0,0.0551589790061709,0.4470855519833334,2.75
PI576386,0,0.0669472353844058,0.02488694058695652,
PI576387,0,0.0650723820390054,0.3047930848043478,
PI576389,0,0.0514845679222643,0.5380975587190476,1.25
PI576390,0,0.0735105792837457,0.7823620239000001,
PI576392,0,0.0502925804517112,0.8485666843794119,1.75
PI576393,0,0.0603010699547731,0.07131544253333334,1.25
PI576395,0,0.0465537847316063,0.24834997749545454,
PI576396,0,0.0439280440618361,0.08747038772173912,
PI576397,0,0.0601089177560847,0.21602496426,
PI576398,0,0.0563075580990542,0.4644335687761905,1.75
PI576399,0,0.0606505131158076,1.0407337705904762,
PI576400,0,0.0567068391812308,0.15763788578333335,1.5
PI576401,0,0.0511106619531102,0.42699249849473686,2.0
PI576402,2,0.0537592803505833,0.526232313347619,1.25
PI576403,0,0.0547278074967517,0.9261640714454547,2.5
PI576405,0,0.062675672672825,1.4754469772913041,2.125
PI576406,0,0.0542841958413126,1.1442510223888889,
PI576407,2,0.0503688763100476,0.619795441,
PI576408,0,0.0596164925999777,1.5803492157,
PI576409,0,0.0589726568335923,0.5803010012,2.0
PI576410,0,0.0513323244175174,0.31365901046000005,1.0
PI576411,0,0.0519721327526554,0.16005858176666668,
PI576412,0,0.0654837965471074,0.5010491968,
PI576413,0,0.0600474375976404,1.01947973492,2.0
PI576414,0,0.0638100933719393,0.8825830795789473,
PI576415,0,0.063586283577562,2.0749079514666664,2.5
PI576416,0,0.0607628454320669,0.3915528992818182,
PI576417,0,0.0561673455231268,0.44177476676000005,
PI576418,0,0.0614536027205022,0.957716735935,
PI576419,0,0.0670643160442423,0.8960046719944444,
PI576421,0,0.0451098936836323,0.40751584094210525,2.0
PI576422,0,0.0699109581439128,0.3367111899733333,3.0
PI576423,0,0.0665062655421961,0.5018472813470588,1.5714285714285714
PI576424,0,0.0599313926123469,1.3439732102043478,
PI576425,0,0.0652849964624252,0.07122517826086958,1.625
PI576426,0,0.0690289213032926,0.02353891135652174,1.0
PI576427,0,0.0549931420861891,0.08163022341428572,1.75
PI576428,0,0.0570168839492789,0.05904792692000001,1.75
PI576429,0,0.0433120151437357,2.088519391433333,
PI576431,0,0.0573889544199196,0.5873187714666667,2.625
PI576432,0,0.0612387957121048,0.7843156046666667,
PI576433,0,0.0483168722724411,0.37493629742727275,2.5
PI576434,0,0.0761144797277405,0.6450120410454545,
PI576435,0,0.0506649352233045,0.29898903083333334,2.0
PI576436,0,0.0514972954993358,0.09754857094,
PI576437,0,0.0482405174401261,0.06281263104117647,2.0
PI585295,0,0.0669087570474947,0.45031921024210525,2.25
PI594354,0,,,
PI594355,0,0.0557692944255511,0.1056652564173913,1.75
PI595221,0,,,
PI595699,2,0.0643747475051935,0.5186999584222223,
PI595700,2,0.0713328268205535,2.2630957874749997,
PI595701,0,0.051025599471867,0.6130861470428571,2.0
PI595702,0,0.0591838290427564,1.56975092,
PI595703,0,0.0583046281880751,0.6472296287307693,1.0
PI595704,0,0.0559269743141011,0.6774319122210526,2.4285714285714284
PI595705,2,0.0645483989231981,0.9211787610000001,
PI595706,0,0.0553744034187399,1.0566529807222222,
PI595708,0,0.0595108938572771,1.314095595052381,1.7142857142857142
PI595709,0,0.0708242713013818,0.4451791672235294,
PI595710,0,0.0560561057716093,0.17021284720666668,2.25
PI595711,0,0.056730351392286,0.10050770833333333,
PI595712,0,0.0596704910493717,0.23113580200625003,
PI595713,0,0.0710126047430994,0.26371978860333334,1.8076923076923077
PI595714,0,0.0539770343496161,0.15180233881666666,1.75
PI595715,0,,,
PI595716,0,0.0584065552358175,0.08265788362000001,
PI595717,0,0.0590728024604671,0.46420957711052635,1.0
PI595718,0,0.064076445288704,0.40184519490434784,
PI595719,0,0.0513596056982512,1.1837210012636363,2.0
PI595720,0,0.0591725777591952,1.0704649074736843,
PI595721,0,0.0565113514608109,0.23543228120000004,
PI595722,0,0.0613896996880758,0.5760524595666666,2.125
PI595723,2,0.0707797491686749,1.226818605947826,
PI595724,0,0.0574138649459705,0.48099822219523813,1.55
PI595725,0,0.0512092731732599,0.279350542,2.5
PI595726,0,0.060862075450728,0.13654125871714287,1.25
PI595727,0,0.0653730209317862,0.029186436766666667,1.0
PI595728,0,0.0578269220683338,0.10737279086521741,1.6666666666666667
PI595730,0,0.063423234982073,1.331174073431818,
PI595731,0,0.0589524237973585,2.6449836835,3.25
PI595732,0,0.0519062061848291,0.14668692416363635,
PI595733,0,0.0739566571375327,0.0036183021454545454,1.0833333333333333
PI595734,0,0.0666485540775798,0.00990131365,
PI595735,0,0.0493179347078258,0.13421708395,1.5
PI595736,0,0.0555892368652723,0.07354305267391305,1.125
PI595737,0,0.0645686120917171,0.4019957307913043,1.5
PI595738,0,0.0525378551470812,0.20120735489545458,1.25
PI595739,0,0.0637746370421372,0.025589693217857142,1.0
PI595740,0,0.0441222687614163,0.11373020423333333,1.375
PI595741,0,0.0722274444503177,1.092287297690476,1.25
PI595742,0,0.0579890094903967,0.7244368945333334,
PI595743,0,0.0447066554164965,1.2105986135826086,
PI595744,0,0.062483486928702,1.149691373594737,
PI595745,0,0.0629244621896327,1.0005839083434782,2.25
PI595746,0,0.0750898344584214,0.986012955290909,1.0
PI595747,0,0.0569656204434275,0.028397174196551724,1.25
PI595748,0,0.0615504813477451,0.13494198155,
PI596332,0,0.0533933983624174,0.06568761128181819,
PI596567,0,0.0493087319616571,0.06992599928333333,
PI597943,2,0.0601081941734894,0.5870582316,2.25
PI597944,0,0.048250608671497,0.049292807970588236,1.25
PI597945,0,0.0525664491939563,1.0510308154833334,2.75
PI597946,0,0.0578252409845297,0.9230661203052631,
PI597947,0,0.0574007080915226,0.44439260185454543,2.25
PI597949,0,0.0674309352728452,0.1611296472875,
PI597950,0,0.0489150101322011,1.9754689513,3.25
PI597951,0,0.048768923463027,1.0166679303,2.75
PI597952,0,0.0427721245121363,1.5219573787666667,
PI597953,0,0.060851970079143,1.5038140634,
PI597955,0,0.057749418645735,0.08417806502857143,
PI597956,0,0.0583528231123578,2.0146797516999997,
PI597958,0,0.0583531133248511,0.1780253506909091,1.25
PI597959,0,0.0469026252858927,0.1321785424090909,
PI597960,0,0.0541745574708305,0.5165287046,
PI597961,0,0.055762395356591,0.2668096011166667,1.25
PI597962,0,0.0589249730756751,0.38961765966521744,
PI597963,0,0.0659545872127234,0.35851931811111115,2.0
PI597964,0,,,
PI597965,0,0.0517150715835488,0.2644816339666667,
PI597966,0,0.0661754262142745,0.5249276717272727,2.0
PI597967,0,0.0594399627657216,0.08327047602727274,
PI597968,0,0.0502918012538334,2.4814591892099997,1.75
PI597970,0,0.0737602838277627,0.19779771383333333,1.75
PI597971,0,0.0451971891401555,0.29600263816666667,1.9166666666666667
PI597972,0,0.05599514812861,1.113759966075,2.75
PI597973,0,0.0560184923939625,0.19542269883333332,1.5
PI597974,0,0.0646957729895483,2.0534383816583333,3.0
PI597975,0,0.0595192146831143,1.356093475575,2.25
PI597976,0,0.0614191507059031,0.28793414573333337,1.625
PI597977,0,0.0509088830446079,2.5964352809090907,4.0
PI597978,0,0.0608500140456619,0.705971309175,
PI597979,0,0.0584654451712381,0.2715710929882353,2.0
PI597980,0,0.0647748440428307,2.308459882815385,1.5
PI597981,0,0.0460542216064137,1.2662554045818182,
PI597982,0,0.0520675455584966,0.12551855841904763,
PI598069,0,0.04559321276071,0.00199006618,
PI598070,0,0.0491440973308249,0.84434053465,1.5
PI601264,0,,,
PI601415,0,0.0547760061485888,0.08977209535000001,
PI601552,0,,,
PI601553,0,0.0604769318912008,0.03373399031304348,
PI601554,0,0.0515841542064444,0.09524525364,1.0
PI601555,0,0.0500022060306311,0.1590979101,
PI601556,0,0.0599452576736195,0.024616624516666668,1.25
PI601557,0,0.0561694153665962,0.06497581665789474,1.5833333333333333
PI601716,0,0.0578214691182931,0.7117775758166668,
PI601717,0,,,
PI601718,0,,,
PI601719,0,,,
PI601720,0,,,
PI601721,0,0.0748311544265945,0.07603243947391305,1.5
PI601743,0,0.0755784079673914,0.08904766242727273,
PI601744,0,0.0654582834613653,0.02204273287647059,1.0
PI601756,0,0.0616839936523392,0.26096636338333334,
PI601816,0,0.0001512973749905,0.9707789172,2.0
PI602599,0,0.0616542442397371,0.15284750586666668,
PI602600,0,0.0681944590805085,0.7090388449047619,2.0
PI607931,0,0.051781326956498,0.4856126229428571,1.625
PI609456,0,0.0402027151483674,0.6881975622380953,2.0
PI613536,0,0.0478768586401507,0.1969095738904762,1.7857142857142858
PI629034,0,0.0569921042664737,0.0152743844,1.0
PI629040,0,0.0581066903620449,0.1028971289,1.625
PI629059,0,0.0638621804339385,0.04733014911304347,1.5
PI641824,0,0.0533065739595515,0.13764967786666668,1.75
PI641836,0,0.0517167582749496,1.1417269896,
PI641849,0,0.0512924528138874,0.1535449255909091,
PI641874,0,0.0483649229662472,0.8177204036,
PI642791,0,0.0685204851725853,0.42391306246190474,
PI642992,0,0.0577815101169043,0.32888951835,
PI642998,0,0.0868487152044427,1.1943813946000001,1.75
PI651492,0,0.0595982394185299,0.030273633190909092,
PI651496,0,0.0312314142505986,0.8673461374466667,
PI653616,0,0.0565090615166081,0.241812042425,1.5
PI653617,0,0.0480788099191583,1.4769070266666666,
PI655970,0,0.0622761407970688,0.04489916347272727,1.0
PI655971,0,0.0606496758920775,0.391195842052381,
PI655972,0,0.041959937305893,0.6057701056181818,
PI655973,0,0.0636919563238899,0.1328939824257143,1.5
PI655974,0,0.0557796407817837,0.17289792946666668,1.5
PI655975,0,0.0549903993901762,0.03430003742727273,1.0
PI655976,0,0.0626553588297734,1.436729783573684,
PI655977,0,0.043250019845053,0.2882919818086957,
PI655978,0,0.0574626485664498,0.05110724448,1.5
PI655979,0,0.0579804292937052,0.11905017804210527,1.25
PI655980,0,0.0492016134221776,0.2097139641935484,1.5
PI655982,0,0.0559426935156294,0.14313761051739132,1.625
PI655983,0,0.070752934543733,0.13243463193333335,1.5
PI655984,0,0.0519410400473132,0.3553673340652174,1.5
PI655985,0,0.0698307798360868,0.33748587615000003,
PI655986,0,0.0672914619808411,0.7293122083833333,
PI655987,0,0.0677603540604841,0.32719138445,2.25
PI655988,0,0.0640541195540397,0.20383668157142856,1.25
PI655989,0,0.0646886703337116,0.5998407790217392,2.5
PI655990,0,0.0530577674005737,0.37882318020714284,
PI655991,0,0.0622054237880066,0.19357625083333332,1.25
PI655992,0,0.0641963649152652,0.4972936601,2.0
PI655993,0,0.0584301752966508,0.030426584933333334,1.25
PI655995,0,0.054143393287319,0.049062135489473684,
PI655996,0,0.0575626503121604,0.03784137813076923,
PI655997,0,0.0520358751921062,0.03213769454117647,1.5
PI655998,0,0.0629090910971451,0.07105609882500001,
PI655999,0,0.0503022474148992,0.14044986335,1.5
PI656000,0,0.0650465136457137,0.13739048767714288,1.25
PI656001,0,0.0634817563359797,0.0742538017,1.4166666666666667
PI656002,0,0.0630007846761798,0.07812895944347827,
PI656003,0,0.0506108174854727,0.398856384826087,2.25
PI656004,0,0.0644773764062981,0.045553386104999996,1.25
PI656005,0,0.0636463167838198,0.0344481522,1.75
PI656006,0,0.0631179654237545,0.1685168976157895,
PI656007,0,0.0711837810935609,0.41458024415714284,2.5
PI656008,0,0.0600068720308837,0.026073411600000002,
PI656010,0,0.0536752564459467,0.11608812961666666,1.5833333333333333
PI656011,0,0.0602892473585075,0.009394376255,1.0
PI656012,0,0.0558726751468348,0.3316369214454546,1.875
PI656015,0,0.0504680167649069,0.45085412006666664,2.125
PI656016,0,0.0621225358134912,0.029740974964705885,
PI656017,0,0.0539502711358714,0.01381434118,
PI656018,0,0.061037983135925,0.9876909217037038,1.8571428571428572
PI656019,0,0.0535403924467235,1.45100492035,
PI656020,0,0.0629789595619506,1.40863530155,1.5
PI656021,0,0.0641284142905027,0.3072161180333333,
PI656022,0,0.0607352521744922,0.6636096278,
PI656023,0,0.051853427853979,0.096479673496,
PI656024,0,0.0472827288328077,1.61363250606,1.375
PI656025,2,0.0564700789138645,3.2031034858235294,
PI656026,0,0.0608005862874117,0.11008577594999999,1.1071428571428572
PI656027,0,0.057223838651501,0.14923673808,
PI656028,0,0.0552151202918638,0.13607128478333333,
PI656029,0,0.063069351900288,0.14986218585454544,3.0
PI656031,0,0.0603280176000281,0.00199006618,1.0
PI656033,0,0.0685765697859594,0.5026630740227273,2.5
PI656034,0,0.0461916368294671,0.0030283615782608696,1.0
PI656035,0,0.0619998378436806,0.32526804946666665,1.75
PI656036,0,0.0568787859266639,0.0017304923304347825,
PI656037,0,0.0609690354055238,0.03721325772272727,1.0
PI656038,0,0.0502675499072606,0.7330132656166667,
PI656039,0,0.0672285631232607,0.4751458271052631,1.25
PI656040,0,0.0690800103262906,0.25828920094545454,
PI656041,0,0.0606237887522947,0.06435961835000001,
PI656042,0,0.057062176621544,0.1504858976,
PI656043,0,0.0507615984920324,0.21531344436666666,1.25
PI656044,0,0.0459543174690667,0.004958826366666666,
PI656046,2,0.050519700151861,1.81396053895,
PI656047,0,0.0231651621967421,1.4868447706105263,
PI656048,0,0.0589774697883246,0.008275603333333334,1.5
PI656049,0,0.0648542838410781,0.8637356370999999,
PI656050,0,0.0643973086674193,1.1842291583,
PI656051,0,0.0625899642885274,0.3712492966666667,
PI656052,0,0.0515088575773687,0.5401432431428572,1.75
PI656053,0,0.0623822209315126,0.03685537278,
PI656054,0,0.0465036572283439,0.10766836522727273,1.0
PI656055,0,0.0623540846010555,0.2134846454923077,1.9166666666666667
PI656056,0,0.0564202161331473,0.07646188339090909,
PI656057,0,0.0454949122100645,0.2686147221473684,2.0
PI656058,0,0.0520981545286522,0.09318040072222222,1.5
PI656059,0,0.062524311420206,0.939817479652174,1.625
PI656060,0,0.0632292594771108,0.37417447179714286,1.75
PI656061,0,0.0582232771723907,1.5833911977833335,
PI656062,0,0.0604278223454067,0.0,
PI656064,2,0.06996835523825,1.2512802046904763,2.75
PI656065,0,0.0515204108270762,0.37934672562380956,2.45
PI656066,0,0.0478384776397708,0.5606388943999999,1.3333333333333333
PI656067,2,0.0673843248958536,0.6103389868727273,2.1875
PI656068,0,0.0553525131288002,0.00398013236,1.0
PI656069,0,0.0591596573269325,0.2316015983121212,1.5681818181818181
PI656070,0,0.0622581731162178,0.0723509491095238,1.75
PI656071,0,0.0657230332642451,0.33966463532,2.25
PI656072,0,0.0542876549030097,0.14239145629130434,
PI656073,0,0.0564797639518307,0.07857308308571428,1.5
PI656074,0,0.042198512494626,0.84022769985,
PI656075,0,0.0595712833995853,0.32929957053636366,
PI656076,0,0.0468083714973604,0.001421475842857143,1.0
PI656077,0,0.066541935849881,0.6305236548466666,2.5714285714285716
PI656078,0,0.0532628090825939,0.27616748329090907,2.0
PI656079,0,0.0782206441428744,0.29742551425,
PI656082,0,0.0619074654410632,0.2774029265,
PI656083,0,0.0529865838683608,0.1362830015909091,2.0
PI656085,0,0.0579343981517315,0.945969598268421,
PI656086,0,0.053205329182912,0.07790786898095238,1.0
PI656087,0,0.0566790370329063,1.2814226347411766,2.0
PI656088,0,0.0617693341733462,1.6514370087058823,3.0
PI656091,0,0.0504962447858017,0.04564971338,
PI656092,0,0.0531876194710532,0.06303174168,
PI656093,0,0.0618797081839021,1.1267522326333335,
PI656094,0,0.0562906603628531,1.3535341627,
PI656095,0,0.0638663762461411,0.8357894400500001,
PI656096,0,0.0569089821848742,0.5999978947705882,
PI656097,0,0.0477667333861187,0.10721620733333333,
PI656098,0,0.0533337580511004,0.14808191537499998,
PI656099,0,0.0595826745002867,0.25633167864444445,
PI656100,0,0.0459639070746959,0.21139010943076925,1.6785714285714286
PI656101,0,0.0474809102584545,1.1910349406833334,2.75
PI656102,0,0.0601517661137671,0.605181400031579,
PI656103,2,0.0630435602744319,1.4739459594473683,2.5
PI656104,2,0.0561157026639911,0.06545053590000001,
PI656105,0,0.0423346222121434,0.11105985605999999,1.5
PI656106,0,0.0533409713063546,0.09451083758857143,
PI656107,0,0.0500924089349694,0.8457941536555557,2.25
PI656108,0,0.0486284007930182,1.2475790936869564,2.0
PI656109,0,0.0533237681531793,0.742101574175,
PI656111,0,0.0587562348548642,1.0467019055000002,3.0
PI656112,0,0.0607884591097868,1.061598338163158,2.6
PI656118,0,0.0536581504731508,0.3807613680333333,2.0
PI656120,0,0.0617790746709697,0.007543858019047619,1.25
PI656121,0,0.0505669355056874,2.56599761776,
PI659691,0,0.0508787526604921,0.19388752998235295,2.25
PI659694,0,0.0682652796479097,0.011242541047619048,
PI659695,0,0.0589778950936624,0.83244017265,1.5
PI659696,0,0.0716665960450213,1.8635872792,2.5357142857142856
PI659753,1,0.0525112154041135,0.39453106600000004,1.5
SC0003,0,0.0569827874917008,0.21223729474000003,
SC0027,0,0.047039040793051,0.42026771789,1.75
SC0041,0,0.061046654280331,0.896192465985,
SC0092,0,0.0497119569207165,0.006633553933333334,
SC0138,0,0.064129235451932,0.54895019845,2.3
SC0150,0,0.0681444555161674,0.6005550990347827,1.5
SC0156,0,0.0478028975218378,0.4203139476909091,2.05
SC0157,0,0.0544661202884441,1.604635572178261,
SC0159,0,0.0555263757746039,1.0662121094304349,
SC0178,0,0.0564740363626048,0.6077775013608696,2.5
SC0179,0,0.0618593331154014,0.13652100518333335,
SC0191,2,0.0512106379692058,0.6334429361,1.25
SC0201,0,0.0482804807035177,0.27626696454736843,1.25
SC0236,0,0.0491471127991532,1.0974155353115385,1.75
SC0247,0,0.069658736717519,0.016436112715789476,
SC0263,0,0.0450216974161747,0.0479563828,
SC0266,0,0.0638006063066152,0.6669154645875,1.5
SC0276,0,0.0620764093780732,1.6381127136541667,3.0
SC0287,0,0.0559541929126966,0.24253458684,
SC0297,0,0.0593082807317837,2.549606078230435,
SC0314,0,0.0580995176892486,0.3213724854235294,1.75
SC0343,0,0.072072276076053,0.2664357921,2.0
SC0371,0,0.0577204084521411,1.9704301635,
SC0400,0,0.0571451864053049,0.3718603754782609,
SC0409,0,0.06284227139364,1.8191279808454546,3.15
SC0436,0,0.0525338248022286,0.40914541374,1.5
SC0445,0,0.05732874528932,0.28786533065000003,
SC0448,2,0.0631420553578702,0.6150903967681818,1.75
SC0456,0,0.0787352423587184,1.2955917009,
SC0458,0,0.058218641087904,0.09166601465555556,
SC0470,2,0.0617419580062735,0.3910005365217391,
SC0479,0,0.042522120378335,0.300285305647619,1.25
SC0505,0,0.0482153004446539,0.5956036258307692,2.1785714285714284
SC0517,0,0.0649074300810494,0.21187678247500003,
SC0521,0,0.0726411340548452,2.7597820974571428,3.5
SC0540,0,0.0441410705442051,1.6560138722399997,
SC0542,0,0.0564188575995339,0.13578780624,1.375
SC0550,0,0.0442215178809797,0.16947152099999999,1.8333333333333333
SC0551,0,0.0701024066926559,1.6326905622045453,3.5
SC0556,0,0.0650186319405685,0.169545786895,1.75
SC0581,0,0.0515790308092605,0.35991181759999996,1.25
SC0582,0,0.0509928231334774,0.5207100384173913,2.6785714285714284
SC0602,0,0.0808833731747672,0.15712174006666665,1.1
SC0616,2,0.0634615165011517,0.1563297974,1.6388888888888888
SC0618,2,0.0536535140815381,0.21407168325,1.25
SC0631,0,0.0506110350438754,0.1046346119357143,
SC0636,0,0.0731109842641933,0.9338540214000001,
SC0685,0,0.0501205182829397,1.3168855030772728,2.0
SC0713,0,0.0536810863466088,0.4964408398190476,
SC0741,0,0.0495841591038323,1.48563165698,
SC0747,0,0.0503512867512762,0.5923141394866666,
SC0753,0,0.0755208879118024,1.082444905938889,
SC0777,0,0.0565294442328308,0.24310942763913043,
SC0814,0,0.0614205240610767,1.0640176342833334,1.75
SC0823,0,0.0563084477984305,0.3401496116129032,1.9
SC0834,2,0.0543359787080186,2.027874039968182,3.3214285714285716
SC0837,0,0.0626951735969502,0.0835691326125,1.75
SC0847,2,0.0700927554741062,3.1087347512454544,
SC0848,2,0.0704270341986174,1.77735941594,
SC0854,0,0.0586192036234152,0.40052965876,1.75
SC0858,0,0.0561834906015422,0.5692648450129032,2.357142857142857
SC0860,0,0.0596303437553635,0.7438728898944444,
SC0864,0,0.0554088184790778,3.5257437967,
SC0868,0,0.0657139572462848,0.08014658116666666,1.375
SC0870,0,0.0570769381339722,0.20031924887199998,1.5
SC0871,2,0.0576763380012065,2.58339345417,4.25
SC0877,0,0.0635705954584095,0.47729145291578945,2.0
SC0878,0,,,
SC0893,0,0.059861321685363,0.5729120229,1.625
SC0895,0,,,
SC0914,0,0.0630063689431595,0.074640052488,1.0
SC0921,0,0.0641021605499701,0.09862695676666666,1.625
SC0923,0,0.0482149608400788,2.2242276363409093,
SC0965,0,0.0507497664489892,2.1623722953,
SC1021,0,0.0573869549618135,0.35907221904545455,2.0
SC1023,0,0.0593355008451024,1.131477854065,
SC1058,2,0.0723018591075855,1.2853599865826086,
SC1082,0,0.0592707908870544,0.2999668880714285,1.75
SC1097,0,0.0580630933208106,0.4002800882142857,1.4
SC1107,0,0.0513166966346833,0.31327337948,
SC1114,0,0.0684718929088816,0.20322626082222223,1.75
SC1119,0,0.0641331026339546,1.023417655090476,4.25
SC1120,0,0.0597651866997356,0.7184963768521738,
SC1133,0,0.0588232804700654,0.3700019079476191,
SC1166,0,0.0537410089526075,0.7853533454272728,2.125
SC1170,1,0.0527559715677436,1.4845751022421052,3.75
SC1178,0,0.0605063835226967,0.23333781631304348,
SC1193,2,0.0564910929103443,2.1336671845499997,
SC1216,0,0.0746375416432723,0.2894319739,1.75
SC1442,0,0.0665889224609535,0.10828620842352941,1.5
SC1446,0,0.0551772963833699,0.29517376980000004,
PI533755,0,0.0654730366954118,0.11238811578333334,
PI533772,0,0.0566513806818341,0.51058286576,2.0
PI533775,0,0.0622717788183974,1.0885100030250001,
PI533780,0,0.0643237017056622,0.8690829756470588,1.5
PI533854,0,0.060780312722716,1.0835060206222222,2.25
PI533859,0,0.0476847228735534,0.5334522354,1.5
PI533926,2,0.0680048440214283,1.5316901032199999,2.25
PI533952,0,0.0615953556291904,1.666753874738095,3.0
PI533963,0,0.0478849792561576,0.16773586815,1.5714285714285714
PI534088,0,0.0690175751226562,0.9009998639052631,2.25
PI534098,0,0.063848401111304,1.452492165561905,
PI534121,0,0.052392728653219,0.09728886572222223,1.5
PI534130,0,0.0638735736682321,0.34664986415238097,1.25
PI534166,0,0.0575299839188238,1.4627750954,2.25
PI543247,0,0.0623704642282622,0.12510651485454546,1.25
PI554646,0,0.0568241398155788,0.2160390598478261,
PI554648,0,0.0533238373080294,0.019638081542857143,1.75
PI576350,0,0.0624312154161698,0.3202642684,
PI576366,0,0.0610242890699574,0.2217050431521739,1.7666666666666666
PI576385,0,0.0548748902620442,0.8012983611666668,1.8095238095238095
PI576391,0,0.0566743020889882,0.4827040370333333,1.5
PI576420,0,0.0578023247057952,1.0292696971956523,
PI585291,0,0.0624083279379877,0.05273675638333333,
PI595729,0,0.0623827420610533,0.6928179744952381,
PI642793,0,0.0431609555576124,0.9266779762333334,
PI656090,0,0.05011207531553,0.4094651105666667,
PI656110,0,0.0542119719883914,0.9399699443222223,2.25
PI656115,0,0.0484641481394691,0.463027542825,
SC0412,0,0.064347642837816,0.46683266766000003,
SC0604,0,0.0618212074095958,0.6488226802375,
SC0615,0,0.0528326449481643,1.7762532152250001,
SC0652,0,0.0541460728329025,1.4696469260692306,
SC0999,0,0.0562718641304154,0.5073312774333333,1.875
SC1024,0,0.0474891389219824,0.6672920459666667,2.0
PI153852,0,0.0531779032995152,0.07354324973076923,1.5
PI533827,0,0.0635803376646682,0.3048793264066667,
PI533865,0,0.0643967921246019,0.07953622226,1.25
PI533883,0,0.0548133660189362,0.76123107974,
PI533890,0,0.0705528195569924,0.7198712119999999,
PI533933,2,0.0560967447159203,0.15337872051999998,2.0
PI534018,0,0.0560586981290653,0.28960164930000004,
PI534024,0,0.0549693795156549,0.11352793523478262,1.25
PI534087,0,0.0618468067252871,2.712642293945455,4.5
PI534093,0,0.0641272515140456,1.863095100125,2.25
PI534125,0,0.0467025592189709,0.2879420122,2.5
PI534143,0,0.0453874956583728,2.1267094794782606,2.125
PI561472,0,0.0543527039440533,0.01611672535,1.0
PI574397,0,0.0596983990580154,0.09804133813333334,
PI576331,0,0.0515757295411677,1.8249722164333333,
PI576353,0,0.0550273834362484,0.10979477595454545,
PI576430,0,0.0663152974113976,0.5025239728111112,
PI603983,0,0.0643535522312705,0.06780365786666667,
PI605723,0,0.0519830035896825,0.12483574903500001,1.5
PI605724,0,0.0672912913539574,0.53111637405,1.6666666666666667
PI605725,0,0.0619253933916981,0.1630167366,
PI605726,0,0.0600683582395747,0.18269172153333332,2.0
PI606788,0,0.0655670484833099,0.06181131716086956,1.5
PI613611,0,0.0633538070195338,1.7461606382250001,
PI613613,0,0.0555359271921554,0.4725462146157895,2.25
PI619402,0,0.0624399202406431,0.07318011981666667,1.25
PI656013,2,0.0703809581005626,2.0726466073666665,3.25
PI656014,0,0.0515558686481249,0.46508487,1.875
PI656032,0,0.0525193545751849,0.5900790252,
PI656063,0,0.0609220234685733,1.3327581854043478,2.0
PI656113,2,0.0505645079494496,0.72039069553,2.75
PI656114,0,0.0509792244619929,0.0355713331,1.5
SC0235,0,0.0488836812460253,0.27533710697826086,
SC0249,0,0.0479918167130912,0.32995491173636365,1.625
SC0438,0,0.0715723501703935,0.4936594325904761,2.75
SC0463,0,0.0543934059664725,0.2342493159526316,2.0
SC0547,0,,,
SC0759,0,0.0582674143530135,0.2632353895,2.0
