genotype,4:65447981:G:A
BTx643,0/0
BTx645,0/0
PI152651,1/1
PI153844,1/1
PI153846,0/0
PI22326,1/1
PI24969,1/1
PI276837,0/0
PI329435,0/0
PI329440,1/1
PI34911,1/1
PI35038,1/1
PI48770,1/1
PI533745,1/1
PI533747,1/1
PI533749,1/1
PI533751,1/1
PI533752,1/1
PI533753,1/1
PI533754,1/1
PI533756,1/1
PI533757,1/1
PI533758,0/0
PI533759,1/1
PI533760,0/0
PI533761,1/1
PI533762,1/1
PI533763,1/1
PI533764,1/1
PI533765,1/1
PI533766,1/1
PI533768,1/1
PI533769,1/1
PI533770,1/1
PI533771,1/1
PI533774,1/1
PI533776,1/1
PI533777,1/1
PI533778,1/1
PI533779,1/1
PI533781,1/1
PI533782,1/1
PI533783,1/1
PI533784,1/1
PI533785,1/1
PI533786,1/1
PI533787,1/1
PI533788,1/1
PI533789,1/1
PI533790,1/1
PI533791,1/1
PI533792,1/1
PI533793,1/1
PI533794,0/0
PI533795,1/1
PI533797,1/1
PI533798,1/1
PI533799,0/0
PI533800,0/0
PI533802,0/0
PI533803,1/1
PI533804,1/1
PI533807,1/1
PI533808,1/1
PI533809,1/1
PI533810,1/1
PI533811,1/1
PI533812,1/1
PI533813,1/1
PI533814,1/1
PI533816,1/1
PI533818,1/1
PI533819,1/1
PI533820,1/1
PI533821,1/1
PI533822,1/1
PI533823,1/1
PI533824,1/1
PI533825,1/1
PI533828,1/1
PI533829,1/1
PI533830,1/1
PI533831,1/1
PI533832,1/1
PI533833,1/1
PI533834,1/1
PI533835,1/1
PI533836,1/1
PI533837,1/1
PI533838,1/1
PI533839,1/1
PI533840,1/1
PI533841,1/1
PI533842,1/1
PI533844,1/1
PI533846,1/1
PI533847,1/1
PI533848,1/1
PI533849,1/1
PI533850,1/1
PI533851,1/1
PI533853,1/1
PI533855,1/1
PI533856,1/1
PI533857,1/1
PI533858,1/1
PI533860,1/1
PI533861,1/1
PI533862,1/1
PI533863,1/1
PI533864,1/1
PI533867,1/1
PI533869,1/1
PI533870,1/1
PI533871,1/1
PI533872,1/1
PI533873,1/1
PI533874,1/1
PI533876,1/1
PI533877,1/1
PI533878,1/1
PI533879,1/1
PI533880,1/1
PI533881,1/1
PI533882,1/1
PI533884,1/1
PI533885,1/1
PI533888,1/1
PI533893,1/1
PI533894,1/1
PI533895,1/1
PI533897,1/1
PI533898,1/1
PI533899,1/1
PI533900,1/1
PI533902,1/1
PI533903,1/1
PI533904,1/1
PI533905,1/1
PI533906,1/1
PI533907,1/1
PI533908,1/1
PI533909,1/1
PI533910,1/1
PI533912,1/1
PI533913,1/1
PI533914,1/1
PI533915,1/1
PI533916,1/1
PI533917,1/1
PI533918,0/0
PI533919,1/1
PI533920,1/1
PI533921,0/0
PI533922,1/1
PI533923,1/1
PI533924,1/1
PI533925,1/1
PI533928,1/1
PI533929,1/1
PI533930,1/1
PI533931,1/1
PI533932,1/1
PI533934,1/1
PI533935,1/1
PI533936,1/1
PI533937,1/1
PI533938,1/1
PI533940,1/1
PI533941,1/1
PI533942,1/1
PI533943,1/1
PI533944,1/1
PI533946,1/1
PI533947,1/1
PI533948,1/1
PI533949,1/1
PI533950,1/1
PI533951,1/1
PI533953,1/1
PI533954,1/1
PI533955,1/1
PI533956,1/1
PI533957,1/1
PI533958,1/1
PI533959,1/1
PI533960,1/1
PI533962,1/1
PI533964,0/0
PI533965,1/1
PI533966,1/1
PI533967,0/0
PI533968,1/1
PI533969,1/1
PI533970,1/1
PI533971,1/1
PI533972,1/1
PI533973,1/1
PI533974,1/1
PI533975,1/1
PI533976,1/1
PI533977,1/1
PI533978,1/1
PI533979,1/1
PI533980,1/1
PI533981,1/1
PI533982,1/1
PI533983,1/1
PI533984,1/1
PI533985,1/1
PI533986,1/1
PI533987,1/1
PI533988,1/1
PI533989,0/0
PI533990,0/0
PI533991,0/0
PI533992,1/1
PI533993,0/0
PI533994,0/0
PI533995,1/1
PI533996,1/1
PI533997,1/1
PI533999,1/1
PI534001,1/1
PI534002,1/1
PI534004,1/1
PI534006,1/1
PI534007,1/1
PI534008,1/1
PI534009,1/1
PI534010,1/1
PI534011,1/1
PI534013,1/1
PI534014,1/1
PI534015,1/1
PI534016,1/1
PI534017,1/1
PI534019,1/1
PI534020,1/1
PI534021,1/1
PI534022,1/1
PI534023,1/1
PI534025,1/1
PI534026,1/1
PI534027,1/1
PI534028,1/1
PI534030,1/1
PI534031,1/1
PI534032,1/1
PI534033,1/1
PI534034,1/1
PI534035,1/1
PI534036,1/1
PI534037,1/1
PI534038,1/1
PI534040,1/1
PI534041,1/1
PI534042,1/1
PI534043,1/1
PI534044,1/1
PI534045,1/1
PI534046,1/1
PI534047,1/1
PI534049,1/1
PI534050,1/1
PI534051,1/1
PI534052,1/1
PI534053,1/1
PI534054,1/1
PI534055,1/1
PI534057,1/1
PI534058,1/1
PI534059,1/1
PI534060,1/1
PI534061,1/1
PI534062,1/1
PI534063,1/1
PI534065,1/1
PI534066,1/1
PI534067,1/1
PI534069,1/1
PI534070,1/1
PI534072,1/1
PI534073,1/1
PI534074,1/1
PI534075,1/1
PI534076,1/1
PI534077,1/1
PI534078,1/1
PI534079,1/1
PI534080,1/1
PI534081,1/1
PI534082,1/1
PI534083,1/1
PI534084,1/1
PI534086,1/1
PI534089,1/1
PI534090,1/1
PI534091,1/1
PI534092,1/1
PI534094,1/1
PI534096,1/1
PI534097,1/1
PI534099,1/1
PI534100,1/1
PI534101,1/1
PI534102,1/1
PI534103,1/1
PI534105,1/1
PI534106,1/1
PI534107,1/1
PI534108,1/1
PI534109,1/1
PI534110,1/1
PI534111,1/1
PI534112,1/1
PI534113,1/1
PI534114,1/1
PI534115,0/0
PI534116,1/1
PI534117,1/1
PI534118,1/1
PI534119,1/1
PI534120,1/1
PI534122,1/1
PI534123,1/1
PI534124,1/1
PI534126,1/1
PI534127,1/1
PI534128,1/1
PI534131,1/1
PI534132,1/1
PI534133,1/1
PI534134,1/1
PI534135,1/1
PI534136,1/1
PI534137,0/0
PI534138,1/1
PI534139,1/1
PI534140,1/1
PI534141,1/1
PI534142,1/1
PI534144,1/1
PI534146,0/0
PI534147,1/1
PI534148,1/1
PI534149,1/1
PI534150,1/1
PI534151,1/1
PI534152,1/1
PI534153,0/0
PI534154,1/1
PI534155,1/1
PI534156,1/1
PI534157,0/0
PI534158,1/1
PI534159,1/1
PI534160,1/1
PI534162,1/1
PI534163,1/1
PI534164,1/1
PI534165,0/0
PI534167,1/1
PI540816,0/0
PI542406,1/1
PI542718,1/1
PI543243,1/1
PI544069,1/1
PI548797,1/1
PI552856,0/0
PI552861,1/1
PI554649,1/1
PI554650,0/0
PI554654,1/1
PI555457,1/1
PI561071,1/1
PI561072,1/1
PI561073,1/1
PI561926,1/1
PI562623,1/1
PI564163,0/0
PI564164,1/1
PI564165,0/0
PI565121,0/0
PI574398,1/1
PI574407,1/1
PI576130,0/0
PI576328,1/1
PI576329,1/1
PI576332,1/1
PI576333,1/1
PI576334,1/1
PI576335,1/1
PI576338,1/1
PI576339,1/1
PI576340,1/1
PI576341,1/1
PI576342,1/1
PI576343,1/1
PI576345,1/1
PI576346,1/1
PI576348,1/1
PI576351,1/1
PI576352,1/1
PI576354,1/1
PI576355,1/1
PI576357,1/1
PI576358,1/1
PI576359,1/1
PI576360,1/1
PI576361,1/1
PI576362,1/1
PI576363,1/1
PI576364,1/1
PI576368,1/1
PI576369,1/1
PI576370,1/1
PI576371,1/1
PI576372,1/1
PI576373,1/1
PI576374,1/1
PI576375,1/1
PI576376,1/1
PI576377,1/1
PI576378,1/1
PI576379,1/1
PI576380,1/1
PI576381,1/1
PI576382,1/1
PI576383,1/1
PI576386,1/1
PI576387,1/1
PI576389,1/1
PI576390,1/1
PI576392,1/1
PI576393,1/1
PI576395,1/1
PI576396,1/1
PI576397,1/1
PI576398,1/1
PI576399,1/1
PI576400,1/1
PI576401,1/1
PI576402,1/1
PI576403,1/1
PI576405,1/1
PI576406,1/1
PI576407,1/1
PI576408,1/1
PI576409,1/1
PI576410,1/1
PI576411,1/1
PI576412,1/1
PI576413,1/1
PI576414,1/1
PI576415,1/1
PI576416,1/1
PI576417,1/1
PI576418,1/1
PI576419,1/1
PI576421,1/1
PI576422,1/1
PI576423,1/1
PI576424,1/1
PI576425,1/1
PI576426,1/1
PI576427,1/1
PI576428,0/0
PI576429,1/1
PI576431,1/1
PI576432,1/1
PI576433,1/1
PI576434,1/1
PI576435,1/1
PI576436,1/1
PI576437,1/1
PI585295,1/1
PI594355,1/1
PI595699,1/1
PI595700,1/1
PI595701,1/1
PI595702,1/1
PI595703,1/1
PI595704,1/1
PI595705,1/1
PI595706,1/1
PI595708,1/1
PI595709,0/0
PI595710,1/1
PI595711,1/1
PI595712,1/1
PI595713,1/1
PI595714,1/1
PI595716,0/0
PI595717,1/1
PI595718,1/1
PI595719,1/1
PI595720,1/1
PI595721,1/1
PI595722,1/1
PI595723,1/1
PI595724,1/1
PI595725,1/1
PI595726,1/1
PI595727,1/1
PI595728,1/1
PI595730,1/1
PI595731,1/1
PI595732,0/0
PI595733,0/0
PI595734,0/0
PI595735,0/0
PI595736,0/0
PI595737,0/0
PI595738,1/1
PI595739,0/0
PI595740,1/1
PI595741,1/1
PI595742,1/1
PI595743,1/1
PI595744,1/1
PI595745,1/1
PI595746,0/0
PI595747,1/1
PI595748,1/1
PI596332,1/1
PI596567,1/1
PI597943,1/1
PI597944,1/1
PI597945,1/1
PI597946,1/1
PI597947,1/1
PI597949,1/1
PI597950,1/1
PI597951,1/1
PI597952,1/1
PI597953,1/1
PI597955,1/1
PI597956,1/1
PI597958,1/1
PI597959,1/1
PI597960,1/1
PI597961,0/0
PI597962,0/0
PI597963,1/1
PI597965,1/1
PI597966,1/1
PI597967,0/0
PI597968,1/1
PI597970,1/1
PI597971,1/1
PI597972,1/1
PI597973,1/1
PI597974,1/1
PI597975,1/1
PI597976,1/1
PI597977,1/1
PI597978,1/1
PI597979,1/1
PI597980,1/1
PI597981,1/1
PI597982,1/1
PI598069,1/1
PI598070,1/1
PI601415,1/1
PI601553,1/1
PI601554,0/0
PI601555,1/1
PI601556,1/1
PI601557,1/1
PI601716,1/1
PI601721,1/1
PI601743,1/1
PI601744,1/1
PI601756,1/1
PI602599,1/1
PI602600,1/1
PI607931,1/1
PI609456,1/1
PI613536,1/1
PI629034,0/0
PI629040,1/1
PI629059,0/0
PI641824,1/1
PI641836,1/1
PI641849,1/1
PI641874,1/1
PI642791,1/1
PI642992,1/1
PI642998,1/1
PI651492,1/1
PI651496,1/1
PI653616,1/1
PI653617,1/1
PI655970,1/1
PI655971,1/1
PI655972,1/1
PI655973,1/1
PI655974,1/1
PI655975,1/1
PI655976,1/1
PI655977,0/0
PI655978,1/1
PI655979,1/1
PI655980,1/1
PI655982,1/1
PI655983,1/1
PI655984,1/1
PI655985,1/1
PI655986,1/1
PI655987,1/1
PI655988,1/1
PI655989,1/1
PI655990,1/1
PI655991,1/1
PI655992,1/1
PI655993,1/1
PI655995,1/1
PI655996,1/1
PI655997,0/0
PI655998,1/1
PI655999,1/1
PI656000,0/0
PI656002,1/1
PI656003,1/1
PI656004,1/1
PI656005,1/1
PI656006,1/1
PI656007,1/1
PI656008,0/0
PI656010,1/1
PI656011,0/0
PI656012,1/1
PI656015,1/1
PI656016,0/0
PI656017,1/1
PI656018,1/1
PI656019,1/1
PI656020,1/1
PI656021,1/1
PI656022,1/1
PI656023,1/1
PI656024,1/1
PI656025,1/1
PI656026,0/0
PI656027,1/1
PI656028,1/1
PI656029,1/1
PI656031,0/0
PI656033,1/1
PI656034,0/0
PI656035,1/1
PI656036,0/0
PI656037,0/0
PI656038,1/1
PI656039,0/0
PI656040,1/1
PI656041,1/1
PI656042,1/1
PI656043,0/0
PI656044,0/0
PI656046,1/1
PI656047,1/1
PI656048,0/0
PI656049,1/1
PI656050,1/1
PI656051,0/0
PI656052,1/1
PI656053,0/0
PI656054,0/0
PI656055,0/0
PI656056,0/0
PI656057,1/1
PI656058,1/1
PI656059,0/0
PI656060,1/1
PI656061,1/1
PI656062,0/0
PI656064,1/1
PI656065,1/1
PI656066,1/1
PI656067,1/1
PI656068,0/0
PI656069,1/1
PI656070,0/0
PI656071,1/1
PI656072,1/1
PI656073,1/1
PI656074,1/1
PI656075,0/0
PI656077,1/1
PI656078,1/1
PI656079,1/1
PI656082,1/1
PI656083,1/1
PI656085,0/0
PI656086,1/1
PI656087,1/1
PI656088,1/1
PI656091,1/1
PI656092,1/1
PI656093,1/1
PI656094,1/1
PI656095,1/1
PI656096,1/1
PI656097,1/1
PI656098,1/1
PI656099,1/1
PI656100,1/1
PI656101,1/1
PI656102,1/1
PI656103,1/1
PI656104,1/1
PI656105,1/1
PI656106,1/1
PI656107,1/1
PI656108,1/1
PI656109,1/1
PI656111,1/1
PI656112,1/1
PI656118,1/1
PI656120,1/1
PI656121,1/1
PI659691,1/1
PI659694,0/0
PI659695,1/1
PI659696,1/1
PI659753,1/1
SC0003,1/1
SC0027,1/1
SC0041,1/1
SC0092,1/1
SC0138,1/1
SC0150,1/1
SC0156,1/1
SC0157,1/1
SC0159,1/1
SC0178,1/1
SC0179,1/1
SC0191,1/1
SC0201,1/1
SC0236,1/1
SC0247,1/1
SC0263,1/1
SC0266,1/1
SC0276,1/1
SC0287,1/1
SC0297,1/1
SC0314,1/1
SC0343,1/1
SC0371,1/1
SC0400,1/1
SC0409,1/1
SC0436,1/1
SC0445,1/1
SC0448,1/1
SC0456,0/0
SC0458,1/1
SC0470,1/1
SC0479,1/1
SC0505,1/1
SC0517,1/1
SC0521,1/1
SC0540,1/1
SC0542,1/1
SC0550,1/1
SC0551,1/1
SC0556,1/1
SC0581,1/1
SC0582,1/1
SC0602,1/1
SC0616,1/1
SC0618,1/1
SC0631,1/1
SC0636,1/1
SC0685,1/1
SC0713,1/1
SC0741,1/1
SC0747,1/1
SC0753,1/1
SC0777,1/1
SC0814,1/1
SC0823,1/1
SC0834,1/1
SC0837,1/1
SC0847,1/1
SC0848,1/1
SC0854,1/1
SC0858,1/1
SC0860,1/1
SC0864,1/1
SC0868,1/1
SC0870,1/1
SC0871,1/1
SC0877,1/1
SC0893,1/1
SC0914,0/0
SC0921,1/1
SC0923,1/1
SC0965,1/1
SC1021,1/1
SC1023,1/1
SC1058,1/1
SC1082,1/1
SC1097,1/1
SC1107,1/1
SC1114,1/1
SC1119,1/1
SC1120,1/1
SC1133,1/1
SC1166,1/1
SC1170,1/1
SC1178,1/1
SC1193,1/1
SC1216,1/1
SC1442,1/1
SC1446,1/1
PI533755,1/1
PI533772,1/1
PI533775,1/1
PI533780,1/1
PI533854,1/1
PI533859,1/1
PI533926,1/1
PI533952,1/1
PI533963,1/1
PI534088,1/1
PI534098,1/1
PI534121,1/1
PI534130,1/1
PI534166,1/1
PI543247,1/1
PI554646,1/1
PI554648,1/1
PI576350,1/1
PI576366,1/1
PI576385,1/1
PI576391,1/1
PI576420,1/1
PI585291,1/1
PI595729,1/1
PI642793,1/1
PI656090,1/1
PI656110,1/1
PI656115,1/1
SC0412,1/1
SC0604,1/1
SC0615,1/1
SC0652,1/1
SC0999,1/1
SC1024,1/1
PI153852,1/1
PI533827,1/1
PI533865,1/1
PI533883,1/1
PI533890,1/1
PI533933,1/1
PI534018,1/1
PI534024,1/1
PI534087,1/1
PI534093,1/1
PI534125,1/1
PI534143,1/1
PI561472,0/0
PI574397,1/1
PI576331,1/1
PI576353,1/1
PI576430,1/1
PI603983,1/1
PI605723,1/1
PI605724,1/1
PI605725,1/1
PI605726,1/1
PI606788,1/1
PI613611,1/1
PI613613,1/1
PI619402,1/1
PI656013,1/1
PI656014,1/1
PI656032,1/1
PI656063,1/1
PI656113,1/1
PI656114,1/1
SC0235,1/1
SC0249,1/1
SC0438,1/1
SC0463,1/1
SC0759,1/1
