genotype,peak_dose,midrib_b,lamina_b,whole_b,G286700_expr,G286700_tpm
BTx643,0.0,17.313364271845035,11.186444101898951,12.278440475463867,,
BTx645,0.0,15.529820771088966,10.637228006778466,11.46767552693685,0.3561438102252753,0.28
PI152651,2.0,16.99291009957937,15.92976685578314,16.454972982406616,2.211012193485512,3.6300000000000003
PI153844,2.0,10.425518098384725,7.909165029463729,8.437654733657837,1.4854268271702418,1.8
PI153846,0.0,13.490683952708212,10.682935841913103,11.613607951572964,0.5260688116675876,0.44
PI156549,2.0,,,,,
PI17548,2.0,,,,2.3305584000308026,4.03
PI22326,2.0,18.976243009949428,13.509294308761792,14.370892524719238,2.01435529297707,3.04
PI24969,2.0,11.564302592694094,10.352095997457027,11.09968843460083,2.1396877710118107,3.4066666666666663
PI276837,0.0,18.82799793749347,16.946378157729907,17.899590015411377,2.463360885816658,4.515000000000001
PI329435,0.0,25.53270412720865,17.795669473055497,19.34783681233724,,
PI329440,2.0,12.803827959414926,10.263211780050373,10.832795355055069,2.704871964456353,5.52
PI34911,2.0,14.178543091914293,12.51825677999996,12.983845710754396,2.0107798387532427,3.0300000000000002
PI35038,2.0,16.532747789762336,11.708663355698206,12.862219174702965,2.282439805006387,3.865
PI48770,2.0,11.94050551916137,10.122946961843304,10.38416560490926,2.8328900141647417,6.125
PI533745,2.0,20.388601777506,17.256819528736525,18.198108037312824,0.2750070474998697,0.21
PI533746,2.0,11.071646770476196,8.224488001716187,8.921277523040771,0.4956951626240687,0.41
PI533747,2.0,11.573654876068138,9.960006839311523,10.456413825352987,1.3673710656485294,1.58
PI533749,,10.780999093279483,9.67904816159214,10.160499095916748,1.2750070474998698,1.42
PI533751,2.0,13.55978360720048,10.4195440525597,11.18111809094747,2.4436066514756147,4.44
PI533752,2.0,14.211708414154243,10.22331183912395,11.308773040771484,1.9572955490457613,2.883333333333333
PI533753,2.0,21.753115934677123,16.690050883140945,17.630950927734375,0.9927684307689242,0.99
PI533754,2.0,9.47159661650381,6.295504167788533,7.081912676493327,2.0646529583422537,3.1833333333333336
PI533756,2.0,9.355588589710262,5.794101846568873,6.427290201187134,2.6484654430273142,5.27
PI533757,2.0,12.737282398115422,9.330546787853969,10.339885902404784,2.4453735776498027,4.446666666666666
PI533758,0.0,15.852738836357252,12.554989660039846,13.43073272705078,2.991559637199347,6.953333333333333
PI533759,2.0,10.834939784636248,8.891333699776155,9.04476761817932,2.013164459198448,3.0366666666666666
PI533760,0.0,11.298688526502753,8.376926213313348,9.11736183166504,2.7865963618908065,5.8999999999999995
PI533761,2.0,20.573552171838543,15.417960456456225,16.47431468963623,2.543495883425772,4.83
PI533762,2.0,11.231251162893235,8.859214663219776,9.679041703542074,2.700439718141092,5.5
PI533763,2.0,13.622658043987633,11.205144755440095,11.75933559735616,,
PI533764,,13.793713227029455,11.818354513136471,12.375227292378744,0.933572638261024,0.91
PI533765,2.0,12.430558239328322,10.901488250892294,11.386509577433268,2.232660756790275,3.7
PI533766,2.0,14.731479293360344,11.091263869246092,11.991556962331137,1.800468536472364,2.483333333333333
PI533768,2.0,11.647061711850464,8.232546349507905,8.783175945281982,,
PI533769,2.0,18.88373640374508,16.40237953632748,17.14173650741577,1.4716210276452113,1.7733333333333334
PI533770,2.0,11.003170436390477,7.944810418809808,8.449592192967733,2.169925001442312,3.5
PI533771,2.0,15.313852165553056,12.20154431825724,12.560776551564537,2.2234225499349374,3.67
PI533774,2.0,13.569330473585431,9.852470075821875,10.74855604171753,0.6415460290875237,0.56
PI533776,2.0,16.98281183248171,12.95178764462608,13.987170505523682,2.076102979085792,3.216666666666667
PI533777,2.0,14.134452012279224,12.784726453309338,13.141245365142822,1.6088092426755238,2.05
PI533778,2.0,20.318695788057223,18.44775714720216,19.146365483601887,0.3785116232537298,0.3
PI533779,2.0,8.758463423703878,6.861616880093458,7.368421872456868,,
PI533781,2.0,16.761991060523826,12.064177517676864,13.342145919799805,,
PI533782,2.0,15.861237552932804,15.391312911356252,15.379623794555664,,
PI533783,2.0,13.682871850574834,11.30671570132372,12.007460196812948,0.918386234446348,0.89
PI533784,2.0,12.903318202938692,13.56261452395915,13.810205078125,0.5058909297299573,0.42
PI533785,2.0,20.57142023359885,17.815531304709214,18.588399092356365,1.9903498299662807,2.973333333333333
PI533786,2.0,18.523191614799167,14.623140630138687,15.695413970947266,1.9297909977185972,2.81
PI533787,2.0,11.184420101044813,10.762682772184474,11.31496000289917,,
PI533788,2.0,7.986976085412468,6.094156464846294,6.775232934951783,3.3103401206121505,8.92
PI533789,2.0,12.591563142913555,9.975980003934348,10.276907920837402,2.966553516906858,6.816666666666666
PI533790,2.0,14.540809787238349,14.16403508457558,14.540799713134763,0.7824085649273732,0.72
PI533791,2.0,12.260951639837556,11.142202967217424,11.615389585494995,1.4005379295837286,1.64
PI533792,2.0,10.718767856439566,8.463818843849776,9.243727684020996,1.990954860396993,2.975
PI533793,2.0,11.3762108150043,10.3707138387487,10.976940472920736,1.565597175854225,1.96
PI533794,0.0,17.116618592978,14.83703641013431,15.47332207361857,2.6690267655096305,5.359999999999999
PI533795,2.0,16.55988049244151,13.34869974241578,13.978984560285296,0.4750848829487828,0.39
PI533797,2.0,16.982812568047642,13.303038087313976,14.26050313313802,0.879705766282288,0.84
PI533798,2.0,11.279080006577084,7.774657192037845,8.45854107538859,1.6369145803558778,2.11
PI533799,0.0,15.974283690177346,10.284809287985476,11.35509173075358,1.782408564927373,2.44
PI533800,0.0,13.288409192455228,8.979751918938183,9.670185248057049,1.7340773148413795,2.3266666666666667
PI533802,0.0,14.672261079546535,9.996695834076808,11.037155707677206,0.925999418556223,0.9
PI533803,2.0,10.482301483931256,8.600869659934586,9.138699107699924,0.963474123974886,0.95
PI533804,2.0,17.158303511434127,14.433260295764857,15.148178815841677,1.38404980679516,1.61
PI533807,2.0,11.746721655772197,10.694233284487288,11.21536111831665,2.060047383669939,3.17
PI533808,2.0,9.989929083727844,8.07022248774163,8.294114218817818,1.5753123306874368,1.98
PI533809,2.0,15.516941338884982,11.580547747956963,12.617846171061196,2.0250287944915226,3.07
PI533810,2.0,11.81374504415862,8.907652743430297,9.696266333262123,1.9879271676994248,2.9666666666666663
PI533811,2.0,16.346118615494387,13.476320566140446,14.07191546758016,1.2630344058337937,1.4
PI533812,2.0,20.36150268379257,17.534628940913976,18.215144395828247,0.4436066514756145,0.36
PI533813,2.0,16.939834417532,14.162062413772334,14.817623297373451,0.4646682670034442,0.38
PI533814,2.0,19.98021697601971,14.85886437531094,15.986642837524414,2.032100843167024,3.09
PI533816,2.0,15.707203688630964,12.778341828333083,13.43295627170139,0.5655971758542251,0.48
PI533818,2.0,17.86464959522843,13.326719855671849,14.331533670425417,1.0,1.0
PI533819,2.0,15.86696582601215,13.26976078511741,13.83818871634347,0.5558161550616397,0.47
PI533820,2.0,13.338403991642547,9.208158984114096,10.005486297607424,,
PI533821,2.0,11.806666295112327,9.071082055590365,9.72337109701974,2.2285621885766544,3.686666666666667
PI533822,2.0,11.299177005006255,9.805980505236253,10.154697036743164,3.06177619758669,7.3500000000000005
PI533823,2.0,14.19639958065178,12.44506016374,13.074167823791504,0.7990873060740036,0.74
PI533824,2.0,13.90744118146196,11.790702124990084,12.289049339294433,1.9297909977185972,2.81
PI533825,2.0,12.409157602940056,10.047750133190616,10.753650506337484,0.3673710656485294,0.29
PI533828,2.0,16.605591418355477,14.142087825560871,15.055681228637695,1.7004397181410922,2.25
PI533829,2.0,17.1009339264749,14.77692667904832,15.423200035095215,1.2448870591235344,1.37
PI533830,2.0,20.21301202086395,17.122013715643433,17.80214850107829,2.559491813205038,4.895
PI533831,2.0,11.113326473374272,9.229649539470309,9.600738445917765,1.7326310039023152,2.3233333333333337
PI533832,2.0,15.383144375993934,12.200036823832567,12.91407330830892,,
PI533833,2.0,10.790866757291878,8.088600727521554,8.944487889607748,1.989139007368233,2.97
PI533834,2.0,18.16812436149907,13.90540602221281,14.670663992563885,,
PI533835,2.0,16.954590963433425,14.091586539837852,14.622679710388184,0.5655971758542251,0.48
PI533836,2.0,14.886237872917237,10.471444629725786,11.5283313592275,1.1634987322828796,1.24
PI533837,2.0,15.759190296947711,11.39653937229187,12.28758144378662,2.192194165283345,3.57
PI533838,2.0,16.556892147417663,13.182013241912731,13.93019700050354,2.0344505098767804,3.0966666666666662
PI533839,2.0,8.164855659531439,5.1612591751520736,5.679930488268535,2.5185351389821804,4.73
PI533840,2.0,9.010440628965249,7.926294366611526,8.307644128799438,0.9107326619029126,0.88
PI533841,2.0,14.947289164404928,10.22641217928732,11.226852416992188,3.6865005271832185,11.875
PI533842,2.0,14.833444607970478,10.522063574058398,11.566791772842407,0.963474123974886,0.95
PI533844,2.0,12.910801366669691,12.752825094778125,13.055033683776855,2.3015876466031866,3.93
PI533846,2.0,16.982400078165128,13.221408340153422,14.167340914408364,1.1176950426697545,1.17
PI533847,2.0,13.435082376513147,10.313449194448316,10.912710762023924,1.111031312388744,1.16
PI533848,2.0,16.652359317925555,15.19017000560607,15.649925390879313,1.2203299548795556,1.33
PI533849,2.0,12.88636853377013,12.137860868524756,12.460832595825195,,
PI533850,,11.812528310750055,8.84394244852561,9.522550026575724,1.0496307677246008,1.07
PI533851,2.0,14.281053915864048,13.602675330091596,13.980860233306885,1.9297909977185972,2.81
PI533853,2.0,14.484989170103889,9.118779892176017,10.157482624053957,0.8318772411916731,0.78
PI533855,2.0,11.5037655835991,9.03013653055246,9.497523212432862,1.831877241191673,2.56
PI533856,2.0,12.078785940408446,8.455667285207289,9.298648595809937,1.7026575433909108,2.255
PI533857,2.0,16.059857203737952,13.524270412318751,14.207287406921386,1.250961573533219,1.38
PI533858,2.0,11.900894690054145,7.203949785124022,8.134546852111816,,
PI533860,2.0,11.058215121344926,7.402624412797533,8.346519374847412,0.5260688116675876,0.44
PI533861,2.0,15.5515262726586,11.63185077933219,12.5257199605306,1.4005379295837286,1.64
PI533862,2.0,15.192071777200754,13.347730410743816,13.79123624165853,,
PI533863,2.0,15.51072646650618,11.167181404197358,12.168673250410292,2.4982508675278257,4.65
PI533864,2.0,16.49566552502125,14.29227195661518,15.01395050684611,0.3219280948873623,0.25
PI533867,,17.83756902797655,16.55133473292963,17.014541625976562,0.7570232465074596,0.69
PI533869,2.0,14.607923793093352,12.841978435141073,13.084036064147949,2.2172307162206693,3.6500000000000004
PI533870,2.0,15.360586496511855,12.223595817207004,12.719808306012837,0.4222330006830478,0.34
PI533871,2.0,14.469958813116785,12.48453727630889,12.917259772618612,2.015545144624629,3.0433333333333334
PI533872,2.0,14.29850531455155,9.160582399344335,10.126725633939108,1.2141248053528475,1.32
PI533873,2.0,9.754278634243002,6.931750155344372,7.787773092587789,1.5558161550616396,1.94
PI533874,2.0,12.918571901838382,11.551709660106852,11.795863707860311,0.918386234446348,0.89
PI533876,2.0,16.951962624392337,13.691834490342904,14.638169606526692,1.2660368939953175,1.405
PI533877,2.0,18.7655154861307,16.21733366917621,17.0655890305837,2.20997316208238,3.6266666666666665
PI533878,2.0,8.893371874592404,5.265755955500175,6.114802428654262,1.6690267655096307,2.18
PI533879,2.0,13.115553092917002,10.358506457526156,10.83280118306478,,
PI533880,2.0,13.273852566552767,10.568771963996063,11.311878045399984,1.2570106182060237,1.39
PI533881,2.0,15.232348022149072,11.891662785735331,12.703391551971436,0.722466024471091,0.65
PI533882,2.0,11.247200269805772,7.962133402058105,8.427120844523111,2.803227036434928,5.98
PI533884,2.0,16.40336581013452,12.466136095298312,13.147701808384486,1.3276873641760472,1.51
PI533885,2.0,17.46222873206152,13.846955442407223,14.634479522705078,0.4854268271702416,0.4
PI533887,2.0,12.29987743570315,11.080860709011196,11.509584426879885,1.0772429989324606,1.11
PI533888,2.0,15.129469374135676,12.838294079177311,13.557623481750488,1.2203299548795556,1.33
PI533893,2.0,12.58519825859514,9.30130823218279,9.890632470448812,0.9855004303048848,0.98
PI533894,2.0,18.830240264668483,13.375298083712002,14.240406354268393,1.372952097911829,1.59
PI533895,2.0,13.782862251526732,11.12912555332612,11.820947456359864,,
PI533897,2.0,10.332534784103755,7.086003770277316,7.624443570772807,1.1953475983222193,1.29
PI533898,2.0,16.63152268850309,13.136721017604003,13.9130672454834,1.1505596765753812,1.22
PI533899,2.0,14.513848669940282,11.360857734018598,11.92686367034912,1.0285691521967708,1.04
PI533900,2.0,18.325800855185246,13.599571881201182,14.644212341308592,1.8559896973084808,2.62
PI533901,2.0,,,,2.9020735793107426,6.4750000000000005
PI533902,2.0,14.319009766382404,9.13207337682111,9.932883262634276,1.7376867614098603,2.335
PI533903,2.0,15.042073133442528,10.886768443466408,11.68631664911906,1.6538243588659605,2.146666666666667
PI533904,2.0,10.034044891632506,7.5685875965779745,8.635568976402283,1.5360529002402097,1.9
PI533905,2.0,9.290672909594903,6.478800415222105,6.913605690002441,0.6229303509201767,0.54
PI533906,2.0,15.92752946773394,11.33051444694371,12.291382312774658,0.5849625007211562,0.5
PI533907,2.0,10.88345314246336,9.026437948597872,9.917948518480571,1.4854268271702418,1.8
PI533908,2.0,12.6793513153276,9.211222489059862,9.785454988479614,1.0426443374084935,1.06
PI533909,2.0,12.711495978905882,8.537931042172222,9.251785278320312,1.0565835283663676,1.08
PI533910,2.0,11.201508281222166,6.951337468852768,7.683872509002685,2.5777309314900805,4.97
PI533911,1.0,11.046288940270278,10.38352165450567,10.79223076502482,2.190088040762019,3.563333333333334
PI533912,2.0,13.179535817421645,11.089174078760552,11.824379444122314,1.6415460290875237,2.12
PI533913,2.0,17.553765453437517,14.841861898584364,15.471220425197057,2.472487771462744,4.55
PI533914,2.0,11.57658248712176,9.49059656589877,10.19733985265096,0.0565835283663675,0.04
PI533915,2.0,9.618456334302016,7.129307968115961,7.89135217666626,1.707082991771706,2.2649999999999997
PI533916,2.0,13.840463816040875,12.24961560606832,12.602016830444336,1.1826922975161902,1.27
PI533917,2.0,16.254895738733087,15.646030896782367,16.031067085266113,0.3334237337251918,0.26
PI533918,0.0,11.53285939391696,8.550322006340592,9.191737174987791,0.3334237337251918,0.26
PI533919,2.0,13.423335784662951,10.38121795825263,11.046907997131347,1.6720481174848678,2.186666666666667
PI533920,2.0,10.3936468906702,7.439781922984608,8.116598844528198,1.0214797274104517,1.03
PI533921,0.0,15.895243252137206,12.49896860287598,13.332538604736328,1.3200032179628705,1.4966666666666668
PI533922,2.0,12.641098954855662,8.08566183401369,8.64132571220398,0.5160151470036647,0.43
PI533923,2.0,20.06333070592016,14.729734591333376,16.20717430114746,1.584962500721156,2.0
PI533924,2.0,9.586192853837453,3.722657188597892,4.786936203638713,1.2590213433271706,1.3933333333333333
PI533925,2.0,11.530711335176669,7.052493374696513,7.834152062733968,1.6415460290875237,2.12
PI533927,2.0,,,,1.5753123306874368,1.98
PI533928,2.0,14.365119983953091,12.32877265823674,12.591172933578491,1.565597175854225,1.96
PI533929,2.0,16.367811149220408,11.369058455795194,12.251805210113526,0.765534746362977,0.7
PI533930,2.0,14.035805921440213,11.263367039456655,11.953629705641005,1.372952097911829,1.59
PI533931,2.0,11.583723970470878,8.375622552353772,8.867979208628336,1.0908534304511135,1.13
PI533932,2.0,15.02812784212478,10.500889352284874,11.153763771057127,,
PI533934,2.0,15.702467712715068,12.1330450177402,12.823764610290528,1.7048719644563528,2.26
PI533935,,15.968862869900294,12.698958774217326,13.309054102216448,1.4276061727818994,1.69
PI533936,2.0,11.757693160646832,7.65930910933449,8.523906528949738,1.7627031555798145,2.393333333333333
PI533937,2.0,12.869955432075416,10.224994802496337,11.03290473090278,1.8539956471763928,2.615
PI533938,2.0,12.432786557665857,10.123995809073548,10.928762118021648,2.158660175346498,3.465
PI533940,2.0,14.69483547716119,12.529621180356258,13.176154295603434,1.8940093043117865,2.716666666666667
PI533941,2.0,10.44163500374152,8.33420839121158,8.736551205317179,1.967168607532628,2.91
PI533942,2.0,7.654808079466729,6.209541076989219,6.63500436147054,0.6507645591169021,0.57
PI533943,2.0,13.838511502497166,10.7710673445195,11.447856903076172,3.064365540263628,7.365
PI533944,2.0,18.19111978516924,13.994035143463122,14.953782081604004,1.5558161550616396,1.94
PI533946,2.0,15.927329572397452,13.436354436261125,14.09267282485962,1.0214797274104517,1.03
PI533947,2.0,11.511892923143172,9.690004585820317,10.616630458831787,1.859969548221026,2.63
PI533948,2.0,11.933547030342949,8.30947694709885,9.048582077026367,2.9020735793107426,6.475
PI533949,2.0,14.78223275532573,10.726468500595445,11.399338722229004,2.15704371014558,3.4599999999999995
PI533950,2.0,16.69925481072037,12.982476948063615,14.00944709777832,0.1505596765753813,0.11
PI533951,2.0,10.218140891412634,8.1726230959223,8.40865977605184,1.3103401206121503,1.48
PI533953,,12.89108030449644,10.620586561424204,10.983668645222982,2.0806576633452254,3.23
PI533954,2.0,10.464810482739349,7.048538826570112,8.009018707275391,2.286881147788161,3.88
PI533955,2.0,16.86810855166567,13.46096819722522,14.36320702234904,2.703396061472504,5.513333333333333
PI533956,2.0,16.03762429118657,12.887343429828976,13.515204350153605,1.6959938131099002,2.24
PI533957,2.0,17.583840970264415,13.008145188953453,13.880715476142036,2.358958825832329,4.13
PI533958,2.0,17.716034248297422,12.844274819103656,13.970319986343384,0.8718436485093178,0.83
PI533959,2.0,12.122918021140276,8.896565718741092,9.711217641830444,,
PI533960,,15.003361322824134,10.04202449229942,11.00721845626831,2.5921580021253603,5.03
PI533962,2.0,14.22245328292692,12.220490535973935,12.786185582478842,3.0467238655908413,7.263333333333333
PI533964,0.0,20.734490774004737,16.95247654549704,18.01932589213053,1.6291623046316912,2.0933333333333333
PI533965,2.0,13.47267384908686,8.86584944990661,9.796784241994224,2.406899429835167,4.303333333333334
PI533966,2.0,15.043636502715724,11.947965669243848,12.512172222137451,1.4168397419128291,1.67
PI533967,0.0,13.940869534196262,11.230804902206453,12.078010400136312,2.109917692078035,3.316666666666667
PI533968,2.0,14.01463882804814,14.27300733945586,14.347490310668944,1.722466024471091,2.3
PI533969,2.0,17.653155487941397,11.771716949081087,12.80634911855062,2.587364990936461,5.01
PI533970,2.0,11.911521292269896,9.905378769983477,10.673029581705729,1.74416109557041,2.35
PI533971,2.0,18.70026660841584,17.73667489646049,18.49985631306966,1.5897634869849773,2.01
PI533972,2.0,18.3961240736766,15.469170623498565,16.192694664001465,2.39231742277876,4.25
PI533973,2.0,13.44542663007114,9.959555722602724,10.653851826985678,,
PI533974,2.0,15.649369794055426,11.991646581317577,13.120755195617676,2.0738202332916718,3.21
PI533975,2.0,13.614092975924526,11.021833563392027,11.806492964426676,1.7398481026993275,2.34
PI533976,2.0,17.697584850117433,14.979739078578286,15.80794326464335,2.2448870591235344,3.74
PI533977,2.0,16.75701438854229,13.96764110889358,14.85115893681844,2.643856189774725,5.25
PI533978,,11.827544085501396,9.418112727448852,10.047218163808187,0.722466024471091,0.65
PI533979,2.0,9.446892361424831,6.211050043934246,6.919403235117595,2.822390250418884,6.073333333333334
PI533980,2.0,13.539180393311964,11.274965891276844,11.7296191851298,2.039138393906958,3.1099999999999994
PI533981,2.0,12.988499454080934,8.953792936918475,9.564148187637327,1.0840642647884746,1.12
PI533982,2.0,18.92222778710056,14.525788181504431,15.21661631266276,0.7570232465074596,0.69
PI533983,2.0,13.884734169129246,9.5338978040744,10.526070594787598,0.7907720378619999,0.73
PI533984,2.0,11.780995230084846,10.002915928743638,10.788317150539822,2.2898344651775093,3.89
PI533985,2.0,16.202970469743978,13.003467470636387,13.992173035939537,2.6166713604484944,5.133333333333334
PI533986,2.0,8.661885769814313,6.068828637989616,6.687704563140869,1.846660458992136,2.5966666666666667
PI533987,2.0,15.77433785424001,14.387735379862008,15.001388390858969,2.081794091163647,3.233333333333333
PI533988,,12.007392134389647,8.349641873382344,9.229055336543492,0.963474123974886,0.95
PI533989,0.0,19.5308762506083,16.324813634839302,17.293283144632976,1.7484612330040354,2.36
PI533990,0.0,15.045237469104103,11.73376956589537,12.4380220413208,0.9411063109464314,0.92
PI533991,0.0,13.55528302511576,10.612405310924984,11.140016237894692,1.5377102181029838,1.9033333333333333
PI533992,2.0,15.081597901490548,11.233093506510606,12.354310353597006,1.752748591407134,2.37
PI533993,0.0,17.431687704506356,12.590664461549745,13.48350954055786,0.0,0.0
PI533994,0.0,13.936016095258775,10.83398700296724,11.67040745417277,,
PI533995,2.0,13.57819560394923,12.194236047098116,12.771204280853272,1.8914191868460783,2.71
PI533996,2.0,18.77138359054729,16.242652509608227,17.062451226370676,1.9616233282869444,2.895
PI533997,2.0,11.884668001499977,8.448437334865345,9.52322645187378,1.5041966311900818,1.8366666666666667
PI533999,2.0,13.321103920177435,10.834284386772309,11.668071428934732,1.01435529297707,1.02
PI534001,2.0,12.357066216941243,8.998000851728031,9.63770866394043,1.3504972470841332,1.55
PI534002,2.0,9.501055036920537,6.285964738133461,6.9443155288696286,1.2016338611696504,1.3
PI534004,2.0,10.64593706406343,7.213680379365083,8.016530672709147,2.2448870591235344,3.74
PI534005,2.0,10.813177942645426,8.99851035236933,9.620357513427734,0.8237493603082727,0.77
PI534006,2.0,13.496947339676918,10.600993102919588,11.27577829360962,1.922197848396367,2.79
PI534007,2.0,25.13166182733812,19.203138594323185,20.280943234761555,0.6870606883398922,0.61
PI534008,2.0,13.376985687692413,12.176384408491971,12.440241495768229,0.9411063109464314,0.92
PI534009,2.0,14.171912738569,11.245352032315004,11.781292057037351,2.327687364176047,4.02
PI534010,,14.068340618371554,12.276652585680706,12.778637674119738,0.879705766282288,0.84
PI534011,,14.258446710788231,11.373629781812484,12.011477947235107,0.3895668117627256,0.31
PI534013,2.0,11.704732337529844,10.22920072874764,10.830029487609863,1.722466024471091,2.3
PI534014,2.0,12.87087372236888,8.609994657115626,9.054101864496866,0.8237493603082727,0.77
PI534015,2.0,10.442184415746205,6.670739291767333,7.346638917922974,1.0565835283663676,1.08
PI534016,2.0,14.511037556263863,10.629123312973428,11.197171370188396,0.6599245584023783,0.58
PI534017,2.0,21.20326454803424,16.929829250068916,17.96469275156657,0.8155754288625726,0.76
PI534019,2.0,14.914139758217315,12.749217028682864,13.224201520284018,1.761285273361619,2.39
PI534020,2.0,13.807611724375382,11.099991121670158,11.349399407704672,1.2203299548795556,1.33
PI534021,2.0,11.466538198460496,9.212610080089924,9.66909670829773,2.6229303509201767,5.16
PI534022,2.0,15.53997610838642,10.57332600042436,11.443752527236938,,
PI534023,2.0,11.857808005872192,9.677229634984712,10.095462004343668,,
PI534025,2.0,19.07604530246932,14.74211076954799,15.592439651489258,1.0565835283663676,1.08
PI534026,2.0,24.69469974220553,18.38776540098253,19.65559069315593,,
PI534027,2.0,16.149135419038494,11.985559900165084,12.987762587411064,,
PI534028,2.0,14.14525903185978,10.810829280272449,11.62618408203125,2.282933963271499,3.8666666666666667
PI534030,2.0,18.02959737353535,10.806939325018089,12.1225536664327,1.1634987322828796,1.24
PI534031,2.0,19.137564710540044,17.142893057366347,17.838563442230225,,
PI534032,2.0,19.43545550994005,13.587610837523355,14.97465114593506,1.5210507369009632,1.87
PI534033,2.0,12.16669979992934,9.157368027443582,9.804104646046955,,
PI534034,2.0,16.444187146963984,12.608335477466296,13.346522649129232,,
PI534035,2.0,15.096832812654489,10.424693315790064,11.311376571655272,0.2509615735332187,0.19
PI534036,2.0,11.9359118796484,8.706414861918429,9.022481044133505,0.0,0.0
PI534037,2.0,18.750812272474843,17.222307738069457,17.89069938659668,2.1688559424523866,3.4966666666666666
PI534038,2.0,10.088988799323554,7.662137738598494,8.369715595245362,1.82781902461732,2.55
PI534040,2.0,13.23899523629724,10.133886202736807,10.800429725646971,1.3161457422933565,1.49
PI534041,2.0,14.197397915863428,12.231526728031398,12.827613989512123,,
PI534042,2.0,12.980818664812546,9.44397712004812,10.148492336273192,,
PI534043,2.0,17.054943007122983,12.997917893505496,13.96914291381836,1.4005379295837286,1.64
PI534044,2.0,22.68579812175893,16.419571361255162,17.58049472173055,,
PI534045,2.0,13.039860386324408,9.596758706581866,10.343080639839172,0.5753123306874368,0.49
PI534046,2.0,16.843804692216146,13.90177638528602,14.586469411849976,1.6182386555954549,2.07
PI534047,2.0,15.024954693940003,13.209219204641258,13.787047958374025,1.6369145803558778,2.11
PI534049,2.0,21.018775170670825,16.17866648073062,17.166274642944337,1.560714954474479,1.95
PI534050,2.0,12.84721372438658,10.15073537384748,10.819286505381266,1.3561438102252754,1.56
PI534051,2.0,19.23299883008256,14.796993650119797,16.112080001831053,0.2868811477881615,0.22
PI534052,2.0,15.44566934653869,11.309837157041477,12.291638851165771,,
PI534053,2.0,18.51333442993016,15.588078136334667,16.377074241638184,1.502500340529183,1.8333333333333333
PI534054,2.0,16.473535105068045,10.271837620057097,11.373907883961996,1.9171134553246347,2.776666666666667
PI534055,2.0,11.91628158229675,10.02902431741228,10.677568753560385,0.9411063109464314,0.92
PI534057,2.0,12.9401474519764,10.533486746809544,11.39404649734497,0.8953026213333066,0.86
PI534058,2.0,15.253526636513593,12.193832363713758,12.879353364308676,0.8559896973084807,0.81
PI534059,2.0,12.69127032425009,8.698309052323756,9.636905988057457,0.7739963251111731,0.71
PI534060,2.0,7.257402188540103,5.451830807347006,6.019389533996582,0.7136958148433591,0.64
PI534061,2.0,13.321039550645915,12.077136984465271,12.578545951843262,,
PI534062,2.0,11.632283733604934,8.251818340392639,9.128648471832276,0.7907720378619999,0.73
PI534063,2.0,11.964517344401644,8.414976875992126,9.22362780570984,2.142413437873741,3.415
PI534065,2.0,9.943449407334477,8.290574784828168,9.007178862889608,0.6229303509201767,0.54
PI534066,2.0,15.04096157776905,10.42993717920428,11.578046798706056,1.5558161550616396,1.94
PI534067,2.0,9.664787688082054,8.824449245810781,9.403764327367147,2.257010618206024,3.78
PI534069,2.0,10.940971638236803,8.818963382653722,9.166877826054892,0.2016338611696504,0.15
PI534070,2.0,17.555433485761736,15.968033192863068,16.799446900685627,1.67656831452225,2.1966666666666668
PI534072,2.0,18.0818368100318,15.073985257146589,15.876895495823453,0.6959938131099002,0.62
PI534073,2.0,14.208545893839466,11.798434100654012,12.183875465393069,1.4854268271702418,1.8
PI534074,2.0,12.410747655560574,10.742946577557344,11.01091456413269,0.8155754288625726,0.76
PI534075,2.0,14.776602127310182,10.639834916386407,11.641988515853882,2.475084882948783,4.5600000000000005
PI534076,,11.371412752146371,7.228829256594666,8.171185731887817,2.451540833017832,4.47
PI534077,2.0,10.978076790196395,9.98985614990502,10.001897493998207,0.6780719051126377,0.6
PI534078,2.0,20.72458115604175,19.81866752717599,20.21217174530029,0.137503523749935,0.1
PI534079,2.0,11.326744252021088,7.471829649343949,8.436295509338379,2.568032104771279,4.93
PI534080,2.0,12.327078820773,10.673747521088057,11.1259583234787,0.4956951626240687,0.41
PI534081,2.0,12.716582860668243,9.152616512461003,10.274834593137106,0.632268215499513,0.55
PI534082,2.0,16.85231001505901,15.470734142179362,15.873530960083007,0.4114262457264649,0.33
PI534083,2.0,12.425934648013683,8.87420040925773,9.858640511830648,1.0840642647884746,1.12
PI534084,2.0,14.928405215651068,13.676664609006648,14.254477183024088,0.6690267655096306,0.59
PI534085,2.0,,,,0.8559896973084807,0.81
PI534086,,13.372972969140235,9.949950446575093,10.728553295135498,,
PI534089,2.0,10.598613453020286,9.289326376671358,9.86580260594686,0.6135316529179271,0.53
PI534090,2.0,9.752567379249356,8.316239424805415,8.984850327173868,1.0285691521967708,1.04
PI534091,2.0,14.898533895797854,14.047851826881695,14.282883485158283,1.6507645591169025,2.14
PI534092,2.0,14.41785354354502,10.378641163379935,10.990749931335449,2.3950627995175777,4.26
PI534094,2.0,12.041360611031225,9.311638464726446,9.97265394528707,1.933572638261024,2.82
PI534096,2.0,11.717422433175392,8.946070993261278,9.756072680155436,2.192194165283345,3.5700000000000003
PI534097,2.0,15.233666880497417,10.119064387478437,11.140068451563517,2.028569152196771,3.08
PI534099,2.0,13.505926218561893,10.242246348461746,11.20670255025228,1.9126498648972037,2.765
PI534100,2.0,8.241258413359537,6.149041700332906,6.64751443862915,1.4646682670034443,1.76
PI534101,2.0,25.16234236289065,18.1217252008798,19.484829266866047,1.927264385792801,2.8033333333333332
PI534102,2.0,12.502902152840251,11.537055730688612,12.213824351628622,1.5210507369009632,1.87
PI534103,2.0,14.8413089910843,12.729439741494494,13.7499787012736,1.0496307677246008,1.07
PI534105,2.0,17.543344031182425,14.344594558903031,15.316616217295328,2.0749620576812218,3.2133333333333334
PI534106,2.0,11.728659563887597,9.111482107403562,9.692555713653563,1.7398481026993275,2.34
PI534107,2.0,15.967248854353826,11.55152463205941,12.430299123128256,1.3561438102252754,1.56
PI534108,2.0,15.730565270134887,13.373309674032612,14.237115065256754,1.4489009511451278,1.73
PI534109,2.0,11.504646982655592,9.49806224780487,10.401917219161987,1.8196681834964556,2.53
PI534110,2.0,17.008160949298354,13.520561328140206,14.39043108622233,0.7311832415722002,0.66
PI534111,2.0,16.67752707012641,15.10047014377013,15.3861600028144,,
PI534112,2.0,15.621888726690296,11.040627007525572,12.10695711771647,2.373880174522084,4.183333333333333
PI534113,2.0,18.3977379054182,15.44355647694489,16.244624137878418,2.0806576633452254,3.23
PI534114,2.0,13.508371504142582,7.214801518397812,8.521013021469116,2.100977647724821,3.2900000000000005
PI534115,0.0,10.400821957775657,7.40540939028319,8.081822474797567,1.478540441585002,1.7866666666666668
PI534116,2.0,9.602171210359453,7.554461574980292,8.149895270665487,2.130930869826449,3.38
PI534117,2.0,11.869782783837168,9.190995728338796,9.660912990570068,2.021479727410452,3.06
PI534118,2.0,14.18834652497351,8.775519294534863,9.962735056877136,0.5655971758542251,0.48
PI534119,2.0,16.61192998767779,12.160615492653614,13.250885200500488,,
PI534120,2.0,14.994324566354775,11.9645627558439,12.875259081522625,1.0214797274104517,1.03
PI534122,2.0,8.728421206245978,7.123076966370421,7.573918461799622,0.8953026213333066,0.86
PI534123,2.0,12.8613308078403,9.504377667504349,9.905730035569931,1.7376867614098603,2.335
PI534124,2.0,12.32041314561486,9.358923892606262,10.051951503753662,,
PI534126,2.0,10.590150771955404,9.135035119039305,9.891197443008425,0.8155754288625726,0.76
PI534127,2.0,8.136151421290233,4.565588782322492,5.248518288135529,2.1521834190550453,3.445
PI534128,2.0,15.41937502463279,11.024269890940868,11.651266670227052,1.597729796795034,2.026666666666667
PI534131,2.0,13.637762977458555,10.468263903593265,11.314868927001951,,
PI534132,2.0,16.82176982172051,11.977546741938708,12.89730453491211,1.7541748841984293,2.3733333333333335
PI534133,2.0,12.611674890955674,8.25690238480471,9.167604923248293,2.0344505098767804,3.0966666666666662
PI534134,2.0,12.70592501922992,8.353915863155242,9.173726749420164,0.1763227726404628,0.13
PI534135,2.0,12.42050489559006,7.4377233384655295,8.35476598739624,1.769771739249448,2.41
PI534136,2.0,19.02061820588946,13.184309286219644,14.427020072937012,0.903038270112912,0.87
PI534137,0.0,11.516124682789888,9.518153051197086,10.310388088226318,1.5243980586830743,1.8766666666666667
PI534138,2.0,20.48223010249834,17.181189941028027,18.129726727803547,,
PI534139,2.0,20.423743558797373,18.42978546250305,19.050224939982098,1.9164766444377168,2.775
PI534140,2.0,13.464093237172174,8.964667003046307,9.871670564015709,,
PI534141,2.0,17.419647969477342,14.662667930274091,15.187172412872314,1.599317793698226,2.03
PI534142,2.0,8.91566244309979,5.797512866372543,6.704728974236383,2.3074285251922477,3.95
PI534144,2.0,17.419674624212753,13.039966102605453,14.140635585784912,2.7498917686104765,5.726666666666667
PI534145,2.0,,,,3.602884408718418,11.15
PI534146,0.0,14.537017336569225,9.367097924037612,10.243754029273989,0.5459683691052925,0.46
PI534147,2.0,15.050652829367776,12.18883248807404,12.781489753723145,0.6870606883398922,0.61
PI534148,2.0,13.952865447792902,11.20873199925424,11.432861963907875,2.125981653854716,3.365
PI534149,2.0,12.83355584001289,16.0331280963625,16.479291915893555,,
PI534150,2.0,12.778204148762311,9.655591603630036,10.54462512334188,2.5084286525318573,4.69
PI534151,2.0,14.25221768895851,10.268379511694292,11.1399880250295,0.7824085649273732,0.72
PI534152,2.0,12.177739393405249,10.06620603738216,10.419605731964111,,
PI534153,0.0,17.67890393802107,11.835664916783152,12.905608713626862,0.5160151470036647,0.43
PI534154,2.0,17.344031389532024,13.030908653603408,13.89217014312744,1.992768430768924,2.98
PI534155,2.0,18.15641483610731,12.212748973259217,13.324745559692383,2.3941482542946293,4.256666666666667
PI534156,2.0,14.067580113945576,11.750042541962138,12.233478546142578,,
PI534157,0.0,13.88918331635238,10.059182375258692,10.97322161992391,1.429392792255914,1.6933333333333334
PI534158,2.0,16.97077910251459,11.711903516968912,12.812776156834191,,
PI534159,2.0,17.229959154600948,12.22549346399181,13.224413871765137,0.4956951626240687,0.41
PI534160,2.0,14.47331958105472,11.335831798340942,12.099114735921225,1.3103401206121503,1.48
PI534162,2.0,11.581160561476334,8.062035307331806,8.724983215332031,0.918386234446348,0.89
PI534163,2.0,12.861038911995204,10.585004555436903,11.311649131774905,3.0083912702591404,7.046666666666667
PI534164,2.0,15.598853123593289,12.670991069425144,13.49284553527832,0.3785116232537298,0.3
PI534165,0.0,17.414714543593142,14.68872819381724,15.561458826065063,1.01435529297707,1.02
PI534167,2.0,13.50506578799751,10.288131969310609,10.869547843933104,1.965938163926367,2.9066666666666667
PI540816,0.0,14.234894638832154,10.195439258170609,10.810631857977974,,
PI542406,2.0,14.145507320753952,13.784086292504108,14.229880491892496,1.15704371014558,1.23
PI542718,2.0,14.139977620147672,11.67568307860007,12.60122241973877,1.7384075683401126,2.3366666666666664
PI543243,2.0,12.2154775504428,8.399916018321106,9.255632797876991,,
PI544069,2.0,11.0676169819583,5.859831718143993,6.720041370391845,,
PI548797,2.0,11.238911884520776,7.953298823706216,8.403596798578898,1.6198042499334573,2.0733333333333337
PI552856,0.0,19.02311945571424,13.0963047924723,14.075710455576578,1.7180875839605168,2.29
PI552861,2.0,16.565170912780882,12.187198941296346,13.092962265014648,1.4750848829487828,1.78
PI554647,0.0,,,,,
PI554649,2.0,8.06873411727649,3.6552641014072615,4.621173699696858,,
PI554650,0.0,14.78124558066208,9.963515847665231,10.995154778162638,,
PI554652,2.0,,,,,
PI554654,2.0,9.711562891977357,7.751940736735797,8.213141100747245,,
PI555457,2.0,12.070620776825974,8.034566182834117,8.670189380645752,,
PI561071,2.0,10.284467275420168,8.9049843322109,9.160007238388062,3.410522018156351,9.633333333333333
PI561072,2.0,11.676993916548772,8.799289732115716,9.325019200642904,2.351910961103077,4.105
PI561073,2.0,15.671415812665472,10.011337222322974,10.915154695510864,2.5921580021253603,5.03
PI561926,2.0,13.73316457449833,9.233419466575556,10.25296672185262,,
PI562621,2.0,,,,,
PI562622,2.0,,,,,
PI562623,2.0,11.461283915722245,6.667906068724444,7.632413228352864,,
PI562624,2.0,,,,,
PI562625,2.0,,,,,
PI562730,2.0,,,,,
PI564085,2.0,,,,,
PI564163,0.0,14.614679927820404,10.187766687476785,10.994378576114665,2.222306544075737,3.666388888888889
PI564164,2.0,14.283683389068798,9.01037449583977,10.026796420415245,2.38404980679516,4.22
PI564165,0.0,18.423151245965386,13.673662643822349,14.508623504638672,1.8965947799874336,2.723333333333333
PI565121,0.0,16.349052063569687,12.280610135839032,13.035145971510143,1.3561438102252752,1.5599999999999998
PI566819,2.0,,,,2.944858445807539,6.7
PI574398,2.0,10.97129544800449,7.309615787591869,8.085682312647501,,
PI574406,2.0,,,,,
PI574407,2.0,9.671570522143549,6.39101704133045,6.948175986607869,,
PI576130,0.0,15.15189185180282,12.46160688858964,13.093413432439169,1.250961573533219,1.38
PI576328,2.0,8.696487645959502,5.170882474531142,6.160606575012207,2.0738202332916718,3.21
PI576329,2.0,12.640201544079927,8.694642182980433,9.306675036748253,1.769771739249448,2.41
PI576332,2.0,13.720653292214765,10.059262495379311,10.92181142171224,2.011972641666076,3.033333333333333
PI576333,2.0,11.800736590951027,9.95648037598718,10.64274673461914,1.9423581071558909,2.8433333333333333
PI576334,2.0,8.976559099442529,7.491817155956224,7.890595038731893,,
PI576335,2.0,15.901928100011729,11.631402968120554,12.264602025349935,,
PI576338,,14.134597777647246,12.12162685442988,12.841405073801676,1.4489009511451278,1.73
PI576339,2.0,11.90498062789257,7.052832236620255,7.816328565279643,2.592955291474687,5.033333333333333
PI576340,2.0,14.193697855981164,10.577810024986896,11.354868094126385,3.0686708106650986,7.390000000000001
PI576341,2.0,18.700560523305416,14.471324838497472,15.518936020987374,,
PI576342,2.0,15.331388018187605,11.50893250447097,12.256717046101889,,
PI576343,2.0,9.280386064428145,5.069021958097636,5.923388163248698,0.2141248053528473,0.16
PI576345,2.0,13.828469757082717,10.989233850520872,11.781059455871585,2.533563348214512,4.79
PI576346,2.0,12.83116276236306,9.103350830377009,9.724551677703856,,
PI576348,2.0,15.076887770333023,11.925663635895372,12.885544395446775,1.7484612330040354,2.36
PI576349,2.0,,,,0.5655971758542251,0.48
PI576351,2.0,13.554291905294876,12.159861667314672,12.556631803512571,1.3161457422933565,1.49
PI576352,2.0,17.892715656696584,15.330727365296184,15.778881345476425,2.360832456018904,4.136666666666667
PI576354,2.0,16.172535146074978,12.993267379587676,13.535646629333495,,
PI576355,2.0,20.07585884746572,16.186194507384283,17.265636761983234,,
PI576357,2.0,16.911773240975766,13.395277131007369,14.119459629058838,,
PI576358,2.0,13.494097299635108,9.854817047606858,10.521784146626793,0.8318772411916731,0.78
PI576359,2.0,12.0775778927733,11.61882868550002,12.052712122599283,2.1429579538420427,3.4166666666666665
PI576360,2.0,17.468999152506086,14.191675507326844,14.655785015651158,0.7824085649273732,0.72
PI576361,2.0,7.087744616209427,6.122973503155727,6.580259601275126,1.0840642647884746,1.12
PI576362,,20.60718757122654,17.472987918113883,18.14265937805176,1.9818526532897407,2.95
PI576363,2.0,9.718003638294904,7.251619501502084,7.925715684890747,2.0531113364595623,3.15
PI576364,2.0,16.558807600673678,14.298667265670453,14.929099877675377,2.2347056827753,3.706666666666667
PI576368,2.0,14.437344041743732,12.525882044336331,12.982536315917969,3.4905701304462013,10.24
PI576369,2.0,12.51978779974216,8.076650787253852,8.909361124038696,1.989139007368233,2.97
PI576370,2.0,18.744281572713856,13.062044260696243,14.36228609085083,1.0496307677246008,1.07
PI576371,2.0,10.658892756614618,9.49564043995086,9.93351411819458,0.7048719644563528,0.63
PI576372,2.0,18.24796647176268,14.05275571520801,15.04693333307902,2.3103401206121505,3.96
PI576373,2.0,14.805342973919458,11.603556761405455,12.318897247314451,2.1548856019781715,3.453333333333333
PI576374,2.0,12.936112694887749,8.17360001812727,8.896798690160116,1.4854268271702418,1.8
PI576375,2.0,12.989354952296612,8.885353330427316,9.527887439727785,1.4905701304462011,1.8099999999999998
PI576376,2.0,21.4263770406308,16.0401371741701,17.051416397094727,1.5443205162238105,1.9166666666666667
PI576377,2.0,10.106552024190572,7.561036891731807,8.387340068817139,,
PI576378,2.0,9.497604126960518,6.838479016565676,7.782730293273926,0.3103401206121505,0.24
PI576379,2.0,12.783174905159989,8.077766003345737,8.95488440990448,,
PI576380,2.0,11.260012477025247,6.092153027747976,6.991450707117717,2.19377174339668,3.5749999999999997
PI576381,2.0,15.380479719979666,11.950100013388266,12.5695481300354,2.007195501404204,3.02
PI576382,,10.76235463641229,7.229224737258218,7.899059057235718,0.3561438102252753,0.28
PI576383,2.0,15.068955888702716,12.421414686126694,12.986809253692629,0.7824085649273732,0.72
PI576386,2.0,13.609801770884632,11.398096360656892,11.750057061513266,1.9360882361798069,2.8266666666666667
PI576387,2.0,17.243437533114932,13.633541520005542,14.857348283131918,1.5410191531335593,1.91
PI576389,2.0,13.50064576894868,10.388375446919726,10.955058574676514,1.3045110418099528,1.47
PI576390,2.0,17.355390878386505,14.702859512808525,15.60050614674886,2.4204374870214336,4.3533333333333335
PI576392,2.0,9.655391635173064,7.198902966233779,7.757970452308655,0.933572638261024,0.91
PI576393,2.0,15.950711908641756,11.698266906872169,12.495694001515709,1.9436088181496012,2.8466666666666662
PI576395,2.0,13.586212229328831,10.69373874490365,11.312514066696169,0.4646682670034442,0.38
PI576396,2.0,15.949663707683838,15.15050199130506,15.287622451782228,2.3914011350116056,4.246666666666667
PI576397,2.0,13.690739129666444,10.104056045087162,10.6503568649292,1.2016338611696504,1.3
PI576398,,14.327249553606912,10.730919660215164,11.651387691497805,0.4436066514756145,0.36
PI576399,2.0,15.288383792023078,12.502896724060896,13.159196933110556,3.2213615566688723,8.326666666666666
PI576400,2.0,18.34144992319072,12.557550608675898,13.8185183207194,1.1890338243900171,1.28
PI576401,2.0,16.171168004628804,12.455481665745308,13.047677993774414,2.0669502439246266,3.19
PI576402,2.0,12.813637069119622,9.690258899972449,10.245651404062906,0.6690267655096306,0.59
PI576403,2.0,12.988210091778337,9.60646886081115,10.063247998555502,1.5058909297299572,1.84
PI576405,2.0,9.165052219534124,8.27426719667591,8.636030832926432,1.7311832415722,2.32
PI576406,2.0,15.720107301529705,13.665306351511669,14.022971312204996,1.0565835283663676,1.08
PI576407,2.0,16.474197398660838,14.852310591058128,15.024025440216066,1.510961919277379,1.85
PI576408,,15.011657912413265,11.02540375148419,11.843119462331137,,
PI576409,2.0,10.25482929935799,8.271740701031161,8.762053489685059,0.8399595874895318,0.79
PI576410,,10.060582115418857,7.493967120535396,8.064363193511962,1.0071955014042038,1.01
PI576411,2.0,15.251109346191557,11.656012062043551,12.45060650507609,2.765534746362977,5.8
PI576412,2.0,15.276851004296772,12.938269136513712,13.700306097666422,2.469885976274464,4.54
PI576413,2.0,16.550099046156255,13.837464955315818,14.95951328277588,1.0908534304511135,1.13
PI576414,2.0,13.280153702655912,9.833196045877028,10.451090812683104,1.3561438102252754,1.56
PI576415,2.0,9.655744844720664,7.099951214361738,7.651272296905518,0.5655971758542251,0.48
PI576416,2.0,21.87725785084591,17.681216701548298,18.726019541422527,0.6870606883398922,0.61
PI576417,2.0,13.483090520391771,10.995146079987688,11.519344091415403,0.5058909297299573,0.42
PI576418,2.0,17.962196848703424,13.693964873066284,14.278050740559896,0.7311832415722002,0.66
PI576419,2.0,15.638161644239949,12.899057650180351,13.63149185180664,0.5558161550616397,0.47
PI576421,2.0,7.83689656454938,5.060478790113129,5.816511154174805,1.372952097911829,1.59
PI576422,2.0,12.561259968354626,8.647641575080822,9.49702787399292,2.1093605594042306,3.3150000000000004
PI576423,2.0,22.454362749157944,16.81038645618259,17.933477210998536,,
PI576424,2.0,15.90789244111764,11.404838862393683,12.370745086669922,0.6959938131099002,0.62
PI576425,2.0,24.826342455221194,16.71233784258755,18.0745361328125,1.531069492725954,1.89
PI576426,2.0,28.46344876556139,16.136392162753733,18.14678239822388,1.5227253685932172,1.8733333333333333
PI576427,2.0,18.4003513113467,15.225156923806054,15.96189022064209,0.4114262457264649,0.33
PI576428,0.0,19.492007873515583,14.523584015430762,15.399351501464844,2.0686708106650986,3.1950000000000003
PI576429,2.0,12.96537513910475,10.231903435688643,10.933027108510336,0.8718436485093178,0.83
PI576431,2.0,11.82166861962709,8.957958206312648,9.493300994237265,1.4541758931858022,1.74
PI576432,2.0,17.10326891446903,12.057107121782703,13.167735311720106,1.3448284969974411,1.54
PI576433,2.0,11.08141814987598,8.338931829509463,8.735394716262817,1.063502942306158,1.09
PI576434,2.0,12.633855096252196,10.76276057462745,11.093756357828775,2.3673710656485296,4.16
PI576435,2.0,13.513959790482312,9.500608405621024,10.57094391187032,1.3045110418099528,1.47
PI576436,2.0,19.468173813675627,16.1974716366196,17.016129112243654,1.7782085763980875,2.43
PI576437,2.0,11.756505898198387,9.093837163294,9.721550369262696,2.137503523749935,3.4
PI585295,2.0,12.448932805003317,8.441966114321279,9.449654976526896,,
PI594354,2.0,,,,,
PI594355,2.0,12.887521939878484,9.802155898212757,10.43381635348002,,
PI595221,2.0,,,,,
PI595699,2.0,16.913054406309403,12.70722905386536,13.200923283894856,2.0059987406214432,3.016666666666667
PI595700,2.0,9.722820050187988,9.119155435251258,9.403926054636637,1.6276068381296498,2.09
PI595701,2.0,12.90015013364972,11.64472668143183,11.916486740112305,1.3673710656485294,1.58
PI595702,2.0,16.973175704382,14.03532356089027,15.0292542775472,2.4594316186372973,4.5
PI595703,2.0,11.529079107007378,8.988987387994928,9.902530057089669,,
PI595704,2.0,12.662520019538944,8.668682076192038,9.682415008544922,1.7311832415722,2.32
PI595705,2.0,23.35020655481638,17.928067347659827,19.377063751220703,1.3219280948873624,1.5
PI595706,2.0,12.225296014456456,8.80812800008301,9.622974395751951,1.8678964639926547,2.65
PI595708,2.0,9.906867676801598,8.574278730975696,9.370781381924948,0.8718436485093178,0.83
PI595709,0.0,13.30236739257561,10.017422063914715,10.769049008687338,,
PI595710,2.0,11.024699045321654,8.676460707099237,9.211216926574709,1.495695162624069,1.82
PI595711,2.0,11.80481784101412,9.913001908096438,10.307223161061604,1.3103401206121503,1.48
PI595712,2.0,18.04262865118845,12.82727833390799,13.865464210510254,,
PI595713,2.0,14.870846412933714,12.602628614773426,13.576088375515408,0.4114262457264649,0.33
PI595714,2.0,13.612560397390917,10.281751246351716,11.170652707417808,1.865258995176024,2.6433333333333335
PI595715,2.0,,,,,
PI595716,0.0,14.196868967771008,11.98156309498052,12.96931972503662,0.9107326619029126,0.88
PI595717,2.0,8.240922156718465,7.7388426071576735,8.25692367553711,1.411426245726465,1.66
PI595718,2.0,17.903908728796964,14.180094793375735,15.227423985799154,2.4338496850216607,4.403333333333333
PI595719,2.0,10.985134776175778,6.766781944562365,7.642293930053711,0.9560566524124028,0.94
PI595720,2.0,17.32758487856239,11.129866993011486,12.28656997680664,2.282933963271499,3.866666666666667
PI595721,2.0,16.97146091306128,11.650655768958243,12.522427082061768,0.6959938131099002,0.62
PI595722,2.0,16.597001794387683,12.944639826994525,13.632578055063885,1.4698859762744636,1.77
PI595723,2.0,12.660792405884791,8.584992064653678,9.489350398381552,,
PI595724,2.0,13.037640088536222,10.073743371880036,10.801400184631348,1.1953475983222193,1.29
PI595725,2.0,22.045371982265166,22.26834310034137,22.268957138061523,1.765534746362977,2.4
PI595726,2.0,15.897566314177707,12.72374090904848,13.45954418182373,1.510961919277379,1.85
PI595727,2.0,8.72332151101607,5.48578952131601,6.000050862630208,1.510961919277379,1.85
PI595728,2.0,23.17992772468861,14.425899434139454,16.198315858840942,0.6229303509201767,0.54
PI595730,2.0,14.867814235058749,11.238839206161634,12.181381702423096,,
PI595731,2.0,7.182676446543188,5.519332690583937,5.716152985890706,2.3950627995175777,4.26
PI595732,0.0,12.027003304349948,7.896168732622747,8.746001640955607,0.7907720378619999,0.73
PI595733,0.0,15.301852342374351,10.226723177698393,11.490408976872764,0.1890338243900171,0.14
PI595734,0.0,21.72982173888544,16.027129476608845,17.43460702896118,0.8237493603082727,0.77
PI595735,0.0,12.470254823581136,7.7965427488870995,8.824406345685324,0.879705766282288,0.84
PI595736,0.0,8.569530862445019,6.296559696918547,6.549819946289063,0.3219280948873623,0.25
PI595737,0.0,15.607858254891104,10.99091482315327,11.778378327687582,0.5753123306874368,0.49
PI595738,2.0,11.055313363817794,9.271864930690098,9.860384543736776,1.8639384504239715,2.64
PI595739,0.0,20.86691773320808,17.93814078854718,18.64814555644989,1.8586441507544589,2.626666666666667
PI595740,2.0,12.204846017359367,6.68502618353487,7.897260983784993,2.0789513413948217,3.225
PI595741,2.0,12.727819918760384,11.279248438181536,11.760713895161947,2.5961400500326417,5.046666666666667
PI595742,,9.466434637304507,5.234601111396581,6.248871326446533,,
PI595743,2.0,13.933741090652424,11.650581040710849,12.2051207224528,2.3858911536193275,4.226666666666667
PI595744,2.0,11.227266007859102,8.113003083807522,9.00738754272461,2.1132559775032576,3.3266666666666667
PI595745,2.0,19.79550388872416,17.05230454177157,17.901451110839844,2.021479727410452,3.06
PI595746,0.0,15.88505400910026,9.867087048977046,11.070756912231444,1.5801454844233804,1.99
PI595747,2.0,15.860845146067868,15.001115286480756,15.357093281216091,1.5058909297299572,1.84
PI595748,2.0,14.48060352531668,10.776479670935949,11.39675776163737,1.8914191868460783,2.71
PI596332,2.0,12.166742709700578,7.864077664789716,8.946444352467855,,
PI596567,2.0,11.694899467325188,9.1464056332986,9.871224244435629,,
PI597943,2.0,11.813170728801856,9.322807704999097,9.810322125752768,1.835924074254375,2.57
PI597944,2.0,12.111001047816828,9.567623334788468,10.371809720993042,,
PI597945,2.0,12.77716237269934,9.312551699609765,9.98192016283671,1.3617683594191536,1.57
PI597946,2.0,13.12546732597254,10.193424060899757,10.963844203948977,2.1429579538420427,3.4166666666666665
PI597947,2.0,10.88821440284432,8.567740580043042,9.0107901096344,1.15704371014558,1.23
PI597949,2.0,19.805644947765867,14.295871391951978,15.338226159413656,1.411426245726465,1.66
PI597950,2.0,12.972583242535093,11.584067621992972,12.008115768432615,2.23112515787905,3.6950000000000003
PI597951,2.0,17.537320156368732,16.405086264244492,16.653164466222126,1.570462931026041,1.97
PI597952,2.0,12.981103503510491,10.938101763257254,11.112902450561524,1.706346359107814,2.263333333333333
PI597953,2.0,14.799966707280792,11.165492451327731,12.140881538391112,1.1634987322828796,1.24
PI597955,2.0,9.543967937054685,7.780633919828676,8.255378007888794,1.1826922975161902,1.27
PI597956,2.0,10.44926717450754,7.022496804061983,7.656957626342773,,
PI597958,2.0,15.890345108093443,12.868099288371283,13.790170192718506,1.7879895971906732,2.4533333333333336
PI597959,2.0,17.59801004304718,14.133698679039911,14.842478116353352,0.9855004303048848,0.98
PI597960,2.0,12.153564303734804,10.042971757719805,10.581517060597738,1.4698859762744636,1.77
PI597961,0.0,15.67204517132202,12.110026504309973,12.974966684977211,2.0344505098767804,3.0966666666666662
PI597962,0.0,13.32675337140506,10.967070001246498,11.46448771158854,0.918386234446348,0.89
PI597963,2.0,12.491391441052755,9.192160585499373,9.697914505004883,2.5360529002402097,4.8
PI597964,2.0,,,,3.372952097911829,9.36
PI597965,2.0,11.55823411133462,10.784286650321858,11.233432133992514,1.263034405833794,1.4000000000000001
PI597966,2.0,12.956580491518237,12.238576811474728,12.670550425847372,2.89465610774826,6.436666666666667
PI597967,0.0,17.47808591929659,13.789688550877884,14.603718598683676,1.5801454844233804,1.99
PI597968,2.0,9.362993107466554,9.223257846596695,9.385445276896158,2.2908175623473315,3.893333333333333
PI597970,2.0,11.180404404874828,8.079684166844572,8.632061243057251,1.560714954474479,1.95
PI597971,2.0,13.393816560598813,10.387028793064625,11.085602283477783,1.5897634869849775,2.0100000000000002
PI597972,2.0,10.76875147420476,8.345210299626487,8.425401131312052,2.967168607532628,6.82
PI597973,2.0,15.392924146821356,9.942758882655232,10.71232787768046,2.5801454844233804,4.98
PI597974,2.0,14.013931225760208,11.915135215562511,12.267006874084473,0.6690267655096306,0.59
PI597975,2.0,13.469636734803832,10.813557284930596,10.828449249267578,1.709290635723358,2.27
PI597976,2.0,16.323073431114384,12.451709457501035,13.24826184908549,2.319039815562536,3.9899999999999998
PI597977,2.0,18.26525236126365,16.08785558086167,16.57495371500651,,
PI597978,2.0,14.66900996766286,13.343824611264722,13.769974072774252,0.6780719051126377,0.6
PI597979,2.0,19.644856971442778,18.16843895518735,18.684192085266112,,
PI597980,2.0,14.321859730509422,10.590394956999075,11.688175916671751,2.032100843167024,3.09
PI597981,2.0,10.319863605348395,8.85207216952906,9.334839820861816,0.4646682670034442,0.38
PI597982,2.0,13.133519540370292,10.203979330430348,10.622570673624674,1.6959938131099002,2.24
PI598069,2.0,14.737390333487207,12.11563562487711,12.7086576461792,,
PI598070,2.0,10.770734728354547,9.627079386601231,9.874503215154013,2.075532631167357,3.215
PI601264,2.0,,,,,
PI601415,2.0,12.766526323733553,7.982339976324852,8.9304252465566,,
PI601552,2.0,,,,,
PI601553,2.0,14.115944030616127,6.444811331487965,7.811818440755208,,
PI601554,0.0,12.296949084421303,9.422402924083435,10.306498209635416,,
PI601555,2.0,11.250277808312646,7.987874929550936,8.992613474527994,,
PI601556,2.0,11.711698749986484,6.4707160190364,7.611598253250122,,
PI601557,2.0,10.254440057713683,5.125384640966848,6.202714347839356,,
PI601716,2.0,11.311287353577706,8.69487500477842,9.584607044855751,,
PI601717,2.0,,,,,
PI601718,2.0,,,,,
PI601719,2.0,,,,,
PI601720,2.0,,,,,
PI601721,2.0,10.622265384563391,7.020091826424092,7.677854855855306,,
PI601743,2.0,10.183823402288072,5.511333492291473,6.525233586629232,,
PI601744,2.0,11.403074749508098,6.389217441699311,7.427955055236817,,
PI601756,2.0,12.672219962634571,7.323710592360153,8.398044188817343,,
PI601816,0.0,9.13739888271493,8.975920485345037,8.924134254455566,2.9981955031532523,6.99
PI602599,2.0,11.79519470587791,7.43754963056834,8.275911808013916,,
PI602600,2.0,12.081499339694403,7.765661974731586,8.626015424728394,,
PI607931,2.0,18.495076584546325,15.903634046913847,16.24757170677185,1.8849234755533075,2.6933333333333334
PI609456,2.0,20.14637144041316,19.561335230779445,20.13684066136678,2.130930869826449,3.3800000000000003
PI613536,2.0,13.430439033742855,10.911957977943224,11.499742348988852,2.022663720124331,3.063333333333333
PI629034,0.0,15.339193645278748,10.70480463209088,11.737596035003662,1.924733341212231,2.796666666666667
PI629040,2.0,13.093008585184274,9.6466036447557,10.605815315246582,2.491425567791685,4.623333333333333
PI629059,0.0,19.165617289594625,15.627104240182044,16.330571969350178,1.434739413721392,1.7033333333333331
PI641824,2.0,14.409290646757755,11.800183498353649,12.101247469584148,3.0125686735030555,7.07
PI641836,2.0,16.923689587397384,12.901257910673266,13.758804321289062,,
PI641849,2.0,14.823302588500477,12.129660938463266,13.228838284810385,3.2357270598380583,8.42
PI641874,2.0,14.410175501749457,11.812614358360156,12.642677307128906,3.1739269319998087,8.025
PI642791,2.0,12.936511174041168,8.263947843763518,9.208535432815552,2.258518924711301,3.785
PI642992,2.0,12.961197499990952,9.738523581311156,10.571393013000488,,
PI642998,2.0,16.055432675860487,16.245569004273424,16.223922729492188,1.599317793698226,2.03
PI651492,2.0,11.155951141859234,7.755874284583903,8.542284806569418,,
PI651496,2.0,18.375649264616023,19.2447496977454,19.402745246887207,2.585763775410395,5.003333333333333
PI653616,2.0,15.563927730721526,14.083875757655154,14.755740928649905,,
PI653617,2.0,13.099714980430017,9.74677673127645,10.573172251383465,3.1268077031420347,7.735
PI655970,2.0,17.14173063129582,12.838978170326214,13.568207422892252,2.549258439039477,4.8533333333333335
PI655971,2.0,16.77907551017186,11.750132700891209,12.697646141052246,1.7376867614098603,2.335
PI655972,2.0,6.2359661497082,4.311092736004162,4.812958836555481,1.9360882361798069,2.8266666666666667
PI655973,2.0,18.55051190743064,15.79139646305562,16.702708350287544,2.835924074254375,6.140000000000001
PI655974,2.0,8.355755221964516,4.493207176434549,5.15770435333252,3.0964867645938017,7.553333333333334
PI655975,2.0,10.4893932175536,7.954674463822396,8.532738447189331,1.978195629681652,2.94
PI655976,2.0,15.793015427195453,13.343592340882523,14.15823154449463,3.2464080872463845,8.49
PI655977,0.0,10.715087667025804,8.823000702529704,9.218812863032024,1.661445586525229,2.1633333333333336
PI655978,2.0,10.8321198064967,6.751806337500243,7.356621265411377,2.1667154449664223,3.49
PI655979,2.0,17.20521652529968,13.132370640809404,13.89948066075643,1.8519988371124465,2.6100000000000003
PI655980,2.0,12.208134990978689,11.474615947929507,11.808562755584717,1.459431618637297,1.75
PI655982,2.0,17.707254746512646,14.05160323608048,14.829415639241535,2.7015490569430707,5.505000000000001
PI655983,2.0,9.67332525388636,6.337691599367436,6.8840986887613935,2.6599245584023783,5.32
PI655984,2.0,11.378962980910616,8.872653863180055,9.633112986882528,2.305970520984386,3.945
PI655985,2.0,17.477485951957718,13.225672795143444,13.705961418151857,3.094236069845766,7.540000000000001
PI655986,2.0,17.487505378907468,12.749418607716166,13.684695561726889,2.6469306609241747,5.263333333333333
PI655987,2.0,12.25490343565547,7.3120381681302815,8.039126793543497,2.466409600999869,4.526666666666666
PI655988,2.0,12.83649750502171,10.798290758600814,11.134976863861084,2.9068905956085187,6.5
PI655989,2.0,13.346487745903962,9.550090008014282,10.057297945022585,2.4594316186372973,4.5
PI655990,2.0,10.384814634032896,6.975420459637635,7.618375492095947,3.6403895600549454,11.47
PI655991,2.0,12.144907853138212,8.61105745199355,9.127855976422628,3.643278996311979,11.495
PI655992,2.0,12.014946717689703,8.029533845472436,8.67558217048645,2.910732661902913,6.52
PI655993,2.0,13.301538104645257,10.28240295441659,10.69303141699897,2.155965059597472,3.456666666666667
PI655995,2.0,12.673403955910084,11.67707260037458,12.178988138834637,2.822390250418884,6.073333333333333
PI655996,2.0,8.946153799110432,4.303562893590631,5.150986467088972,,
PI655997,0.0,20.672965497255007,16.29145014090962,17.275139236450194,2.132576842670008,3.385
PI655998,2.0,20.548280490598632,16.372741228493872,17.047512531280518,3.0461417816447205,7.26
PI655999,2.0,11.705654134269167,9.925807026896932,10.637091557184856,2.1624248989315613,3.4766666666666666
PI656000,0.0,17.55102846861982,12.067990433713684,13.363973723517525,1.831877241191673,2.56
PI656001,1.0,16.52136708698147,11.494757766805169,12.397340774536133,2.2640359296788666,3.8033333333333332
PI656002,2.0,17.707004213533224,13.69582530134521,14.531719843546549,2.7412872001163,5.686666666666667
PI656003,2.0,12.941862523731793,10.245928383706756,10.75240969657898,1.7570232465074596,2.38
PI656004,2.0,10.120322654622822,5.397017355432347,6.223224918047587,1.613531652917927,2.06
PI656005,2.0,16.993638994387762,13.708364730437948,14.316922505696615,1.7180875839605168,2.29
PI656006,2.0,18.740754999217025,11.966930534236315,13.403757667541504,1.6009040445901777,2.033333333333333
PI656007,2.0,15.020155398336277,11.988384216347397,12.534472147623696,2.980634675133069,6.8933333333333335
PI656008,0.0,21.648840680869,16.054227110335386,17.05808385213216,1.879705766282288,2.6799999999999997
PI656010,2.0,12.779496675686596,9.589796733155392,9.99497652053833,2.498250867527825,4.6499999999999995
PI656011,0.0,20.86830969355236,13.993530905836982,15.310318311055502,0.4005379295837288,0.32
PI656012,2.0,15.26253806359714,10.160061480917072,11.084385553995768,1.2570106182060237,1.39
PI656015,2.0,13.329394584823584,11.35016868253448,11.879278898239136,2.93451650158608,6.6450000000000005
PI656016,0.0,16.369910461274515,10.865759742518197,11.895094299316408,1.0356239097307212,1.05
PI656017,2.0,16.57637884224387,9.690330141043969,10.839568710327148,1.967168607532628,2.91
PI656018,2.0,12.48329837170522,8.725708538610325,9.467069890764025,3.430731306383989,9.783333333333333
PI656019,2.0,11.254873568783552,8.627305903083688,9.25808890660604,2.2005880510180997,3.5966666666666662
PI656020,2.0,12.997322998833257,9.32661967994952,9.765053462982175,2.5393656342810456,4.8133333333333335
PI656021,2.0,25.35821076544236,21.98550920782601,23.04110145568848,,
PI656022,2.0,11.281289031272442,9.3476320779775,10.100982348124186,2.1811025507537978,3.535
PI656023,2.0,16.992926840298736,15.056762708716615,15.30564648764474,2.9193400824420124,6.565
PI656024,2.0,15.86135709551912,14.369451937353626,14.986327934265136,2.4480199159782723,4.456666666666666
PI656025,2.0,13.961895530199495,11.858998926880922,13.06806926727295,1.6507645591169025,2.14
PI656026,0.0,19.45472340395709,15.574909818963777,16.280234813690186,3.300123724569014,8.85
PI656027,2.0,12.011598787743472,8.329291130409867,9.315485000610352,2.056583528366368,3.16
PI656028,2.0,18.192686958586894,15.248212309843238,16.200539112091064,2.2244519435147425,3.6733333333333333
PI656029,2.0,22.272997957915333,15.675306625336397,17.20507287979126,2.1473066987802936,3.43
PI656031,0.0,9.622050343045778,6.750862644716156,7.467317295074463,1.2469147404705168,1.3733333333333333
PI656033,2.0,17.34115510924033,14.684439201710648,15.713152408599854,1.3448284969974411,1.54
PI656034,0.0,16.45691817122448,13.224907319255127,13.719396114349363,1.3617683594191536,1.57
PI656035,2.0,13.311152769971963,11.447861396796869,12.440618832906088,1.3504972470841332,1.55
PI656036,0.0,16.301284129748115,14.026677610525027,14.666309038798014,2.3858911536193275,4.2266666666666675
PI656037,0.0,15.141104389495863,12.098845189828888,12.765259424845375,1.4768136968655337,1.7833333333333332
PI656038,2.0,11.706687550884586,10.456833065466656,11.094415346781412,2.5096958419333872,4.695
PI656039,0.0,15.5294978376641,10.830888105123115,11.637736320495604,1.538538163629804,1.9049999999999998
PI656040,2.0,20.9205247622871,13.509907874835733,15.104592323303224,1.831877241191673,2.56
PI656041,2.0,11.922672896628432,7.228617497228468,8.05922794342041,1.9855004303048849,2.9599999999999995
PI656042,2.0,15.920587374728768,10.496296326585826,11.702578703562418,,
PI656043,0.0,11.841420991190802,6.694274406256414,7.640288670857747,1.9068905956085185,2.75
PI656044,0.0,11.714762687453714,8.682353857662562,9.30141266187032,1.728283351066405,2.313333333333333
PI656046,2.0,12.211482243567758,9.84620684813893,10.649512132008873,1.6720481174848678,2.186666666666667
PI656047,2.0,20.06881936597709,22.72382547626431,22.61478080749512,1.8135246892978103,2.515
PI656048,0.0,13.265976323356536,10.042717868225564,10.816707611083984,0.8559896973084807,0.81
PI656049,2.0,6.741154674354129,4.181117760873547,5.151780366897583,1.835924074254375,2.57
PI656050,2.0,8.830639471001636,7.927818437558159,8.7744215965271,3.0107798387532423,7.06
PI656051,0.0,17.394785908577557,12.85561701893438,13.601853847503662,1.7166251458820303,2.2866666666666666
PI656052,2.0,13.086438777291557,9.583969503641992,10.17729139328003,2.320484678017693,3.995
PI656053,0.0,14.333604603532883,11.817176310227236,12.487773132324218,2.3941482542946293,4.256666666666667
PI656054,0.0,16.560352024354092,14.023619785194905,14.624226411183676,,
PI656055,0.0,13.484957445535594,8.106720128052544,9.259829112461636,1.718087583960517,2.2900000000000005
PI656056,0.0,11.810273022654442,8.9410895811745,9.490509668986002,1.7768058586979971,2.4266666666666663
PI656057,2.0,12.318383540622149,11.269271170514944,11.595469665527345,1.7935491225325737,2.466666666666667
PI656058,2.0,16.610499012134515,13.2265974344995,13.75020694732666,2.474219698490536,4.556666666666667
PI656059,0.0,17.65100748263496,12.931933368162658,13.557445208231607,1.4664096009998695,1.7633333333333334
PI656060,2.0,14.693541549469137,10.744565903371049,11.37332428826226,2.395976765364356,4.263333333333333
PI656061,2.0,15.472737469970031,12.843931392931252,13.606598377227783,2.359895945086383,4.133333333333334
PI656062,0.0,23.35867877290158,18.68621171402508,19.84376780192057,1.250961573533219,1.38
PI656064,2.0,14.346466682134327,10.816004622458118,11.67541217803955,,
PI656065,2.0,10.55014790497004,9.16776390094185,9.530818621317543,,
PI656066,2.0,15.747867398669122,12.590357773524763,13.267472585042318,,
PI656067,2.0,14.22876247187593,12.596854887788082,13.061548074086508,,
PI656068,0.0,18.10916423649232,13.873234921197753,14.741345405578612,1.429392792255914,1.6933333333333334
PI656069,2.0,17.151492612054362,13.55966486793744,14.448409822252062,2.9056076297250453,6.493333333333333
PI656070,0.0,22.206544441901805,16.4368857641091,17.393006563186646,2.2680350868921604,3.816666666666667
PI656071,2.0,15.688016061845286,13.121622322373671,13.356109237670898,3.1511011271506573,7.883333333333333
PI656072,2.0,20.10500749676549,15.153095697213532,16.35248057047526,1.531069492725954,1.89
PI656073,2.0,16.618239239400005,11.722383889126784,12.618123245239255,1.5285713188707577,1.885
PI656074,2.0,8.531181348809909,7.966090159222595,9.02194118499756,1.761285273361619,2.39
PI656075,0.0,15.581579943168093,12.189235048658594,12.892179330190023,2.382667252745041,4.215
PI656076,1.0,17.569418035737968,14.34070605897686,15.12093312399728,1.8855743643714264,2.695
PI656077,,13.281528821235831,9.246371582713405,9.90486752986908,1.7078192485066896,2.2666666666666666
PI656078,2.0,17.000891035620032,13.29536366723202,13.999497254689537,2.0703893278913985,3.2000000000000006
PI656079,2.0,16.111604921032043,10.814234494904456,11.90674336751302,2.7311832415722,5.640000000000001
PI656082,2.0,14.88747205782868,11.882137707357003,12.812242190043133,1.715893370547605,2.285
PI656083,2.0,10.62773392762242,6.9986971227358055,7.63595183690389,1.411426245726465,1.66
PI656085,0.0,14.983320493497144,12.197390925780349,12.633564567565918,1.6182386555954549,2.0700000000000003
PI656086,2.0,13.175315840367793,11.430464904026849,12.070369799931845,1.7676547982373465,2.4050000000000002
PI656087,2.0,11.238697677112402,7.669852121577671,8.317694473266602,2.1076878693143737,3.31
PI656088,2.0,19.10338367581253,15.457948648907406,16.33794403076172,2.6881803585869264,5.445
PI656091,2.0,23.82057090023045,17.318067041850252,18.426205317179363,2.537710218102984,4.806666666666667
PI656092,2.0,16.310051503450303,9.230361358238047,10.416585636138915,2.417740019658667,4.343333333333333
PI656093,2.0,14.36441592573732,12.246403043343092,12.63018830617269,2.759155833800272,5.77
PI656094,2.0,11.062649628019852,9.188266873218405,9.576440334320068,2.401448434530889,4.283333333333333
PI656095,2.0,15.371054520266844,11.200649158652467,12.216955661773682,1.6989592715864612,2.2466666666666666
PI656096,2.0,14.351180051774143,11.526985821897474,12.255812072753908,1.97330513333458,2.9266666666666663
PI656097,2.0,15.1508867606529,9.62356996386439,10.649916013081867,1.8142085930986669,2.516666666666667
PI656098,2.0,6.958581100636913,5.130868936181103,5.828677256902059,3.024437889285273,7.136666666666667
PI656099,2.0,15.654819724842053,14.065739179185323,14.612930297851562,1.787989597190673,2.453333333333333
PI656100,2.0,15.3702396948233,10.633489350843158,11.386079515729632,1.1375035237499351,1.2
PI656101,2.0,11.031066566581664,9.546500558438828,10.28227710723877,1.8731569804533503,2.6633333333333336
PI656102,2.0,8.646536308285679,7.324117431536008,7.869016170501709,2.411426245726465,4.32
PI656103,2.0,15.82785958838878,10.01933944727908,11.363311926523844,1.842643672060743,2.5866666666666664
PI656104,2.0,17.626371795813398,15.37301047733214,15.972111701965332,2.523561956057013,4.75
PI656105,2.0,10.699459657091891,7.615574484342122,8.455720861752829,1.8519988371124465,2.61
PI656106,2.0,13.92225320149841,10.964531848127889,11.74036333296034,2.764119645669933,5.793333333333334
PI656107,2.0,12.410107050662006,11.192192586385971,11.884759902954102,2.5541795184245326,4.873333333333333
PI656108,2.0,13.669503028267288,10.370643956367408,11.08004585901896,2.282933963271499,3.8666666666666667
PI656109,2.0,12.573703909096984,8.634543979447853,9.5286203622818,1.5865646053176576,2.0033333333333334
PI656111,2.0,10.641286723487084,10.207176208426285,10.563662687937418,3.0,7.0
PI656112,2.0,12.57856605872174,9.698503862273512,10.375728448232016,1.9597701552114672,2.89
PI656118,2.0,13.768200368816323,11.145341742667918,11.843307336171469,2.740567830846402,5.683333333333334
PI656120,2.0,14.548535580193308,11.654495281643976,12.342175642649332,1.811471030529836,2.51
PI656121,2.0,9.378258631109126,7.809459446472765,8.21746301651001,1.592955291474687,2.016666666666667
PI659691,2.0,14.263329730165406,12.038469940290236,12.757704162597657,1.713695814843359,2.28
PI659694,0.0,13.483064357416657,8.900193268635476,9.730356295903524,1.7739963251111732,2.42
PI659695,2.0,12.637484626333796,9.12508298687506,9.672671476999918,2.123224735299552,3.356666666666666
PI659696,2.0,8.380489311816445,6.111579502896376,6.852944237845285,2.0612001564367377,3.1733333333333333
PI659753,2.0,13.367384182198869,10.719792987051116,10.998090744018556,2.736965594166206,5.666666666666667
SC0003,2.0,10.300661015258749,7.718019798286752,8.253013229370117,0.6690267655096306,0.59
SC0027,2.0,11.43526164649318,6.132202416834763,7.110651572545369,0.2868811477881615,0.22
SC0041,2.0,18.88516771497677,15.658806265835658,16.32231616973877,0.3785116232537298,0.3
SC0092,2.0,25.03201259029061,21.6972732138135,22.79237620035808,2.049630767724601,3.14
SC0138,2.0,12.861743731831686,10.889874190861326,11.409285227457682,0.7398481026993274,0.67
SC0150,2.0,12.120009878627586,11.241821604940158,11.763704697291056,0.8073549220576041,0.75
SC0156,2.0,14.333903369973372,12.058278835163884,12.78832213083903,1.5260688116675876,1.88
SC0157,2.0,17.16803475398927,12.339386183095217,13.280314445495604,1.6461626571578936,2.13
SC0159,2.0,16.15108844254669,13.589120564695214,14.565986474355062,0.9708536543404837,0.96
SC0178,2.0,14.7357417908735,10.852854044891837,11.376644372940063,0.5945485495503542,0.51
SC0179,2.0,14.104123251601427,9.072087899196774,9.805668433507284,1.4382928515791469,1.71
SC0191,2.0,11.69469906512986,9.41358481597839,10.192762772242228,1.5210507369009632,1.87
SC0201,2.0,13.651424834189696,11.09649475272505,11.625287532806396,0.8073549220576041,0.75
SC0236,,13.490153670512145,10.47245050114508,10.977949142456056,1.9634741239748856,2.9
SC0247,2.0,14.907099727762557,12.176856434070752,12.595791625976563,0.8237493603082727,0.77
SC0263,2.0,11.304723241300858,7.656648989114516,8.185569763183594,0.4114262457264649,0.33
SC0266,2.0,11.54436620713948,7.11986295741403,8.072428321838379,0.8318772411916731,0.78
SC0276,2.0,10.475581647640638,9.874943809900426,10.204677990504674,,
SC0287,2.0,16.41845070957398,16.461241874050746,16.94298896789551,,
SC0297,2.0,16.337154921569745,14.47874170678504,15.518119970957438,0.8318772411916731,0.78
SC0314,2.0,8.83837901932864,5.750342488685185,6.210092258453369,1.232660756790275,1.35
SC0343,2.0,23.710835194788363,18.83292674175449,20.04626973470052,,
SC0371,,8.068264410681824,5.758220025679664,6.356246185302735,0.9560566524124028,0.94
SC0400,2.0,18.156289327968235,15.967434106892918,16.77271048227946,,
SC0409,2.0,13.125559789585074,9.821994019026585,10.588037172953287,1.5801454844233804,1.99
SC0436,2.0,18.66978144475441,14.657393421112635,15.880553436279296,0.9781956296816516,0.97
SC0445,2.0,16.336830500505496,12.30021478688864,13.000198443730673,2.503348735167504,4.67
SC0448,2.0,14.609622700876438,10.894205862136335,11.551809708277384,1.550900664647523,1.93
SC0456,0.0,17.507440876381626,11.834732955908024,13.409297625223797,0.6135316529179271,0.53
SC0458,2.0,7.89774050558259,2.277787551754261,3.1420361042022704,1.0356239097307212,1.05
SC0470,2.0,11.648001833999515,8.533142416699249,9.056891679763794,0.8479969065549501,0.8
SC0479,2.0,19.369817831465024,14.883941658945892,15.615093549092611,1.1375035237499351,1.2
SC0505,2.0,14.637918364778606,10.596593725558195,11.516695261001589,0.6599245584023783,0.58
SC0517,2.0,13.24962426567176,10.469180746359688,10.872456312179564,1.4005379295837286,1.64
SC0521,2.0,9.387495735269628,9.114169471487951,9.267211278279625,,
SC0540,2.0,11.108748142309466,9.842213078541397,10.29032974243164,0.4854268271702416,0.4
SC0542,2.0,13.001831721855307,10.237074881350164,10.814830589294434,1.956056652412403,2.88
SC0550,2.0,12.393333277063624,12.04419848055734,12.31201203664144,1.01435529297707,1.02
SC0551,2.0,13.505070069640462,11.92022921888244,12.312549591064451,0.9708536543404837,0.96
SC0556,2.0,17.07358831109251,12.351573052335084,13.03669956752232,2.049630767724601,3.14
SC0581,2.0,10.9622033045755,10.92527465956104,11.282615375518798,1.550900664647523,1.93
SC0582,,19.34771280300153,16.79665855946457,17.29809300104777,0.3448284969974411,0.27
SC0602,,8.838426530248913,5.420254119616199,6.007370710372925,,
SC0616,2.0,12.950122269528087,10.479629981572897,11.007038275400795,,
SC0618,2.0,13.8450066446256,11.20904687859266,11.619031270345053,0.7570232465074596,0.69
SC0631,2.0,7.341654331571551,5.032780548764379,5.518556475639343,1.144046369616707,1.21
SC0636,2.0,13.45514611748024,10.660011947397257,11.312691783905027,1.0840642647884746,1.12
SC0685,2.0,12.851804722462118,9.715942174387308,10.205273787180582,1.070389327891398,1.1
SC0713,2.0,17.196752425458296,12.971033384420007,13.759047190348308,1.1890338243900171,1.28
SC0741,2.0,11.085305284405184,6.833358272088937,7.596027660369873,1.3617683594191536,1.57
SC0747,2.0,19.03371435255132,14.012416358825496,15.412458181381226,2.523561956057013,4.75
SC0753,2.0,10.520820986041064,8.668933006868647,9.66592721939087,0.7484612330040358,0.68
SC0777,2.0,14.900060803323138,12.300984687459506,12.84769837061564,0.3219280948873623,0.25
SC0814,2.0,8.956320357573933,7.524805271753043,8.05424451828003,0.8399595874895318,0.79
SC0823,2.0,18.713011912830897,13.263653769259491,14.287459015846252,0.6135316529179271,0.53
SC0834,2.0,11.331191092019358,8.859114438739114,9.740201950073242,1.3504972470841332,1.55
SC0837,2.0,10.228240624816085,5.456460611374457,6.408624935150146,,
SC0847,2.0,13.295346927965978,10.67171625492584,11.285386403401692,1.3448284969974411,1.54
SC0848,2.0,13.718745611574423,12.517659560956504,12.79586410522461,0.903038270112912,0.87
SC0854,2.0,13.23501017660872,10.15285667572179,10.701276206970215,2.722466024471091,5.6
SC0858,2.0,14.877282835771762,12.33953443566539,13.025388062000276,1.0840642647884746,1.12
SC0860,2.0,13.945434209990884,9.893108524838638,10.429530143737791,0.4854268271702416,0.4
SC0864,2.0,8.617584042242486,6.152314437714012,6.672668536504109,,
SC0868,2.0,12.35355869147548,8.01107562319817,8.938656250635782,1.7570232465074596,2.38
SC0870,2.0,15.61299502557362,11.059320542656517,11.810255408287048,1.0356239097307212,1.05
SC0871,2.0,10.84621709171816,10.077062637462571,10.301332473754885,0.6599245584023783,0.58
SC0877,2.0,10.85292864501508,7.991055814427375,8.241594886779785,,
SC0878,2.0,,,,2.1731274334806563,3.51
SC0893,2.0,14.4396453558831,10.978558918962026,11.45263786315918,2.4802651220544627,4.58
SC0895,2.0,,,,,
SC0914,0.0,20.49706595905726,17.136030502790874,18.034289632524764,1.292781749227846,1.45
SC0921,2.0,10.37876041676759,6.255101390454296,7.020087242126465,1.7398481026993275,2.34
SC0923,2.0,12.87401557313059,10.552509969878214,11.010574022928871,,
SC0965,2.0,8.723678168948837,6.262587089559246,6.7630561828613285,,
SC1021,2.0,15.21191912734628,11.09503975832245,11.70271666844686,1.7355221772965377,2.33
SC1023,2.0,14.258969467879892,11.917858436050976,13.005895296732584,0.4436066514756145,0.36
SC1058,2.0,14.455508371836329,10.576525562010298,11.399514516194662,0.4114262457264649,0.33
SC1082,2.0,21.30316110959012,16.152948903587873,17.09325804029192,1.6182386555954549,2.07
SC1097,2.0,13.143356393490658,10.436371914500734,10.775236209233602,2.114367024952,3.33
SC1107,2.0,16.275181639689812,13.010958062244264,13.765795516967774,0.722466024471091,0.65
SC1114,2.0,16.359284237218663,12.624270702922995,13.763678550720217,0.903038270112912,0.87
SC1119,2.0,13.03712768916329,11.575894863439771,11.83549944559733,0.6690267655096306,0.59
SC1120,,14.25896010717787,13.546903263967152,14.3253542582194,1.1699250014423124,1.25
SC1133,2.0,12.181934320734234,8.81285274459578,9.69275705019633,1.8678964639926547,2.65
SC1166,2.0,8.253297439365037,4.411246954132501,5.061282952626546,1.550900664647523,1.93
SC1170,2.0,17.62886702870585,14.039983599206757,14.824381828308104,1.495695162624069,1.82
SC1178,2.0,12.437589901134231,8.479691421328432,9.461824973424276,,
SC1193,2.0,21.56147464059166,18.08762157256358,18.98615328470866,0.9486008474933558,0.93
SC1216,2.0,17.84481837695801,15.15709440555519,15.515776740180122,0.8718436485093178,0.83
SC1442,2.0,15.326073372810836,13.83534727607138,14.215884780883789,,
SC1446,2.0,16.801347626008283,13.034052291792042,14.38218355178833,,
PI533755,2.0,19.88710200130583,13.612728745029557,15.018489440282186,0.9411063109464314,0.92
PI533772,2.0,7.981987953718416,6.330492222123378,6.874766111373901,,
PI533775,2.0,13.925004875579976,10.055904307873863,10.807979583740234,1.7398481026993275,2.34
PI533780,2.0,11.877905990104338,8.22005604514251,9.200535583496094,,
PI533854,2.0,18.500037762317927,16.250428345333848,16.597991398402623,,
PI533859,2.0,18.135677420308262,14.940300276256798,15.54934819539388,2.090853430451113,3.26
PI533926,2.0,13.97817388826722,10.818645245481733,11.664843241373696,0.5655971758542251,0.48
PI533952,2.0,13.48815838906702,11.47204493124418,12.42941919962565,,
PI533963,2.0,17.001196057918058,15.233385690778016,15.929953575134276,0.8155754288625726,0.76
PI534088,2.0,15.715969573224871,10.819999749820054,11.576630020141602,1.0,1.0
PI534098,2.0,13.390492446658222,10.32964697484294,11.079526821772255,1.3895668117627256,1.62
PI534121,2.0,9.984518425966089,6.289356316358908,6.938481044769287,,
PI534130,2.0,15.673832093224016,8.724499505676489,9.96647810935974,1.1243281350022014,1.18
PI534166,2.0,17.889223721942205,15.988855774707368,16.49817657470703,,
PI543247,2.0,10.657112163321829,5.728481871130981,7.045257647832234,,
PI554646,2.0,13.000589008247498,8.662045932584894,9.65901861190796,,
PI554648,2.0,11.14628204170713,5.293067850398905,6.57517215183803,,
PI576350,2.0,21.13170198229409,17.566450174630813,18.459695625305176,,
PI576366,2.0,12.786509905149572,9.430587665863344,9.9590802192688,,
PI576385,2.0,7.359274878982184,5.605351559342522,6.02762242158254,,
PI576391,2.0,16.422460837027938,13.06546243162226,13.661364078521729,2.189033824390017,3.56
PI576420,2.0,16.679056075224224,11.134889100643392,11.930153290430704,0.4436066514756145,0.36
PI585291,2.0,9.26304673037366,5.139474503714999,5.992186864217122,,
PI595729,2.0,13.274761051701512,10.378432156455576,11.030718088150024,1.0772429989324606,1.11
PI642793,2.0,11.466207729020756,8.241201504994134,8.881979179382324,,
PI656090,2.0,17.046664014497903,15.783512757221123,16.00990358988444,2.700439718141092,5.5
PI656110,2.0,21.15728138397173,14.92266138444289,16.160455067952473,1.415037499278844,1.6666666666666667
PI656115,2.0,13.02263336114651,9.48046447326026,10.13101061185201,1.531069492725954,1.89
SC0412,2.0,14.448172905456529,12.370764958275618,12.892832565307618,,
SC0604,2.0,8.6100085302532,5.3595399029076045,5.974784469604492,,
SC0615,2.0,5.9120430012119085,3.8000727400732974,4.250586569309235,,
SC0652,2.0,12.386546129252071,8.605707476400507,9.19510006904602,,
SC0999,2.0,16.543551502344666,13.710100207884262,14.500760078430176,0.3785116232537298,0.3
SC1024,2.0,15.908947981001944,13.568496700450044,14.07788626352946,0.1634987322828795,0.12
PI153852,2.0,14.979769173673455,11.85295611634207,12.46453595161438,,
PI533827,2.0,13.092193035947991,9.587195758379645,10.287817001342772,1.4222330006830477,1.68
PI533865,2.0,17.74744076862398,13.020317002078968,13.90364589691162,1.584962500721156,2.0
PI533883,2.0,14.46162087778645,11.6061526401576,12.33394546508789,0.7136958148433591,0.64
PI533890,2.0,12.297921728598324,9.145798678532442,9.997469584147137,,
PI533933,2.0,9.848102992237203,5.592144664817714,6.307618236541748,1.5210507369009632,1.87
PI534018,2.0,11.445610594761767,8.568388884566103,9.210976203282677,0.8318772411916731,0.78
PI534024,2.0,17.45232850905894,12.091677919648584,13.041279792785645,0.5459683691052925,0.46
PI534087,2.0,14.78572644906686,11.591715735971894,12.042521476745604,0.722466024471091,0.65
PI534093,2.0,12.599711765017906,10.749710330296365,11.611909627914429,,
PI534125,2.0,14.573705593984624,11.171277693138393,12.130635452270509,1.2630344058337937,1.4
PI534143,2.0,17.706645598350516,14.646990653182607,15.397218545277914,,
PI561472,0.0,15.72980305877116,11.758457608771096,12.46381688117981,1.742006210866736,2.3449999999999998
PI574397,2.0,9.895129188203294,4.677600562243471,5.60490341981252,,
PI576331,2.0,11.107731561816312,9.34485304045146,9.8187744140625,2.021479727410452,3.06
PI576353,2.0,17.95624803120127,13.136989897454663,14.255180676778158,0.8318772411916731,0.78
PI576430,2.0,17.319025767285765,13.053006875482629,13.988317217145648,1.3504972470841332,1.55
PI603983,2.0,10.023256179055876,6.170372890543509,7.163086652755737,,
PI605723,2.0,9.598729540213048,4.552987770275075,5.718735933303833,,
PI605724,2.0,8.956944000161746,4.495669364842177,5.666644811630249,,
PI605725,2.0,11.893947344192885,6.362851185304807,7.494502067565918,,
PI605726,2.0,10.519826994410368,5.538115056797662,6.41536823908488,,
PI606788,2.0,11.185106066117266,7.119325501049125,8.092469771703083,,
PI613611,2.0,9.96886511843319,5.414008500174111,6.246684074401856,,
PI613613,2.0,10.188860764716328,4.409846340455752,5.545833683013916,,
PI619402,2.0,12.374529738730496,6.552194306319726,7.597407738367717,,
PI656013,2.0,12.300842230112233,10.8935604143929,11.846182823181152,1.807354922057604,2.5
PI656014,2.0,19.35414190570205,17.497999566283895,18.59024779001872,0.6040713236688608,0.52
PI656032,2.0,16.038412706945856,14.418073753109647,14.907008361816406,2.7506065048355923,5.73
PI656063,2.0,15.698897054929455,11.218082653102728,11.942190647125244,1.4750848829487828,1.78
PI656113,2.0,13.263450375416982,10.005471335817008,10.69246737162272,1.9411063109464315,2.84
PI656114,2.0,10.977595893814287,9.691386681394173,10.026591936747232,,
SC0235,2.0,15.020505095498995,11.65739019619645,12.275744597117106,0.6959938131099002,0.62
SC0249,2.0,17.177021883014802,16.67651354876362,17.192790031433105,0.5058909297299573,0.42
SC0438,2.0,22.79408521402537,16.843528758912864,17.82743485768636,2.2387868595871168,3.72
SC0463,2.0,11.087710214775196,8.533054478487864,8.963224601745605,,
SC0547,2.0,,,,2.4436066514756147,4.44
SC0759,2.0,16.290125126607236,12.717117240913655,13.4475576877594,1.835924074254375,2.57
