trait,human_score_spearman_rho
embedding_mean_0,0.3377001357519609
embedding_mean_1,0.16635474549710697
embedding_mean_2,-0.3603491134814955
embedding_mean_3,0.29006327232785517
embedding_mean_4,-0.1042102632021841
embedding_mean_5,0.13269569026370004
embedding_mean_6,0.20744819002979054
embedding_mean_7,0.3512253549793317
embedding_mean_8,-0.3821637489319075
embedding_mean_9,-0.18314945815984224
embedding_mean_10,-0.07822610408986092
embedding_mean_11,0.21900822930108899
embedding_mean_12,-0.15433935152850534
embedding_mean_13,0.008402017695788876
embedding_mean_14,-0.19269357850551364
embedding_mean_15,0.35311184179015936
embedding_mean_16,0.14062119065879858
embedding_mean_17,0.29705316074799154
embedding_mean_18,-0.36100332199392354
embedding_mean_19,-0.1942763043962548
embedding_mean_20,-0.00886252320969224
embedding_mean_21,0.27852431330917243
embedding_mean_22,-0.173480208147647
embedding_mean_23,-0.12670208458404467
embedding_mean_24,0.19387513339006943
embedding_mean_25,-0.11866060633456933
embedding_mean_26,0.021221557624792258
embedding_mean_27,-0.003196423440485186
embedding_mean_28,-0.17680483620138587
embedding_mean_29,0.1345793118891968
embedding_mean_30,-0.326508695434975
embedding_mean_31,-0.06813308477676612
embedding_mean_32,-0.3201762318687174
embedding_mean_33,-0.06085462682319208
embedding_mean_34,0.06045090138930386
embedding_mean_35,-0.06429875050765765
embedding_mean_36,-0.29453324578732565
embedding_mean_37,0.04408657405737004
embedding_mean_38,-0.21088252252093773
embedding_mean_39,0.3633447735101459
embedding_mean_40,-0.3497863591529433
embedding_mean_41,0.2966416368514266
embedding_mean_42,-0.17912830883503547
embedding_mean_43,0.10001690753777527
embedding_mean_44,0.06025157678528712
embedding_mean_45,-0.3838441770209179
embedding_mean_46,0.29985081867756785
embedding_mean_47,0.2951541814805149
embedding_mean_48,-0.35801791230563546
embedding_mean_49,-0.3815977241116005
embedding_mean_50,0.33441543383827804
embedding_mean_51,-0.27588322151901196
embedding_mean_52,0.31708621028629963
embedding_mean_53,-0.3819417234831593
embedding_mean_54,-0.010907755893461614
embedding_mean_55,-0.047199747083079974
embedding_mean_56,0.3111199932301953
embedding_mean_57,-0.2794189456757194
embedding_mean_58,-0.31666159417086354
embedding_mean_59,-0.3790064576457386
embedding_mean_60,-0.3303758705702192
embedding_mean_61,-0.06527531256906047
embedding_mean_62,0.21362336423951078
embedding_mean_63,-0.3458073081640129
embedding_mean_64,-0.047120196237867056
embedding_mean_65,-0.006657466324011732
embedding_mean_66,0.057009335240117406
embedding_mean_67,0.12595301885943244
embedding_mean_68,0.32878978797375275
embedding_mean_69,-0.3100074902443877
embedding_mean_70,0.3467726580901945
embedding_mean_71,0.2319095177397379
embedding_mean_72,0.002214876826727924
embedding_mean_73,0.13948391718245648
embedding_mean_74,0.2386651648287661
embedding_mean_75,0.156262653795532
embedding_mean_76,0.2084916479489194
embedding_mean_77,0.2389271026177299
embedding_mean_78,0.05796372940612093
embedding_mean_79,0.37415769549824546
embedding_mean_80,-0.27555414162117736
embedding_mean_81,-0.21834715520687045
embedding_mean_82,0.26195475076313574
embedding_mean_83,0.2745722826960039
embedding_mean_84,-0.10910954832485098
embedding_mean_85,0.3405307601732772
embedding_mean_86,-0.06727146885441486
embedding_mean_87,0.3752097032965942
embedding_mean_88,0.25098952490772464
embedding_mean_89,0.30991997157359075
embedding_mean_90,0.28030648655319346
embedding_mean_91,0.03188313443286295
embedding_mean_92,0.15991782075416933
embedding_mean_93,-0.26889158063321367
embedding_mean_94,0.10807332546022068
embedding_mean_95,0.2658166228194568
embedding_mean_96,0.10450437820549495
embedding_mean_97,0.01507895144304025
embedding_mean_98,0.15514451366635093
embedding_mean_99,0.08993210776394328
embedding_mean_100,0.17744564639867919
embedding_mean_101,-0.3698752580521704
embedding_mean_102,0.0110791200798916
embedding_mean_103,0.27168017021660695
embedding_mean_104,-0.3367353840342133
embedding_mean_105,-0.30902848562802815
embedding_mean_106,-0.011941428991753487
embedding_mean_107,-0.09309297587041136
embedding_mean_108,0.08174709988878534
embedding_mean_109,0.2529357455498224
embedding_mean_110,-0.3712967737619792
embedding_mean_111,-0.26583280396915104
embedding_mean_112,0.2891502866157937
embedding_mean_113,-0.3226952161102872
embedding_mean_114,0.36845146448894783
embedding_mean_115,-0.2654821574919275
embedding_mean_116,0.3528790112986827
embedding_mean_117,-0.04905213756695442
embedding_mean_118,-0.1523238211762953
embedding_mean_119,0.3157193242137197
embedding_mean_120,0.32176521331051183
embedding_mean_121,-0.04961007181241431
embedding_mean_122,-0.20847571074396315
embedding_mean_123,0.3477830663186599
embedding_mean_124,-0.24371125496251558
embedding_mean_125,-0.2505315660525834
embedding_mean_126,-0.38673759623614096
embedding_mean_127,-0.33213632496361356
embedding_mean_128,-0.2181926698210098
embedding_mean_129,0.400394390243242
embedding_mean_130,0.08692682978670369
embedding_mean_131,0.19757695283762267
embedding_mean_132,0.015471811224834152
embedding_mean_133,-0.33264834632331236
embedding_mean_134,-0.12435372337196189
embedding_mean_135,-0.10497114237802789
embedding_mean_136,0.10503082493428934
embedding_mean_137,0.3062359398926689
embedding_mean_138,0.32737526638770603
embedding_mean_139,-0.21036038755383032
embedding_mean_140,-0.045591279584216576
embedding_mean_141,-0.211711048808425
embedding_mean_142,-0.03670364330200955
embedding_mean_143,0.25231227252059985
embedding_mean_144,0.2640254142973993
embedding_mean_145,0.17514533763862689
embedding_mean_146,0.08041807652561099
embedding_mean_147,0.14190549289171556
embedding_mean_148,-0.09343139177633886
embedding_mean_149,0.21784131947775867
embedding_mean_150,0.16770276702787415
embedding_mean_151,-0.09812025118356857
embedding_mean_152,-0.22355590520588733
embedding_mean_153,-0.025507077786537886
embedding_mean_154,0.3128258723689457
embedding_mean_155,-0.2885896953926137
embedding_mean_156,-0.14470478206760415
embedding_mean_157,0.13442891296614545
embedding_mean_158,0.1917271222821761
embedding_mean_159,0.27704696688390235
embedding_mean_160,0.2584957386807087
embedding_mean_161,-0.1634581767533233
embedding_mean_162,-0.19137306523998432
embedding_mean_163,-0.27031316450234016
embedding_mean_164,0.19897406164332182
embedding_mean_165,-0.3758670818266852
embedding_mean_166,0.18013312808755988
embedding_mean_167,0.1537142485755235
embedding_mean_168,0.2845458032707957
embedding_mean_169,0.24461578651330507
embedding_mean_170,0.07384988082547515
embedding_mean_171,0.3612343765055557
embedding_mean_172,9.722673909827088e-4
embedding_mean_173,1.637661624233636e-4
embedding_mean_174,0.18485445488948257
embedding_mean_175,0.05959690213641691
embedding_mean_176,0.2644780747349817
embedding_mean_177,0.25648239749852136
embedding_mean_178,0.06964559498144197
embedding_mean_179,0.22455546643934457
embedding_mean_180,-0.1717657427756327
embedding_mean_181,0.025649160835461773
embedding_mean_182,-0.18950956827848223
embedding_mean_183,-0.37914184697535364
embedding_mean_184,-0.23683162490261114
embedding_mean_185,-0.022491561899241112
embedding_mean_186,0.012149734491221819
embedding_mean_187,-0.008164100114532306
embedding_mean_188,0.0852851625624132
embedding_mean_189,0.04723467934805276
embedding_mean_190,0.02871331186748442
embedding_mean_191,-0.3194768547350475
embedding_mean_192,0.17566109896637963
embedding_mean_193,-0.20876242971572562
embedding_mean_194,0.1788349458651846
embedding_mean_195,-0.356425279461711
embedding_mean_196,-0.3905024249003643
embedding_mean_197,-0.13855407131528336
embedding_mean_198,-0.2979126743949888
embedding_mean_199,-0.08049277022909697
embedding_mean_200,0.364601262439624
embedding_mean_201,-0.277321117263397
embedding_mean_202,0.22032922018757944
embedding_mean_203,-0.33772050125311726
embedding_mean_204,-0.15267204207276447
embedding_mean_205,0.2181027350096545
embedding_mean_206,0.036431765309365594
embedding_mean_207,0.370950822832516
embedding_mean_208,-0.15840068336841132
embedding_mean_209,0.40904001861262573
embedding_mean_210,-0.19945583540929118
embedding_mean_211,0.3398260706379552
embedding_mean_212,-0.12490636541501554
embedding_mean_213,0.07103374309093535
embedding_mean_214,0.2607158704189275
embedding_mean_215,-0.20127471379055317
embedding_mean_216,-0.1326707053504022
embedding_mean_217,-0.009128362376423825
embedding_mean_218,0.11103247923651208
embedding_mean_219,0.15376718769125555
embedding_mean_220,-0.2126660256449812
embedding_mean_221,0.3043618585263543
embedding_mean_222,0.23252667462016965
embedding_mean_223,-0.17952170934673065
embedding_mean_224,0.33502415364910737
embedding_mean_225,-0.26443773839485657
embedding_mean_226,0.3436296290253665
embedding_mean_227,-0.2692551528666169
embedding_mean_228,0.1632410100000902
embedding_mean_229,0.25901813157624476
embedding_mean_230,0.027247603293243217
embedding_mean_231,0.21295020106555781
embedding_mean_232,-0.3730023079597624
embedding_mean_233,-0.36916965644321
embedding_mean_234,-0.03024070347925295
embedding_mean_235,0.3285925599532795
embedding_mean_236,-0.3176412560396065
embedding_mean_237,0.15502223364727663
embedding_mean_238,-0.1774499612683451
embedding_mean_239,0.38869518283848586
embedding_mean_240,-0.17148515505187228
embedding_mean_241,0.08507527679463693
embedding_mean_242,0.33379060124443266
embedding_mean_243,-0.3360395106928
embedding_mean_244,-0.21116490315358644
embedding_mean_245,0.11256428593610372
embedding_mean_246,0.22472238989926924
embedding_mean_247,-0.23376322428216728
embedding_mean_248,0.20492049431503426
embedding_mean_249,0.2995980419764976
embedding_mean_250,0.33193604633367857
embedding_mean_251,-0.3011304235777012
embedding_mean_252,0.24731820321379142
embedding_mean_253,-0.3843363161075719
embedding_mean_254,-0.13876733961407217
embedding_mean_255,0.26718495391500735
embedding_mean_256,-0.35963819480951853
embedding_mean_257,0.2151980694758711
embedding_mean_258,-0.0022421069638886805
embedding_mean_259,-0.2948606817773077
embedding_mean_260,0.15879196917444738
embedding_mean_261,-0.10176473895631682
embedding_mean_262,-0.3312434903299451
embedding_mean_263,0.055295283218390376
embedding_mean_264,0.3222472605431939
embedding_mean_265,0.33739287570098214
embedding_mean_266,-0.0016834315614858138
embedding_mean_267,0.17072561770374578
embedding_mean_268,-0.3339751586459629
embedding_mean_269,0.013880710416016165
embedding_mean_270,0.2601115991035442
embedding_mean_271,-0.3341139647556986
embedding_mean_272,0.20489058389333126
embedding_mean_273,-0.05629161252987361
embedding_mean_274,-0.09337613200596788
embedding_mean_275,-0.16744542708227064
embedding_mean_276,-0.06990476839705118
embedding_mean_277,0.03679789919825604
embedding_mean_278,-0.0442141773546134
embedding_mean_279,-0.05985965858747792
embedding_mean_280,0.021536134464124213
embedding_mean_281,-0.33232498902719887
embedding_mean_282,0.15161711781407616
embedding_mean_283,0.20016582957732454
embedding_mean_284,0.2714196807424428
embedding_mean_285,0.19912041294826743
embedding_mean_286,0.0774128296241342
embedding_mean_287,0.3858946009108644
embedding_mean_288,-0.07691880113110142
embedding_mean_289,0.058283077928832104
embedding_mean_290,-0.04169609897152949
embedding_mean_291,0.08180696579204735
embedding_mean_292,0.11067212943769841
embedding_mean_293,-0.11329114181303687
embedding_mean_294,0.29290311071284414
embedding_mean_295,0.16014297242465603
embedding_mean_296,-0.2625954211194964
embedding_mean_297,0.21954939722672773
embedding_mean_298,0.06251139538018838
embedding_mean_299,0.13067421344680946
embedding_mean_300,0.2595516573638069
embedding_mean_301,0.047198698276085194
embedding_mean_302,0.2049545875344112
embedding_mean_303,-0.01859226219419379
embedding_mean_304,0.33588764033237967
embedding_mean_305,-0.08441061128802387
embedding_mean_306,-0.0934732266730742
embedding_mean_307,-0.034012657818797025
embedding_mean_308,-0.17669143763532216
embedding_mean_309,-0.24379329342254133
embedding_mean_310,-0.015146393605646527
embedding_mean_311,0.37305445619733096
embedding_mean_312,-0.06545900451059651
embedding_mean_313,-0.12149405554272495
embedding_mean_314,-0.18215978834168686
embedding_mean_315,-0.36029173857846775
embedding_mean_316,0.21889213085923928
embedding_mean_317,0.340910833844092
embedding_mean_318,-0.30412152168437134
embedding_mean_319,-0.22819252865856976
embedding_mean_320,0.017335284879514166
embedding_mean_321,0.2939322094588507
embedding_mean_322,0.01128312469378727
embedding_mean_323,-0.31754593424476835
embedding_mean_324,0.3495266170508747
embedding_mean_325,-0.1469302013468648
embedding_mean_326,0.3003732066805043
embedding_mean_327,-0.17675668430691444
embedding_mean_328,-0.03048653526967385
embedding_mean_329,0.023090520812972356
embedding_mean_330,-0.259957638898075
embedding_mean_331,-0.01510677977700667
embedding_mean_332,0.1835323939084117
embedding_mean_333,-0.2232828828765826
embedding_mean_334,-0.22407966077362254
embedding_mean_335,-0.2146267586683104
embedding_mean_336,9.92552095155815e-4
embedding_mean_337,0.2079562094481564
embedding_mean_338,0.09035431084639729
embedding_mean_339,-0.2659096962828557
embedding_mean_340,-0.2654522222096143
embedding_mean_341,0.3403356199207226
embedding_mean_342,0.021184367705651446
embedding_mean_343,-0.10445608336251459
embedding_mean_344,-0.3346006360618866
embedding_mean_345,-0.15366778098739625
embedding_mean_346,0.040688841825412804
embedding_mean_347,0.2404056048771237
embedding_mean_348,-0.10609474562631066
embedding_mean_349,-0.21721396974712578
embedding_mean_350,-0.11210412700340672
embedding_mean_351,0.10653282376219528
embedding_mean_352,0.01952704289250087
embedding_mean_353,-0.3747129792701043
embedding_mean_354,-0.3186660041788198
embedding_mean_355,-0.27851029503256963
embedding_mean_356,-0.17148436883507326
embedding_mean_357,0.2901610289087093
embedding_mean_358,0.0308127919344573
embedding_mean_359,-0.07512420379710967
embedding_mean_360,-0.2829907466805982
embedding_mean_361,0.14685662481705175
embedding_mean_362,-0.020241577229480535
embedding_mean_363,0.011146748708703124
embedding_mean_364,-0.245780899211759
embedding_mean_365,0.2832492183426288
embedding_mean_366,0.38744281250564255
embedding_mean_367,0.2380621738348105
embedding_mean_368,0.28626719853791627
embedding_mean_369,0.37577400651964166
embedding_mean_370,-0.36109159891333303
embedding_mean_371,0.0333736227982247
embedding_mean_372,-0.2864496987239486
embedding_mean_373,-0.1934499501419621
embedding_mean_374,0.30418099914059826
embedding_mean_375,0.1686170113083294
embedding_mean_376,-0.1291213094118473
embedding_mean_377,-0.22413327112583123
embedding_mean_378,-0.16245367136600328
embedding_mean_379,-0.25892802895577033
embedding_mean_380,0.12754896593346038
embedding_mean_381,-0.06837297723534094
embedding_mean_382,-0.3526262488129409
embedding_mean_383,-0.29612997907815264
embedding_mean_384,-0.14140442418461854
embedding_mean_385,-0.05503113453051364
embedding_mean_386,0.25257873164879946
embedding_mean_387,-0.09884175892172242
embedding_mean_388,-0.1769657590679825
embedding_mean_389,-0.13399353065268443
embedding_mean_390,-0.034797091619725974
embedding_mean_391,-0.15882851116393365
embedding_mean_392,-0.06215203370528528
embedding_mean_393,0.07367555201113882
embedding_mean_394,-0.2957930137055054
embedding_mean_395,-0.028715926870781963
embedding_mean_396,0.1224404849907207
embedding_mean_397,-0.2651713159592851
embedding_mean_398,0.19890079431734875
embedding_mean_399,0.35495043929671133
embedding_mean_400,0.2749664725320744
embedding_mean_401,0.038733337299176065
embedding_mean_402,0.37019682227676987
embedding_mean_403,-0.2637565188293955
embedding_mean_404,0.08479910027540716
embedding_mean_405,-0.22346973211561996
embedding_mean_406,-0.2884214558741341
embedding_mean_407,0.03244748116197832
embedding_mean_408,0.17661094053313176
embedding_mean_409,0.31956172885842943
embedding_mean_410,-0.1417063562960638
embedding_mean_411,-0.16237750311757204
embedding_mean_412,-0.011280792457788506
embedding_mean_413,-0.0787224430658585
embedding_mean_414,0.12581665219707713
embedding_mean_415,-0.008345960127259015
embedding_mean_416,0.1988583581859049
embedding_mean_417,-2.887497728619917e-4
embedding_mean_418,0.189953999854073
embedding_mean_419,0.3190635346593922
embedding_mean_420,0.0283797850058492
embedding_mean_421,-0.012987131517828446
embedding_mean_422,0.05455394133198223
embedding_mean_423,0.395328121062913
embedding_mean_424,0.19286884270017604
embedding_mean_425,0.380001118231401
embedding_mean_426,0.1090822063149441
embedding_mean_427,-0.003393033576620622
embedding_mean_428,0.17740419457547757
embedding_mean_429,-0.16519529324884857
embedding_mean_430,-0.07567111857707774
embedding_mean_431,0.08263697144847001
embedding_mean_432,0.2802618710805296
embedding_mean_433,0.1709755638168251
embedding_mean_434,0.2825743832926367
embedding_mean_435,0.1129065108816062
embedding_mean_436,-0.14846095003122106
embedding_mean_437,0.28149572336631545
embedding_mean_438,-0.026970626573121142
embedding_mean_439,-0.021592693906223426
embedding_mean_440,0.09779102056828437
embedding_mean_441,-0.08153723127844774
embedding_mean_442,0.30812509145015743
embedding_mean_443,-0.24916693608038334
embedding_mean_444,-0.36138301498664394
embedding_mean_445,-0.32822907763222803
embedding_mean_446,0.2805121863499503
embedding_mean_447,0.009498387699334598
embedding_mean_448,0.12182823497323636
embedding_mean_449,0.3506994272157762
embedding_mean_450,-0.2691971313098775
embedding_mean_451,0.3018745560249676
embedding_mean_452,0.06325872707723591
embedding_mean_453,0.2191114496090469
embedding_mean_454,-0.33526291494991595
embedding_mean_455,0.31160882430189846
embedding_mean_456,0.33872271791050645
embedding_mean_457,-0.3606873389763245
embedding_mean_458,0.23993238160729108
embedding_mean_459,0.19488473831006628
embedding_mean_460,0.3510303592290741
embedding_mean_461,-7.009060612000912e-4
embedding_mean_462,-0.005009863563255727
embedding_mean_463,-0.32641243204452375
embedding_mean_464,-0.03301392239750698
embedding_mean_465,-0.3530325224593794
embedding_mean_466,0.15418654578762447
embedding_mean_467,-0.32556008446843016
embedding_mean_468,-0.1963792090344319
embedding_mean_469,0.3193497051439411
embedding_mean_470,-0.12575978597880202
embedding_mean_471,0.27929260871581046
embedding_mean_472,-0.35325734472678033
embedding_mean_473,-0.07865970420832487
embedding_mean_474,0.01931930452570379
embedding_mean_475,-0.09928997241764696
embedding_mean_476,-0.014674461533758558
embedding_mean_477,-0.09898594579978841
embedding_mean_478,0.041890387748183155
embedding_mean_479,-0.003020467810100274
embedding_mean_480,0.3352955724690512
embedding_mean_481,0.10274391915073623
embedding_mean_482,-0.2783734808792299
embedding_mean_483,0.1112771744542289
embedding_mean_484,-0.32756501188783715
embedding_mean_485,0.3257858198375989
embedding_mean_486,0.16662143147837508
embedding_mean_487,-0.15861629167213961
embedding_mean_488,0.3426148888355655
embedding_mean_489,-0.33601339617552406
embedding_mean_490,0.2649931943482325
embedding_mean_491,0.2417381102795207
embedding_mean_492,0.29743312565363655
embedding_mean_493,-0.3695822151626765
embedding_mean_494,0.10807572450910949
embedding_mean_495,0.09514631622069743
embedding_mean_496,-0.06994547609254188
embedding_mean_497,0.3081251458327423
embedding_mean_498,0.025375485915138076
embedding_mean_499,-0.24073111572359976
embedding_mean_500,-0.3118406976598806
embedding_mean_501,0.3597007580889923
embedding_mean_502,0.04806590783574195
embedding_mean_503,0.18318489088586243
embedding_mean_504,-0.34386517398472444
embedding_mean_505,0.397476327948112
embedding_mean_506,-0.02264261496709961
embedding_mean_507,-0.251609509682572
embedding_mean_508,-0.347236794806982
embedding_mean_509,-0.2082568627919621
embedding_mean_510,0.10989244001728
embedding_mean_511,-0.0057516031767859
embedding_mean_512,0.32772703883716975
embedding_mean_513,-0.08338980200174646
embedding_mean_514,-0.3781262490944992
embedding_mean_515,-0.2873647882651522
embedding_mean_516,-0.045709737284465465
embedding_mean_517,-0.14252487324297625
embedding_mean_518,-0.2176151547374044
embedding_mean_519,0.17075098704795036
embedding_mean_520,0.07218596867055267
embedding_mean_521,-0.37557344043890073
embedding_mean_522,-0.26818744714668546
embedding_mean_523,0.17041284856525715
embedding_mean_524,0.35762392912338764
embedding_mean_525,-0.35115368805514324
embedding_mean_526,0.16569632932639464
embedding_mean_527,0.16618440059569708
embedding_mean_528,-0.013478981599888385
embedding_mean_529,-0.18960180735764975
embedding_mean_530,-0.24166740670397932
embedding_mean_531,-0.07497636862448998
embedding_mean_532,0.2015610738372552
embedding_mean_533,-0.21464468006072193
embedding_mean_534,0.36854274798840897
embedding_mean_535,0.08939808476417622
embedding_mean_536,0.14645669373380243
embedding_mean_537,0.09739414275383815
embedding_mean_538,-0.3378664237125361
embedding_mean_539,0.33262488256860395
embedding_mean_540,0.024198763311698984
embedding_mean_541,0.0054868951678205356
embedding_mean_542,-0.10818413075387802
embedding_mean_543,0.11143889738524763
embedding_mean_544,0.1929103195207963
embedding_mean_545,0.09296188431879278
embedding_mean_546,-0.002821157190176797
embedding_mean_547,0.18446566277085816
embedding_mean_548,-0.2184190538139295
embedding_mean_549,-0.3696434825828411
embedding_mean_550,0.3659381842036415
embedding_mean_551,-0.34773682247602494
embedding_mean_552,0.40352781068220966
embedding_mean_553,0.31848430108610354
embedding_mean_554,0.0663658698511729
embedding_mean_555,-0.3369803172413839
embedding_mean_556,-0.3562457361345098
embedding_mean_557,0.076271054105473
embedding_mean_558,-0.3593718724146753
embedding_mean_559,-0.36547807490571393
embedding_mean_560,-0.00739062591943054
embedding_mean_561,-0.1664052731336451
embedding_mean_562,0.08323684554341597
embedding_mean_563,0.16862053063846744
embedding_mean_564,0.29180546815681146
embedding_mean_565,0.3628541462593525
embedding_mean_566,-0.21837522594341516
embedding_mean_567,0.28691388671574475
embedding_mean_568,0.20081773537572853
embedding_mean_569,0.018609588485747546
embedding_mean_570,-0.24540741360265952
embedding_mean_571,0.28913412100398084
embedding_mean_572,0.16998374355588342
embedding_mean_573,-0.32762504560021827
embedding_mean_574,0.0330293655487769
embedding_mean_575,0.2859059692096684
embedding_mean_576,0.3345745060067292
embedding_mean_577,0.24461602424289056
embedding_mean_578,0.10820508047937524
embedding_mean_579,0.10306019428050567
embedding_mean_580,-0.3076219966033253
embedding_mean_581,-0.14776498645560737
embedding_mean_582,-0.051710940988127486
embedding_mean_583,0.2457291145606153
embedding_mean_584,-0.2757748587803113
embedding_mean_585,0.03353471178368213
embedding_mean_586,0.3018294107105478
embedding_mean_587,0.10765639593471524
embedding_mean_588,0.09162667461879688
embedding_mean_589,-0.1896341121668771
embedding_mean_590,-0.12064787495176056
embedding_mean_591,-0.3404781970742751
embedding_mean_592,-0.07686534149634232
embedding_mean_593,-0.31735820580637986
embedding_mean_594,0.24720664433288597
embedding_mean_595,0.2989301212837303
embedding_mean_596,-0.36833869520708096
embedding_mean_597,-0.4028563271532365
embedding_mean_598,0.21273737870396528
embedding_mean_599,-0.061461337585955844
embedding_mean_600,-0.2944143899945043
embedding_mean_601,0.025135973377147642
embedding_mean_602,0.28760222285267834
embedding_mean_603,-0.35796667924928155
embedding_mean_604,0.054343082958599194
embedding_mean_605,-0.37693112963947756
embedding_mean_606,-0.3663233589609213
embedding_mean_607,-0.25599017916867217
embedding_mean_608,0.10377017135686949
embedding_mean_609,0.3840639681223202
embedding_mean_610,-0.09642691266889948
embedding_mean_611,0.06867695257819084
embedding_mean_612,0.36081134214644656
embedding_mean_613,0.2034317135628388
embedding_mean_614,0.31205369870710925
embedding_mean_615,0.3750966139343705
embedding_mean_616,-0.28261847980006166
embedding_mean_617,0.37196105703670973
embedding_mean_618,0.2606650118255155
embedding_mean_619,-0.3189355211620798
embedding_mean_620,0.14153316019341625
embedding_mean_621,0.24902815483125781
embedding_mean_622,-0.3241333371539526
embedding_mean_623,-0.0881458138737739
embedding_mean_624,0.3525656728284987
embedding_mean_625,-0.24534239689171203
embedding_mean_626,0.12477307525317825
embedding_mean_627,-0.07165278627016958
embedding_mean_628,0.09911512005327609
embedding_mean_629,-0.2601536694712341
embedding_mean_630,-0.11198783675116265
embedding_mean_631,0.3726359216086765
embedding_mean_632,-0.35090198836048947
embedding_mean_633,0.13727151719988367
embedding_mean_634,0.30786755417346007
embedding_mean_635,-0.008836484834849589
embedding_mean_636,0.03580057306066146
embedding_mean_637,-0.33879169005043047
embedding_mean_638,0.17504285754182586
embedding_mean_639,0.19469728620123042
embedding_mean_640,0.19314553973843285
embedding_mean_641,-0.34595230301191193
embedding_mean_642,-0.08565361072459232
embedding_mean_643,0.34247173522661295
embedding_mean_644,0.32701407901173796
embedding_mean_645,0.0945496304990156
embedding_mean_646,-0.19355888778227465
embedding_mean_647,0.021109095992977226
embedding_mean_648,-0.06436980990068321
embedding_mean_649,-0.10131855781527993
embedding_mean_650,0.24871028085349192
embedding_mean_651,-0.14721287580809775
embedding_mean_652,-0.07786276627110648
embedding_mean_653,-0.2868947595837362
embedding_mean_654,-0.03476406896037775
embedding_mean_655,0.020470992494624533
embedding_mean_656,-0.1871963615230763
embedding_mean_657,0.2345983574394533
embedding_mean_658,-0.20859534932319873
embedding_mean_659,-0.003313804365552768
embedding_mean_660,0.39266005706442303
embedding_mean_661,0.22884218612553456
embedding_mean_662,-0.3098460516565987
embedding_mean_663,-0.0625744449953501
embedding_mean_664,0.09656690742656264
embedding_mean_665,0.11638869935769082
embedding_mean_666,0.17900896547554657
embedding_mean_667,0.009527765171705407
embedding_mean_668,-0.18449802351645855
embedding_mean_669,-0.10595380305788182
embedding_mean_670,0.3276634220892877
embedding_mean_671,0.1476747641934461
embedding_mean_672,-0.28555733488808666
embedding_mean_673,-0.2581832625629426
embedding_mean_674,-0.24523731886114025
embedding_mean_675,0.25098234640651595
embedding_mean_676,-0.3363893693994364
embedding_mean_677,0.31583060030518356
embedding_mean_678,0.24297757174049345
embedding_mean_679,-0.33440865621440957
embedding_mean_680,-0.1310851671031269
embedding_mean_681,-0.01993079629457561
embedding_mean_682,0.043652027681928565
embedding_mean_683,-0.26413073782649726
embedding_mean_684,-0.24362515800786708
embedding_mean_685,-0.002509705018795216
embedding_mean_686,-0.3255700022981304
embedding_mean_687,0.1617860023869148
embedding_mean_688,-0.28723422655528946
embedding_mean_689,0.21504161249869333
embedding_mean_690,-0.30640568347806846
embedding_mean_691,-0.31950564642928936
embedding_mean_692,0.32388914691738135
embedding_mean_693,-0.09157924283446903
embedding_mean_694,-0.3002539177036003
embedding_mean_695,0.11491837751884831
embedding_mean_696,-0.027586430104082616
embedding_mean_697,-0.028351086538895755
embedding_mean_698,-0.03803254466451022
embedding_mean_699,0.23095052902220314
embedding_mean_700,0.38350326036502963
embedding_mean_701,0.24813812323139467
embedding_mean_702,0.36772649024945264
embedding_mean_703,0.36849847124155977
embedding_mean_704,0.20463593977015138
embedding_mean_705,-0.256570377644396
embedding_mean_706,0.04911347335379727
embedding_mean_707,-0.13403786343927235
embedding_mean_708,0.31291843929741087
embedding_mean_709,-0.36151212235080726
embedding_mean_710,-0.09316156318650552
embedding_mean_711,-0.11745364856770592
embedding_mean_712,-0.3091370933267573
embedding_mean_713,-0.3579118600498996
embedding_mean_714,0.3516008030228525
embedding_mean_715,-0.34855003634401416
embedding_mean_716,0.07137078770677768
embedding_mean_717,0.1252181050372031
embedding_mean_718,-0.21033448885088282
embedding_mean_719,0.30081878495174275
embedding_mean_720,-0.1993360756345806
embedding_mean_721,-0.33154234749466044
embedding_mean_722,-0.3400003994521571
embedding_mean_723,-0.28269268527318425
embedding_mean_724,0.23292412585754688
embedding_mean_725,-0.3827158549180527
embedding_mean_726,0.1292817784358367
embedding_mean_727,-0.10394659623127281
embedding_mean_728,-0.07666588326654551
embedding_mean_729,-0.22028276192218105
embedding_mean_730,0.24043035982977676
embedding_mean_731,-0.2965526327591674
embedding_mean_732,0.22918985805210704
embedding_mean_733,0.2604921093888265
embedding_mean_734,-0.13074388996839006
embedding_mean_735,0.2598685990686886
embedding_mean_736,0.3621906647393024
embedding_mean_737,-0.3573030641034514
embedding_mean_738,0.3140229185212614
embedding_mean_739,0.13058670565252947
embedding_mean_740,0.37466755087727655
embedding_mean_741,-0.1812322001286818
embedding_mean_742,0.3221808562994371
embedding_mean_743,0.12675339066844113
embedding_mean_744,0.14040087126942857
embedding_mean_745,-0.13566502135231115
embedding_mean_746,-0.060137475906983956
embedding_mean_747,-0.27700188527479636
embedding_mean_748,-0.3983931608396092
embedding_mean_749,0.03292332259021697
embedding_mean_750,-0.32027268482132176
embedding_mean_751,0.31960618895227927
embedding_mean_752,-0.13312720519847956
embedding_mean_753,-0.3470508421037017
embedding_mean_754,0.19538005333967934
embedding_mean_755,0.37542848909706966
embedding_mean_756,0.14653231971017266
embedding_mean_757,0.16041053474243533
embedding_mean_758,-0.06438985376769454
embedding_mean_759,0.18867601843131127
embedding_mean_760,0.3069758646816511
embedding_mean_761,0.33363576936381667
embedding_mean_762,-0.1396741909705553
embedding_mean_763,-0.02948525554653333
embedding_mean_764,-0.2759983510050641
embedding_mean_765,0.1149278152280132
embedding_mean_766,0.09246133457693465
embedding_mean_767,0.00246641958877956
embedding_mean_768,-0.2758944724989367
embedding_mean_769,-0.2941903418364058
embedding_mean_770,-0.3155050164306649
embedding_mean_771,-0.30123487543165234
embedding_mean_772,0.3532107909436712
embedding_mean_773,0.15103108952524943
embedding_mean_774,0.011832261390796133
embedding_mean_775,-0.12297287962051662
embedding_mean_776,-0.1750934317920082
embedding_mean_777,-0.069055735051061
embedding_mean_778,-0.28762192932587377
embedding_mean_779,-0.048592885960080365
embedding_mean_780,-0.10653561591948361
embedding_mean_781,0.3507990592189158
embedding_mean_782,-0.31277123340898805
embedding_mean_783,0.35052369999224786
embedding_mean_784,0.047651172259090754
embedding_mean_785,-0.22926425247463222
embedding_mean_786,0.3048767528403247
embedding_mean_787,0.18001888517646655
embedding_mean_788,-0.38248601857632264
embedding_mean_789,0.2674970291554332
embedding_mean_790,-0.28683802922494156
embedding_mean_791,0.2107049026208287
embedding_mean_792,0.1629025017158196
embedding_mean_793,-0.32367200968612286
embedding_mean_794,0.26727929682331697
embedding_mean_795,0.04447742872149667
embedding_mean_796,-0.32106769450745787
embedding_mean_797,-0.20562016045329826
embedding_mean_798,0.11683286514575442
embedding_mean_799,0.28331127819474505
embedding_mean_800,-0.36763268029047524
embedding_mean_801,0.24455514526976102
embedding_mean_802,0.03404752327090666
embedding_mean_803,0.176281249996558
embedding_mean_804,0.3397750628808817
embedding_mean_805,0.3643684277825084
embedding_mean_806,0.07277750358454903
embedding_mean_807,-0.14540203206530986
embedding_mean_808,0.34941586613980224
embedding_mean_809,0.36693721248776656
embedding_mean_810,-0.03164215898395426
embedding_mean_811,0.023272624783028887
embedding_mean_812,-0.08262297647868931
embedding_mean_813,-0.08445665469198875
embedding_mean_814,-0.3303107513092545
embedding_mean_815,-0.3815833298182677
embedding_mean_816,-0.28809007170848727
embedding_mean_817,0.29571212971006805
embedding_mean_818,-0.17992736303170112
embedding_mean_819,0.17212327098053012
embedding_mean_820,0.35573909554314137
embedding_mean_821,-0.2836658109148616
embedding_mean_822,-0.16962720511403145
embedding_mean_823,-0.353501474365614
embedding_mean_824,-0.1989989517755431
embedding_mean_825,-0.3695155856196392
embedding_mean_826,-0.0032087076895232994
embedding_mean_827,-0.4066350358069181
embedding_mean_828,0.02094442241827986
embedding_mean_829,0.1442006430751417
embedding_mean_830,0.3485755697445256
embedding_mean_831,0.012219395474921005
embedding_mean_832,0.30403193336777135
embedding_mean_833,0.13091866005842384
embedding_mean_834,0.30926074432546913
embedding_mean_835,-0.049129790497841115
embedding_mean_836,0.22801950658019393
embedding_mean_837,0.30188882601524913
embedding_mean_838,0.2936415702796099
embedding_mean_839,0.3341704434008146
embedding_mean_840,0.17851090645607753
embedding_mean_841,0.12301968593445844
embedding_mean_842,-0.2149895977210718
embedding_mean_843,0.09282938814269524
embedding_mean_844,0.2546875158212999
embedding_mean_845,-0.07499407248656186
embedding_mean_846,-0.27366288157318236
embedding_mean_847,-0.09231060314322123
embedding_mean_848,0.1995324791168934
embedding_mean_849,-0.14083354843773713
embedding_mean_850,-0.3470377856219578
embedding_mean_851,-0.3229359724750681
embedding_mean_852,-0.1343210676388956
embedding_mean_853,0.34099506625297205
embedding_mean_854,-0.36910080498313197
embedding_mean_855,0.3322265549947156
embedding_mean_856,0.2593836586824891
embedding_mean_857,0.06734348698665615
embedding_mean_858,0.009347089132949916
embedding_mean_859,0.1346944056381217
embedding_mean_860,0.3588348676954668
embedding_mean_861,0.07437940632851917
embedding_mean_862,-0.08874259282274416
embedding_mean_863,0.2699559206406724
embedding_mean_864,0.1679757784806619
embedding_mean_865,0.08186118212163082
embedding_mean_866,0.18198559159947691
embedding_mean_867,-0.10159450282007679
embedding_mean_868,0.003300179197349477
embedding_mean_869,-0.2870932171739706
embedding_mean_870,-0.13761764049397116
embedding_mean_871,-0.2392553028872242
embedding_mean_872,0.309928074578743
embedding_mean_873,-0.044875197674249065
embedding_mean_874,-0.40446568497270435
embedding_mean_875,0.009069793886259057
embedding_mean_876,-0.365778123825933
embedding_mean_877,0.1964399885651205
embedding_mean_878,-0.14950372976731566
embedding_mean_879,-0.20174500040080043
embedding_mean_880,-0.2979194675567387
embedding_mean_881,0.09145383666418241
embedding_mean_882,0.3391652305577438
embedding_mean_883,-0.3355090085769592
embedding_mean_884,0.23042794967209027
embedding_mean_885,-0.3487583156980351
embedding_mean_886,0.32988385734040454
embedding_mean_887,-0.23690027126265467
embedding_mean_888,0.10939766259836353
embedding_mean_889,0.2468502099948394
embedding_mean_890,-0.026675503161307172
embedding_mean_891,0.024278121487182492
embedding_mean_892,0.2903193630277938
embedding_mean_893,0.3260212285892592
embedding_mean_894,-0.051178010301423146
embedding_mean_895,0.3461870524317419
embedding_mean_896,-0.30293228487124935
embedding_mean_897,-0.11745250653342271
embedding_mean_898,-0.18563765253562156
embedding_mean_899,-0.17395524624202766
embedding_mean_900,-0.04126569965663479
embedding_mean_901,-0.20609419946190463
embedding_mean_902,0.35869499751746875
embedding_mean_903,-0.26331351984647017
embedding_mean_904,-0.3576469422795353
embedding_mean_905,0.3122276872417084
embedding_mean_906,0.3424002034819927
embedding_mean_907,0.1689747306291681
embedding_mean_908,-0.2647479723963361
embedding_mean_909,-0.23387995417000398
embedding_mean_910,0.1582214290458043
embedding_mean_911,0.21042662227245681
embedding_mean_912,0.3863554156286077
embedding_mean_913,0.008421354589196328
embedding_mean_914,0.2471750107601353
embedding_mean_915,0.1493650697136651
embedding_mean_916,0.34012057408830115
embedding_mean_917,0.09816985742373943
embedding_mean_918,-0.29055057913339255
embedding_mean_919,-0.0702301129881962
embedding_mean_920,-0.3401017546063444
embedding_mean_921,-0.2672584884925406
embedding_mean_922,0.2570066456170971
embedding_mean_923,0.07959743865788686
embedding_mean_924,-0.25618874863165264
embedding_mean_925,0.12738329948814128
embedding_mean_926,-0.38137551686963983
embedding_mean_927,-0.29664819072980286
embedding_mean_928,-0.31938886060507954
embedding_mean_929,0.136681207658189
embedding_mean_930,-0.23305378947786445
embedding_mean_931,-0.24475998582167618
embedding_mean_932,0.33020156661662764
embedding_mean_933,0.34778048858413496
embedding_mean_934,-0.340103785407444
embedding_mean_935,-0.016322361068049383
embedding_mean_936,-0.09199052123250778
embedding_mean_937,0.25308404375130794
embedding_mean_938,-0.046224214441966796
embedding_mean_939,-0.03020811663415747
embedding_mean_940,0.31689175525431496
embedding_mean_941,-0.33941935260810857
embedding_mean_942,0.12715294573496047
embedding_mean_943,0.08074067246553561
embedding_mean_944,-0.3048099244124055
embedding_mean_945,0.024640502172442427
embedding_mean_946,0.34724099935768993
embedding_mean_947,0.18293459567442136
embedding_mean_948,0.31179571860079186
embedding_mean_949,0.1811016865862514
embedding_mean_950,-0.11947608873324356
embedding_mean_951,-0.00774665471877246
embedding_mean_952,0.03250274629855657
embedding_mean_953,-0.03589035560077901
embedding_mean_954,0.0674690361240448
embedding_mean_955,-0.3462561462827699
embedding_mean_956,-0.12549519984522384
embedding_mean_957,0.009091623055843734
embedding_mean_958,0.25212081940730247
embedding_mean_959,-0.021386734626847117
embedding_mean_960,-0.410128880711877
embedding_mean_961,0.15091834665778098
embedding_mean_962,-0.01755099107189529
embedding_mean_963,-0.27599685004572044
embedding_mean_964,0.3978369885899005
embedding_mean_965,0.03985180217007847
embedding_mean_966,0.24505687278302957
embedding_mean_967,0.011245240231347693
embedding_mean_968,0.15724049462457437
embedding_mean_969,-0.3584481515803517
embedding_mean_970,-0.1928242116896308
embedding_mean_971,-0.2525280532948117
embedding_mean_972,-0.25575621907321744
embedding_mean_973,0.18965905357410703
embedding_mean_974,0.2519642472839692
embedding_mean_975,0.23098132976451058
embedding_mean_976,-0.2966483243555829
embedding_mean_977,-0.12842563340152782
embedding_mean_978,0.15203029649501063
embedding_mean_979,-0.2534724721409538
embedding_mean_980,0.39669989069161826
embedding_mean_981,0.06291186873549871
embedding_mean_982,0.02654019152109921
embedding_mean_983,0.05657200913769274
embedding_mean_984,-0.1900425890848987
embedding_mean_985,-0.015707840966091895
embedding_mean_986,-0.289500532215677
embedding_mean_987,-0.02511560397213684
embedding_mean_988,0.04033537677650256
embedding_mean_989,0.013415333776292601
embedding_mean_990,-0.1682153477513035
embedding_mean_991,0.1552537356498932
embedding_mean_992,0.10870720110104332
embedding_mean_993,-0.042539038360432976
embedding_mean_994,0.2818539041622318
embedding_mean_995,-0.021959468704344454
embedding_mean_996,-0.05554107226031614
embedding_mean_997,0.33943730973764735
embedding_mean_998,-0.07417995281729192
embedding_mean_999,-0.3330426977533495
embedding_mean_1000,-0.36030899156413365
embedding_mean_1001,0.3823273799147626
embedding_mean_1002,-0.17956940301217875
embedding_mean_1003,0.05492589801355153
embedding_mean_1004,0.33047877485118266
embedding_mean_1005,-0.2563659006789057
embedding_mean_1006,-0.35545060991426325
embedding_mean_1007,-2.5396667155068203e-4
embedding_mean_1008,-0.04659893450009722
embedding_mean_1009,0.19144873627621065
embedding_mean_1010,0.359476617934585
embedding_mean_1011,0.03798977043079276
embedding_mean_1012,0.2077709854715139
embedding_mean_1013,0.3030928269232813
embedding_mean_1014,0.271001132169695
embedding_mean_1015,-0.267929819750276
embedding_mean_1016,0.11593971820066974
embedding_mean_1017,-0.3924876394096338
embedding_mean_1018,0.28853797600057185
embedding_mean_1019,-0.2912844286107457
embedding_mean_1020,0.09802147687148245
embedding_mean_1021,-0.32738459377791296
embedding_mean_1022,-0.02339021546949542
embedding_mean_1023,-0.1394358134554174
embedding_std_0,0.24507120026347232
embedding_std_1,-0.2779504599416663
embedding_std_2,0.3288450857399246
embedding_std_3,0.3963023104898254
embedding_std_4,0.15007949850878763
embedding_std_5,0.348824598477366
embedding_std_6,0.13674982184936335
embedding_std_7,0.38955226169946705
embedding_std_8,-0.0771531760879896
embedding_std_9,0.13858558990771166
embedding_std_10,0.07327496128800771
embedding_std_11,0.37677752991285696
embedding_std_12,0.04465658123668094
embedding_std_13,0.013792017081385046
embedding_std_14,0.3448009998714552
embedding_std_15,0.390507855389915
embedding_std_16,0.27013632632029155
embedding_std_17,0.2803561471759492
embedding_std_18,-0.28956681526395894
embedding_std_19,-0.027220921643296026
embedding_std_20,0.2732485905906597
embedding_std_21,0.016832345411496093
embedding_std_22,0.0864289603293878
embedding_std_23,0.18548881672343942
embedding_std_24,0.23010068926016808
embedding_std_25,0.21701445652520446
embedding_std_26,0.2830024954313887
embedding_std_27,0.1668572763188441
embedding_std_28,0.04743047219162634
embedding_std_29,-0.04974193870431497
embedding_std_30,0.04455516237717984
embedding_std_31,-0.1324971487689061
embedding_std_32,0.3450077800619644
embedding_std_33,0.21458482969534132
embedding_std_34,-0.17427150596830815
embedding_std_35,0.1793906963997534
embedding_std_36,0.03241094383385648
embedding_std_37,0.21789478843524657
embedding_std_38,0.2572443068359022
embedding_std_39,0.400436483917754
embedding_std_40,0.409055026652274
embedding_std_41,0.3649876760617771
embedding_std_42,0.3659916778093273
embedding_std_43,-0.3735840757615081
embedding_std_44,0.2532500442610772
embedding_std_45,0.19370903499164727
embedding_std_46,0.006247019202628089
embedding_std_47,-0.20369115112243188
embedding_std_48,0.3844378546087599
embedding_std_49,0.3350022392795178
embedding_std_50,0.37641892027141377
embedding_std_51,0.3515620437776899
embedding_std_52,0.19201853772667135
embedding_std_53,-0.31884520878020634
embedding_std_54,0.26477660871176384
embedding_std_55,0.19782261295777467
embedding_std_56,-0.30271390771705486
embedding_std_57,0.3042679786469105
embedding_std_58,0.08759220537449693
embedding_std_59,0.33160662460245316
embedding_std_60,0.30679201114614846
embedding_std_61,0.36062909833545737
embedding_std_62,0.24067855573217395
embedding_std_63,0.4056919578799412
embedding_std_64,0.10459670429679833
embedding_std_65,0.1577522783763411
embedding_std_66,0.368385083552013
embedding_std_67,0.28200434037619854
embedding_std_68,-0.10769515984124228
embedding_std_69,0.3980944512847671
embedding_std_70,0.022404179961800507
embedding_std_71,-0.3330253481549736
embedding_std_72,0.36905781632665113
embedding_std_73,0.013501284674855889
embedding_std_74,0.35877707609937226
embedding_std_75,-0.120770975370973
embedding_std_76,0.2462464809515171
embedding_std_77,-0.24380374982784572
embedding_std_78,0.09067838133126718
embedding_std_79,-0.0011419876695601392
embedding_std_80,0.3872268577071589
embedding_std_81,0.23729846539375984
embedding_std_82,0.21255612870440826
embedding_std_83,0.12788611465310812
embedding_std_84,0.2988736535151314
embedding_std_85,0.09821326560301818
embedding_std_86,0.14529174107552698
embedding_std_87,-0.15079844859592592
embedding_std_88,-0.062401624909432546
embedding_std_89,-0.06831273842292522
embedding_std_90,0.36812512858096924
embedding_std_91,0.10033525542092402
embedding_std_92,0.18636177063785128
embedding_std_93,-0.08656215104878408
embedding_std_94,0.30886508305202964
embedding_std_95,-0.2688693156260384
embedding_std_96,0.021104931840760916
embedding_std_97,-0.28630328215990114
embedding_std_98,0.30431806190004046
embedding_std_99,0.33058077793502455
embedding_std_100,0.28925568783429867
embedding_std_101,-0.14461725418560245
embedding_std_102,0.27991581915483726
embedding_std_103,0.26124258926210825
embedding_std_104,0.30507263891118674
embedding_std_105,-0.05568200239843983
embedding_std_106,0.3510135891936747
embedding_std_107,-0.1928249963526417
embedding_std_108,0.3305299566325278
embedding_std_109,-0.029484987586292692
embedding_std_110,-0.2339936262027804
embedding_std_111,-0.22269305108612178
embedding_std_112,0.20153889195776262
embedding_std_113,0.33801370262900154
embedding_std_114,-0.10040504622336202
embedding_std_115,0.33888381621869273
embedding_std_116,-0.10706953481544525
embedding_std_117,0.27241474686680983
embedding_std_118,0.27213099371943045
embedding_std_119,0.1857241130766949
embedding_std_120,0.3797872377400849
embedding_std_121,0.2220809391840483
embedding_std_122,-0.15276095604531154
embedding_std_123,0.09523732469965775
embedding_std_124,0.3609314592924294
embedding_std_125,-0.1450471748222258
embedding_std_126,0.41485087239257007
embedding_std_127,0.16272195619526789
embedding_std_128,0.36289108135723824
embedding_std_129,0.2933129984704973
embedding_std_130,0.40273292063776034
embedding_std_131,0.220911685033666
embedding_std_132,0.3481419209502109
embedding_std_133,-0.2533968679176175
embedding_std_134,-0.3335217803582596
embedding_std_135,0.2580221751312733
embedding_std_136,0.2910911803197321
embedding_std_137,0.024085628131299133
embedding_std_138,0.28278810995892695
embedding_std_139,0.33986922399597896
embedding_std_140,0.31312857850835946
embedding_std_141,0.17645483623610497
embedding_std_142,0.19196650665202897
embedding_std_143,0.11398571463377663
embedding_std_144,0.2709707783504418
embedding_std_145,0.2660639237398851
embedding_std_146,0.2238861721978612
embedding_std_147,-0.0014710240613267874
embedding_std_148,0.3424565283020827
embedding_std_149,0.057328585874175726
embedding_std_150,0.19805784715950453
embedding_std_151,0.3524386677396894
embedding_std_152,0.07038375466709662
embedding_std_153,0.15359168821613473
embedding_std_154,0.35556632051707987
embedding_std_155,0.05663894166941735
embedding_std_156,0.38553589804213284
embedding_std_157,0.3429594216854148
embedding_std_158,0.0647654758354871
embedding_std_159,-0.15649062415838588
embedding_std_160,-0.1340958476017307
embedding_std_161,0.3324403748882942
embedding_std_162,-0.16707177767736264
embedding_std_163,-0.048125500272291254
embedding_std_164,0.10116410039760579
embedding_std_165,0.26327001222475044
embedding_std_166,0.0663570055410042
embedding_std_167,-0.1163110418032671
embedding_std_168,0.054243794342638596
embedding_std_169,0.007762790808610661
embedding_std_170,0.28150795478655677
embedding_std_171,-0.18143782068224348
embedding_std_172,0.05090546269365195
embedding_std_173,0.3037608612768333
embedding_std_174,0.1725986711075475
embedding_std_175,0.3614724976456504
embedding_std_176,0.34678199169555396
embedding_std_177,0.06122853661645388
embedding_std_178,0.08975332734671909
embedding_std_179,0.20691323537405598
embedding_std_180,-0.2991977395378827
embedding_std_181,0.0850600543322253
embedding_std_182,0.1858714075310417
embedding_std_183,0.23065614210596774
embedding_std_184,-0.2780677606322983
embedding_std_185,0.3654562845808328
embedding_std_186,-0.014802959824386362
embedding_std_187,0.3319516587969135
embedding_std_188,0.12062539726167201
embedding_std_189,0.06546452356607126
embedding_std_190,0.3574493687947528
embedding_std_191,0.04363447453730631
embedding_std_192,0.37444513232012877
embedding_std_193,0.35725654990168
embedding_std_194,0.33531783514552704
embedding_std_195,0.24713880710074035
embedding_std_196,0.24641125396865546
embedding_std_197,-0.0241368495156679
embedding_std_198,0.2100701475359186
embedding_std_199,0.11688529470911455
embedding_std_200,-0.0722721542468591
embedding_std_201,-0.1193034380102333
embedding_std_202,0.35966210139384697
embedding_std_203,0.09737762124943394
embedding_std_204,0.1459750706852827
embedding_std_205,-0.0704414390518095
embedding_std_206,-0.12070717925369524
embedding_std_207,0.3574541637849541
embedding_std_208,0.32970089101793015
embedding_std_209,0.25779024272934187
embedding_std_210,-0.00771145209466324
embedding_std_211,0.20687091795405183
embedding_std_212,0.22521561042246901
embedding_std_213,0.11623175578923683
embedding_std_214,0.2600305451688325
embedding_std_215,-0.0299342272910704
embedding_std_216,0.35664238717099483
embedding_std_217,0.17087152060915484
embedding_std_218,0.3702313396803091
embedding_std_219,0.36613132473085935
embedding_std_220,-0.10260178956729131
embedding_std_221,-0.1359043343527146
embedding_std_222,0.060927044227052356
embedding_std_223,-0.25555286705034075
embedding_std_224,-0.09472328496916457
embedding_std_225,0.389376092723487
embedding_std_226,0.3347735597328819
embedding_std_227,0.331057772248674
embedding_std_228,-0.07861960093642079
embedding_std_229,0.06365626377296085
embedding_std_230,0.3773328817624275
embedding_std_231,-0.1159554875965068
embedding_std_232,0.2543335397722252
embedding_std_233,0.10056098199302266
embedding_std_234,0.008715065607590661
embedding_std_235,0.19455430661654954
embedding_std_236,0.38169096072275416
embedding_std_237,0.11655521874294382
embedding_std_238,0.12398878447014489
embedding_std_239,0.3981601019412759
embedding_std_240,-0.08865915764392229
embedding_std_241,0.25324257209391
embedding_std_242,-0.29040485089749124
embedding_std_243,0.255238226505695
embedding_std_244,0.27011880425143203
embedding_std_245,0.16339200713157562
embedding_std_246,0.1311686505861232
embedding_std_247,-0.2368420228528468
embedding_std_248,-0.19594133444479367
embedding_std_249,0.24158320185899398
embedding_std_250,-0.14931170485998257
embedding_std_251,0.3394614587129256
embedding_std_252,0.045247299669902735
embedding_std_253,-0.11842175180647231
embedding_std_254,-0.3350743083764918
embedding_std_255,-0.11588767493316944
embedding_std_256,0.10658589184234298
embedding_std_257,0.003282074457937372
embedding_std_258,0.10474851561326937
embedding_std_259,-0.003463617510475213
embedding_std_260,0.18102440130374736
embedding_std_261,0.184456456718373
embedding_std_262,0.327622540893736
embedding_std_263,0.05697179261106872
embedding_std_264,-0.019673818381608806
embedding_std_265,-0.23684040535939263
embedding_std_266,0.06684808178539785
embedding_std_267,-0.153428193071297
embedding_std_268,0.33264779964641406
embedding_std_269,0.05490485350697777
embedding_std_270,0.16525801190713638
embedding_std_271,0.3685777796958228
embedding_std_272,0.23723920839245202
embedding_std_273,-0.18999305276519418
embedding_std_274,0.22046169244997366
embedding_std_275,0.07243047360507833
embedding_std_276,0.22971183841729434
embedding_std_277,-0.017179700965438225
embedding_std_278,0.3572343566442639
embedding_std_279,0.07151179015119748
embedding_std_280,0.11460664661925736
embedding_std_281,-0.19771280830367977
embedding_std_282,0.22905320799994908
embedding_std_283,-0.046745683610855515
embedding_std_284,0.32210122154966453
embedding_std_285,0.23414379050382259
embedding_std_286,0.26549796769574296
embedding_std_287,-0.11905723095665585
embedding_std_288,0.14671314980023487
embedding_std_289,0.03335984535878365
embedding_std_290,0.11860649100121498
embedding_std_291,0.2133040871910541
embedding_std_292,0.2331497618926343
embedding_std_293,0.18133407580189617
embedding_std_294,-0.14588819306459788
embedding_std_295,0.2437599988502685
embedding_std_296,0.24589724842150135
embedding_std_297,0.2099351482071269
embedding_std_298,0.15329985417358896
embedding_std_299,0.18456882342686465
embedding_std_300,0.15229054202443673
embedding_std_301,0.24820455019648682
embedding_std_302,0.20874097034771838
embedding_std_303,0.24938715291973607
embedding_std_304,0.2847354262412424
embedding_std_305,0.042651083642808625
embedding_std_306,0.2003561344411862
embedding_std_307,0.19156785788718814
embedding_std_308,0.2648014524345472
embedding_std_309,-0.018359563774709098
embedding_std_310,0.24078478511975782
embedding_std_311,0.11613413283416277
embedding_std_312,0.324765141595184
embedding_std_313,0.31763469439228953
embedding_std_314,0.006621819316494353
embedding_std_315,-0.18342284252178367
embedding_std_316,0.2721382067611552
embedding_std_317,0.1721905795289847
embedding_std_318,0.3093172620538239
embedding_std_319,0.26417943820818224
embedding_std_320,-0.1758282477255847
embedding_std_321,0.37074594188210913
embedding_std_322,0.07941018232635672
embedding_std_323,-0.12484013364174225
embedding_std_324,0.09640931601820929
embedding_std_325,0.05909561745276838
embedding_std_326,0.14846655753813157
embedding_std_327,0.044767686411449396
embedding_std_328,0.19620915795029067
embedding_std_329,0.3012315860621591
embedding_std_330,0.32171574535748554
embedding_std_331,0.3885795308023843
embedding_std_332,0.3148853268755643
embedding_std_333,0.12843551549410084
embedding_std_334,-0.034709083505664776
embedding_std_335,0.2768288906011944
embedding_std_336,0.12208897926865553
embedding_std_337,-0.04342229007271715
embedding_std_338,0.08567021605844893
embedding_std_339,0.004061676780873155
embedding_std_340,-0.06759664252886444
embedding_std_341,-0.001559461020914736
embedding_std_342,-0.2623013402995246
embedding_std_343,0.19274917770654207
embedding_std_344,-0.3445828454199596
embedding_std_345,0.25782367869633543
embedding_std_346,0.015274681358345083
embedding_std_347,0.23303123313543003
embedding_std_348,0.31481412453402985
embedding_std_349,-0.21354825722837947
embedding_std_350,0.33924571005298587
embedding_std_351,0.29526425649374627
embedding_std_352,-0.0380489759740951
embedding_std_353,0.1036017407224486
embedding_std_354,-0.15662841086242107
embedding_std_355,0.31987837534356445
embedding_std_356,0.39774198873593314
embedding_std_357,0.26960169112799715
embedding_std_358,0.2541392010782173
embedding_std_359,0.1878024927228637
embedding_std_360,0.2895897072246316
embedding_std_361,0.28031595999948555
embedding_std_362,0.2720200273987564
embedding_std_363,0.06715001234305497
embedding_std_364,0.2417183740625612
embedding_std_365,0.14942992327685783
embedding_std_366,-0.0170260670554785
embedding_std_367,0.012268119163428109
embedding_std_368,0.31094278680035736
embedding_std_369,0.2635450793392479
embedding_std_370,0.34083849723721504
embedding_std_371,0.18587643248188784
embedding_std_372,-0.2563008544459835
embedding_std_373,0.2905940681096546
embedding_std_374,0.17140452523297742
embedding_std_375,0.3094492250420539
embedding_std_376,0.3072571593790154
embedding_std_377,0.3338680979817239
embedding_std_378,0.1619950272902921
embedding_std_379,-0.1298503716679398
embedding_std_380,-0.16927699369748725
embedding_std_381,0.12520602899577582
embedding_std_382,0.38627415979879276
embedding_std_383,-0.21504464316246355
embedding_std_384,-0.13060251010931612
embedding_std_385,-0.26567727909902444
embedding_std_386,0.05420032245804609
embedding_std_387,0.05534304040803222
embedding_std_388,0.3813668513931808
embedding_std_389,0.02822941251896581
embedding_std_390,0.16704163638928052
embedding_std_391,-0.15613663536219186
embedding_std_392,0.06378454762940972
embedding_std_393,0.22420597131913306
embedding_std_394,0.2942476502043887
embedding_std_395,0.14893965506598225
embedding_std_396,0.22371260629363623
embedding_std_397,0.35088825598090445
embedding_std_398,0.08437553296696587
embedding_std_399,0.18736332319529894
embedding_std_400,0.09726107944496676
embedding_std_401,0.27590379367399104
embedding_std_402,-0.03679484986065314
embedding_std_403,-0.04894724599095949
embedding_std_404,-0.04068745584639155
embedding_std_405,-0.13744557876265967
embedding_std_406,0.25769042913171225
embedding_std_407,0.2607793566485567
embedding_std_408,0.015789383779877084
embedding_std_409,0.20294576414774723
embedding_std_410,0.2503156267919812
embedding_std_411,0.22014411585262378
embedding_std_412,0.3655728280140927
embedding_std_413,0.3551873938158216
embedding_std_414,-0.10571905224731781
embedding_std_415,0.2245409276437147
embedding_std_416,0.3266248817488451
embedding_std_417,-0.03496407567738813
embedding_std_418,0.14888659463991785
embedding_std_419,0.30915058851525445
embedding_std_420,-0.039819203694892585
embedding_std_421,0.1838754153121349
embedding_std_422,0.14564892278566907
embedding_std_423,0.2791173165529615
embedding_std_424,-0.03682406263148106
embedding_std_425,0.17855213933195968
embedding_std_426,0.22282314959538504
embedding_std_427,-0.055371230786263756
embedding_std_428,0.16781478272249287
embedding_std_429,0.3488150592640728
embedding_std_430,0.2959420126654423
embedding_std_431,0.21664429973984134
embedding_std_432,0.06327465806703958
embedding_std_433,0.13636564307028154
embedding_std_434,0.30808640989440184
embedding_std_435,0.2044265062204931
embedding_std_436,0.12010786219133547
embedding_std_437,0.13614529726651314
embedding_std_438,0.17848022069409247
embedding_std_439,0.22815011352585468
embedding_std_440,0.025065452352328692
embedding_std_441,0.09251785983569479
embedding_std_442,0.3724914553359985
embedding_std_443,-0.06724744034957646
embedding_std_444,0.34354805980935915
embedding_std_445,0.32571230753875835
embedding_std_446,0.05482849103502898
embedding_std_447,0.20789586187057085
embedding_std_448,-0.16609114844666198
embedding_std_449,-0.32410426888542165
embedding_std_450,-0.04217359982011271
embedding_std_451,0.04254699530950004
embedding_std_452,0.20936534457406236
embedding_std_453,0.3688198733797204
embedding_std_454,-0.04572939581201799
embedding_std_455,0.3784742852076468
embedding_std_456,0.025785356581121625
embedding_std_457,0.31648908766138845
embedding_std_458,-0.33493306903452813
embedding_std_459,0.29880138372114445
embedding_std_460,0.21680540909173782
embedding_std_461,-0.19272012590140616
embedding_std_462,-0.07625116788914015
embedding_std_463,0.13486815178177095
embedding_std_464,0.20768500815855223
embedding_std_465,0.06221289330403964
embedding_std_466,0.20984610216258787
embedding_std_467,0.02751362891455165
embedding_std_468,-0.08266210241785307
embedding_std_469,0.2533826958159888
embedding_std_470,0.3472694230719454
embedding_std_471,-0.007948121996634831
embedding_std_472,-0.36284680616417714
embedding_std_473,0.16103688072592953
embedding_std_474,0.3152325938635824
embedding_std_475,-0.22896952527879408
embedding_std_476,0.1665589179201218
embedding_std_477,0.008469365872372351
embedding_std_478,0.1860524752678862
embedding_std_479,0.2867504950162632
embedding_std_480,-0.19237017304196782
embedding_std_481,0.0050077706106305886
embedding_std_482,0.3465162126168878
embedding_std_483,0.02263035868624802
embedding_std_484,-0.19868847382932556
embedding_std_485,-0.02252952249729957
embedding_std_486,0.21172922346830342
embedding_std_487,0.11072178531374301
embedding_std_488,0.29027362882766883
embedding_std_489,0.3145256187059059
embedding_std_490,-0.10334814851383976
embedding_std_491,0.022467822381790698
embedding_std_492,0.0389265912529282
embedding_std_493,0.10622554817333514
embedding_std_494,-0.1591566945260112
embedding_std_495,-0.2269450620810976
embedding_std_496,0.06045022398429188
embedding_std_497,0.33098402480216543
embedding_std_498,0.33042312592893364
embedding_std_499,0.22893516170028066
embedding_std_500,0.32501510881606127
embedding_std_501,0.2979819220710426
embedding_std_502,-0.3027980468986464
embedding_std_503,-0.12072122618229322
embedding_std_504,0.05945002565107985
embedding_std_505,0.035844556141552165
embedding_std_506,0.03799322139425262
embedding_std_507,0.2043031099621918
embedding_std_508,0.17903502716402575
embedding_std_509,0.3094932205532497
embedding_std_510,0.22163153704019634
embedding_std_511,0.15313177846153833
embedding_std_512,0.33754598624464294
embedding_std_513,0.3566335554392047
embedding_std_514,0.3074067565473863
embedding_std_515,0.050911364718646684
embedding_std_516,-0.025645711425790054
embedding_std_517,0.2894991713205183
embedding_std_518,0.23645255187135877
embedding_std_519,0.33733519131626927
embedding_std_520,0.02029619599019237
embedding_std_521,0.06265910003460429
embedding_std_522,0.3953463625356814
embedding_std_523,0.21257458615374247
embedding_std_524,0.2917563995273372
embedding_std_525,-0.28104351663487004
embedding_std_526,0.09346206270528533
embedding_std_527,0.12658070265451551
embedding_std_528,0.12428569541959829
embedding_std_529,-0.006814063307955225
embedding_std_530,0.03897240239562035
embedding_std_531,0.13835914237791586
embedding_std_532,0.24106916097900452
embedding_std_533,-0.26439012742254703
embedding_std_534,-0.1668061234112149
embedding_std_535,0.3571645923335996
embedding_std_536,-0.012580121375811399
embedding_std_537,0.00926756004077096
embedding_std_538,0.21023649764801947
embedding_std_539,0.375277080211727
embedding_std_540,0.1254400707618432
embedding_std_541,0.04419334416322673
embedding_std_542,0.3790265325885128
embedding_std_543,0.13296322616708098
embedding_std_544,0.22519433595525046
embedding_std_545,0.11101801968407739
embedding_std_546,0.14094105814674865
embedding_std_547,0.10030789942692388
embedding_std_548,0.12123029068316081
embedding_std_549,0.16799710888425348
embedding_std_550,0.3260250024665979
embedding_std_551,0.32941095751253613
embedding_std_552,0.3536902238875471
embedding_std_553,0.30656486907305386
embedding_std_554,0.025995301347124827
embedding_std_555,0.007306744666670285
embedding_std_556,-0.05724254023867946
embedding_std_557,0.39338550676308914
embedding_std_558,-0.33503239804898044
embedding_std_559,0.3753799145722241
embedding_std_560,-0.2300790708063059
embedding_std_561,0.2488254478223455
embedding_std_562,0.20787712473938558
embedding_std_563,-0.20498725080796387
embedding_std_564,0.34122250199202514
embedding_std_565,-0.27409764703275163
embedding_std_566,0.08867992543946496
embedding_std_567,0.3782413319669071
embedding_std_568,0.24829850776541013
embedding_std_569,0.3839400923628256
embedding_std_570,0.21827256249961358
embedding_std_571,0.08864012360246012
embedding_std_572,-0.014611380842834028
embedding_std_573,-0.04806415982408398
embedding_std_574,0.062345321938533864
embedding_std_575,-0.16085768233969555
embedding_std_576,0.10828483487083455
embedding_std_577,0.0173270125114546
embedding_std_578,0.1987759023804104
embedding_std_579,-0.044052024835145344
embedding_std_580,-0.1796230980458825
embedding_std_581,0.17299820701853622
embedding_std_582,0.16790576880100863
embedding_std_583,0.3076365151997093
embedding_std_584,-0.2468748655050515
embedding_std_585,0.33706725764312434
embedding_std_586,0.14547377823269347
embedding_std_587,-0.2712539707910558
embedding_std_588,0.3336356015546975
embedding_std_589,-0.1809768770000845
embedding_std_590,0.16856989734433572
embedding_std_591,-0.09057415011523193
embedding_std_592,0.12787583012940673
embedding_std_593,0.24732699610087802
embedding_std_594,0.10896541582936989
embedding_std_595,0.12239729676685263
embedding_std_596,0.3107750491554471
embedding_std_597,0.3941720079053684
embedding_std_598,-0.033346903106184114
embedding_std_599,-0.0855572478917001
embedding_std_600,0.17569591469724188
embedding_std_601,0.3322882139694916
embedding_std_602,-0.031947515644461
embedding_std_603,-0.12810922619976647
embedding_std_604,0.14486180323571
embedding_std_605,-0.07208251900995204
embedding_std_606,0.007315800932130103
embedding_std_607,0.06803717409622279
embedding_std_608,0.12223491105080321
embedding_std_609,-0.3318568466445854
embedding_std_610,0.3239792728446779
embedding_std_611,0.13455687984981365
embedding_std_612,0.3247046308698437
embedding_std_613,0.1901572213587459
embedding_std_614,0.3239022979028735
embedding_std_615,0.31112302156328103
embedding_std_616,0.07410614471584082
embedding_std_617,0.3451709216015554
embedding_std_618,0.25178190558432717
embedding_std_619,0.38199206621890874
embedding_std_620,0.19658117973965175
embedding_std_621,-0.2500614489980827
embedding_std_622,0.3140617259338564
embedding_std_623,0.26760084804708223
embedding_std_624,-0.029975968255674487
embedding_std_625,0.3452068744608669
embedding_std_626,0.183336754889864
embedding_std_627,-0.25088122995227957
embedding_std_628,0.1597054287918917
embedding_std_629,0.19728346090335613
embedding_std_630,0.11445114410229697
embedding_std_631,0.3237641959364937
embedding_std_632,0.32523239701557793
embedding_std_633,-0.3119926053112163
embedding_std_634,0.37043161393454443
embedding_std_635,0.1982296091156985
embedding_std_636,0.09604925669243113
embedding_std_637,0.29243342541860723
embedding_std_638,0.15259371095124177
embedding_std_639,0.12472754857995588
embedding_std_640,0.28149158096713306
embedding_std_641,-0.23953673742552115
embedding_std_642,0.030600698299502634
embedding_std_643,-0.18601751178367298
embedding_std_644,0.3008037364326189
embedding_std_645,0.22270561018392715
embedding_std_646,-0.24090502812258002
embedding_std_647,0.18434952487630288
embedding_std_648,0.31836525605393756
embedding_std_649,-0.16293632302227196
embedding_std_650,-0.10270945612978186
embedding_std_651,-0.1682679698942549
embedding_std_652,0.10361505047165939
embedding_std_653,0.3277409395500356
embedding_std_654,0.30264101019265915
embedding_std_655,0.27072564242482333
embedding_std_656,0.05361008503983169
embedding_std_657,0.0036213790614226353
embedding_std_658,0.2364583709902936
embedding_std_659,0.2919054313419329
embedding_std_660,0.2801854744252417
embedding_std_661,0.3395979279252982
embedding_std_662,0.318339267393501
embedding_std_663,0.10493081621844487
embedding_std_664,0.24442633719830836
embedding_std_665,-0.2739514915051117
embedding_std_666,0.04197947108363751
embedding_std_667,0.26410796706129946
embedding_std_668,0.35387695037732136
embedding_std_669,0.254863118741777
embedding_std_670,0.05134887882943634
embedding_std_671,-0.09777921177841722
embedding_std_672,0.23423909520699118
embedding_std_673,0.149641729807203
embedding_std_674,0.2815662109653053
embedding_std_675,0.09270485442541422
embedding_std_676,-0.28944527740193243
embedding_std_677,-0.2609745808056709
embedding_std_678,-0.029029535767262336
embedding_std_679,0.36579470380437423
embedding_std_680,0.30414482384511315
embedding_std_681,0.266198333611361
embedding_std_682,0.05653988456788967
embedding_std_683,-0.05009114951992542
embedding_std_684,0.18696556649406365
embedding_std_685,1.464756079968357e-4
embedding_std_686,0.33690377893150697
embedding_std_687,0.34753996633248074
embedding_std_688,-0.03219718614146228
embedding_std_689,0.2766865604998464
embedding_std_690,0.2790949824022312
embedding_std_691,0.36071306970792977
embedding_std_692,-0.12333226615602996
embedding_std_693,0.34487097212377726
embedding_std_694,0.2294243610197731
embedding_std_695,-0.04344261122393984
embedding_std_696,0.005786313250054611
embedding_std_697,0.14453192935213566
embedding_std_698,0.23825785946700237
embedding_std_699,0.17814121145052328
embedding_std_700,-0.23165308831398465
embedding_std_701,0.24186360197868126
embedding_std_702,0.343317215059126
embedding_std_703,0.35556490062891954
embedding_std_704,-0.1255309494027585
embedding_std_705,-0.279799769826206
embedding_std_706,0.14181919094639886
embedding_std_707,0.026353141843391745
embedding_std_708,-0.17080494389491435
embedding_std_709,-0.18029246595378307
embedding_std_710,0.12281928076550426
embedding_std_711,0.09436281855089362
embedding_std_712,-0.20852955416439292
embedding_std_713,0.35817719889685
embedding_std_714,0.2851964473932297
embedding_std_715,0.3739357586154213
embedding_std_716,0.33522577785957197
embedding_std_717,-0.09125385869209841
embedding_std_718,0.27240195473911727
embedding_std_719,-0.05947816009293833
embedding_std_720,0.24666204935861155
embedding_std_721,0.03803176000149931
embedding_std_722,0.05521413969769161
embedding_std_723,0.3258129728110113
embedding_std_724,-0.259486673482518
embedding_std_725,0.3496529353653259
embedding_std_726,-0.053797316428066885
embedding_std_727,0.3387732874993244
embedding_std_728,0.2979708855138813
embedding_std_729,0.3606186817397641
embedding_std_730,0.24917109401744708
embedding_std_731,-0.009671553510571782
embedding_std_732,0.26814419900758524
embedding_std_733,-0.16758570462937533
embedding_std_734,0.006951337382584529
embedding_std_735,-0.35149728837421323
embedding_std_736,-0.018684455451020033
embedding_std_737,0.19541564285703553
embedding_std_738,0.16231685410508725
embedding_std_739,0.309626962329316
embedding_std_740,0.314392232936551
embedding_std_741,0.3010601628317798
embedding_std_742,0.31731365714657167
embedding_std_743,0.03912179521079657
embedding_std_744,-0.024019185042787508
embedding_std_745,-0.01581761920578843
embedding_std_746,-0.0813160573056005
embedding_std_747,0.12589597929679783
embedding_std_748,0.3326003213190649
embedding_std_749,0.02306716817190465
embedding_std_750,0.18833688581468672
embedding_std_751,-0.03468477138263172
embedding_std_752,0.36165694472822274
embedding_std_753,0.36403331325226707
embedding_std_754,0.30849469414269404
embedding_std_755,0.344278153780777
embedding_std_756,0.2785669135186182
embedding_std_757,-0.2767784629705099
embedding_std_758,0.07351140433691081
embedding_std_759,0.29796152704791157
embedding_std_760,0.30127365953742524
embedding_std_761,0.2994700906307108
embedding_std_762,-0.01823649909262388
embedding_std_763,-0.05353899996790464
embedding_std_764,0.07869553456284281
embedding_std_765,0.16743154087765974
embedding_std_766,0.12779331621021003
embedding_std_767,0.3316371223560732
embedding_std_768,0.00578284675317289
embedding_std_769,-0.11319259901538367
embedding_std_770,0.3160455979701727
embedding_std_771,-0.24566493068011105
embedding_std_772,0.07090275253554587
embedding_std_773,0.19677815967736464
embedding_std_774,-0.02003450935316596
embedding_std_775,-0.15406595784383506
embedding_std_776,0.25234194676650545
embedding_std_777,0.0885862630903608
embedding_std_778,0.10109053800780149
embedding_std_779,0.03992540045292547
embedding_std_780,0.24183973423905636
embedding_std_781,0.1567310276925784
embedding_std_782,-0.07174526774028703
embedding_std_783,0.12446259575317259
embedding_std_784,0.3679497991272049
embedding_std_785,0.002289489733230608
embedding_std_786,-0.08205195713295652
embedding_std_787,-0.06379269724820619
embedding_std_788,0.13891630139022138
embedding_std_789,0.3474681774358679
embedding_std_790,0.2939017956097902
embedding_std_791,0.31055283414454576
embedding_std_792,0.14941075730014583
embedding_std_793,0.08738073946995101
embedding_std_794,0.366793504459307
embedding_std_795,0.16545538961461317
embedding_std_796,0.3766877955401718
embedding_std_797,0.07593988197308958
embedding_std_798,0.2851496395254997
embedding_std_799,0.3003694729276029
embedding_std_800,-0.18463030060842828
embedding_std_801,-0.05957125997073565
embedding_std_802,0.187688474195332
embedding_std_803,0.11933071631482642
embedding_std_804,0.34831978669463876
embedding_std_805,-0.09942573931778007
embedding_std_806,0.18635278818861156
embedding_std_807,-0.049747958117934934
embedding_std_808,0.1094133900419208
embedding_std_809,0.24651327569795506
embedding_std_810,0.29185416543092013
embedding_std_811,0.3086479116374321
embedding_std_812,0.341763052205989
embedding_std_813,0.3678034944359035
embedding_std_814,0.32394616317319386
embedding_std_815,0.3367107676283651
embedding_std_816,0.2904740690515704
embedding_std_817,0.17541672382901974
embedding_std_818,0.3638748856251635
embedding_std_819,-0.17778433492237408
embedding_std_820,0.19620691568269394
embedding_std_821,0.23268054936729113
embedding_std_822,0.33908671013556063
embedding_std_823,-0.21115585699903294
embedding_std_824,0.25630779211003046
embedding_std_825,-0.2755766187204166
embedding_std_826,0.24460502808422085
embedding_std_827,0.3174808647050241
embedding_std_828,0.0752519671345315
embedding_std_829,0.3019534993390176
embedding_std_830,-0.26599983153288115
embedding_std_831,0.2878201134493954
embedding_std_832,0.343794956744871
embedding_std_833,0.06212231439952357
embedding_std_834,0.18163742341433733
embedding_std_835,-0.022832038833085627
embedding_std_836,0.18832759387112852
embedding_std_837,0.21386818842164326
embedding_std_838,0.23599996135424264
embedding_std_839,0.3455618125014817
embedding_std_840,0.27486536132262507
embedding_std_841,-0.09987629592622037
embedding_std_842,0.16878200807095994
embedding_std_843,-0.13388312934394359
embedding_std_844,-0.017027807298195766
embedding_std_845,0.149780720471531
embedding_std_846,-0.1428110561578303
embedding_std_847,0.09840311054559024
embedding_std_848,-0.04856990543348364
embedding_std_849,0.15936572253696482
embedding_std_850,0.1843907238532382
embedding_std_851,0.3157884740011207
embedding_std_852,-0.2938592311374717
embedding_std_853,0.3717070282136334
embedding_std_854,0.022040048157306327
embedding_std_855,0.16980296276737497
embedding_std_856,0.34321950509191607
embedding_std_857,-0.23229912700837044
embedding_std_858,0.03304495234904831
embedding_std_859,-0.18713605992655413
embedding_std_860,0.004410825406329324
embedding_std_861,0.23591443619362984
embedding_std_862,0.0664382344262364
embedding_std_863,-0.24366551143966178
embedding_std_864,0.106963112758132
embedding_std_865,0.37966087436577756
embedding_std_866,0.17068584914152793
embedding_std_867,-0.3928390146134952
embedding_std_868,0.3069023611798807
embedding_std_869,-0.18054809984000839
embedding_std_870,0.25891722702061815
embedding_std_871,-0.27498826751831995
embedding_std_872,0.29763139678929407
embedding_std_873,-0.12541555421893436
embedding_std_874,0.05585227893317153
embedding_std_875,-0.2831088534431428
embedding_std_876,0.06612878591565825
embedding_std_877,0.21204995020109516
embedding_std_878,0.39065760327573557
embedding_std_879,0.360500266269801
embedding_std_880,0.3387985474331231
embedding_std_881,0.016959396350134076
embedding_std_882,-0.08090399113697455
embedding_std_883,0.16740907931630192
embedding_std_884,0.030541411959216995
embedding_std_885,0.33101896017471455
embedding_std_886,0.24470817164855782
embedding_std_887,0.21406077829604206
embedding_std_888,0.34722402111467965
embedding_std_889,0.3397179906886961
embedding_std_890,0.07870729363148947
embedding_std_891,0.061602570712766924
embedding_std_892,0.16295430035105654
embedding_std_893,0.1268767148331458
embedding_std_894,0.15419733684625964
embedding_std_895,-0.3576101314847008
embedding_std_896,0.2784891851342852
embedding_std_897,0.22475815188710901
embedding_std_898,0.13544450618563544
embedding_std_899,0.14408054923598093
embedding_std_900,-0.1517807332590499
embedding_std_901,-0.19992849776160515
embedding_std_902,0.2584959222270529
embedding_std_903,0.18440237789899824
embedding_std_904,0.1634759349979801
embedding_std_905,0.39300547038318967
embedding_std_906,-0.10015894863441936
embedding_std_907,0.09282422645849278
embedding_std_908,0.17609613167750907
embedding_std_909,0.1484547099035609
embedding_std_910,0.03208734494843193
embedding_std_911,0.019007732712635395
embedding_std_912,0.0995670827635491
embedding_std_913,0.19868049916491082
embedding_std_914,0.36904832889626576
embedding_std_915,0.3792349856978545
embedding_std_916,-0.16798912241321176
embedding_std_917,-0.15946160680310978
embedding_std_918,0.294239741422754
embedding_std_919,0.1483166900106242
embedding_std_920,0.2511872646478382
embedding_std_921,0.29967626301016287
embedding_std_922,0.2867506597178061
embedding_std_923,0.34241319341490445
embedding_std_924,0.3117640244303037
embedding_std_925,0.3498413169092559
embedding_std_926,0.3016790972458442
embedding_std_927,0.1939139718784272
embedding_std_928,0.2097051533790065
embedding_std_929,0.35778873166250064
embedding_std_930,0.34433493696836837
embedding_std_931,0.12429347834439362
embedding_std_932,0.30629049960943144
embedding_std_933,-0.236171296018698
embedding_std_934,0.3975854411664845
embedding_std_935,0.2326214929876503
embedding_std_936,-0.007572625785681662
embedding_std_937,0.13272128669498148
embedding_std_938,0.26316747308400007
embedding_std_939,0.282531285870986
embedding_std_940,0.2346323046027451
embedding_std_941,0.04874667680264227
embedding_std_942,0.15552303677653592
embedding_std_943,0.37955029155652104
embedding_std_944,-0.17685862368544258
embedding_std_945,0.2985693285699499
embedding_std_946,0.1503421460789424
embedding_std_947,0.17505833651427993
embedding_std_948,-0.0452360711850128
embedding_std_949,-0.2443751260834031
embedding_std_950,0.16112965831694565
embedding_std_951,0.2207151469783192
embedding_std_952,0.18777156083026175
embedding_std_953,0.35661392177226237
embedding_std_954,0.3619986025410539
embedding_std_955,0.14061362681813105
embedding_std_956,0.21703938550214846
embedding_std_957,0.0014094194691356497
embedding_std_958,0.1317215148208809
embedding_std_959,0.26686191514546265
embedding_std_960,-0.010662462467310722
embedding_std_961,0.30066703889437363
embedding_std_962,0.1250711936880837
embedding_std_963,0.3534439826506306
embedding_std_964,0.11436748193366451
embedding_std_965,0.30559958595976233
embedding_std_966,0.05870187355389419
embedding_std_967,-0.006764160294249546
embedding_std_968,0.014821866307063362
embedding_std_969,-0.2637945322562507
embedding_std_970,-0.30330203672744743
embedding_std_971,0.3488532969443195
embedding_std_972,0.2943000579245767
embedding_std_973,0.36271258839082
embedding_std_974,0.012060637171674196
embedding_std_975,0.24664778247590627
embedding_std_976,0.36473789529547673
embedding_std_977,0.27813214805904896
embedding_std_978,0.35054914638062346
embedding_std_979,0.13164008544580622
embedding_std_980,0.18511312254725157
embedding_std_981,0.10203283111585201
embedding_std_982,-0.029103331314043267
embedding_std_983,-0.1535844948354938
embedding_std_984,0.14734645031316473
embedding_std_985,0.35086583275793237
embedding_std_986,0.20390023973112298
embedding_std_987,0.06688190935857995
embedding_std_988,0.0303113472106303
embedding_std_989,0.22264959146010077
embedding_std_990,-0.02014873683430265
embedding_std_991,0.07152702038256156
embedding_std_992,0.13271967764501177
embedding_std_993,-0.009970397460629587
embedding_std_994,-0.047106895811385115
embedding_std_995,-0.02277456576355985
embedding_std_996,-0.2402907177820215
embedding_std_997,0.24773895661191045
embedding_std_998,0.16932641348308125
embedding_std_999,-0.2887825378152083
embedding_std_1000,-0.0899872043839035
embedding_std_1001,0.044875826958445934
embedding_std_1002,0.3349992930388607
embedding_std_1003,0.313644940910648
embedding_std_1004,0.32277762747946664
embedding_std_1005,0.23193451042197644
embedding_std_1006,0.2633589184283568
embedding_std_1007,0.2507065863025078
embedding_std_1008,-0.13463297817777858
embedding_std_1009,0.208618900090043
embedding_std_1010,-0.3035949133616103
embedding_std_1011,0.2594442737117097
embedding_std_1012,0.1774099558850939
embedding_std_1013,-0.08737405818094722
embedding_std_1014,0.26240240489532973
embedding_std_1015,0.18306041988424393
embedding_std_1016,0.24809075444614603
embedding_std_1017,0.37679349663978784
embedding_std_1018,0.08864124388370935
embedding_std_1019,-0.3537869863168204
embedding_std_1020,0.2415784587343906
embedding_std_1021,0.03446170334204131
embedding_std_1022,0.0909613727652808
embedding_std_1023,-0.09648191832285828
