genotype,human_score_blue
BTx643,1.4684134175749546
BTx645,1.6956639607837762
Fill(Exclude),1.9142963682408265
PI152651,2.6925924023896877
PI153844,2.161457235678156
PI153846,2.417915735646908
PI153852,2.1168070821146516
PI22326,2.293834381914592
PI24969,1.9979541990483445
PI276837,1.6606054443635407
PI329435,1.3627660628268723
PI329440,2.1712173115676476
PI34911,2.9718791848157142
PI35038,2.075740080851015
PI48770,2.559614836648543
PI533745,2.2615352963324007
PI533746,2.4927070494545687
PI533747,1.9868959038569416
PI533749,2.169662480500096
PI533750,1.2701782075865364
PI533751,1.961262746913394
PI533752,1.8731287222106408
PI533753,2.63312079352799
PI533754,2.185851570394507
PI533755,2.1025260712594367
PI533756,2.089762375443027
PI533757,2.0680297593383616
PI533758,2.478922707600901
PI533759,2.110223209318998
PI533760,1.4874812862070597
PI533761,1.8373335601720089
PI533762,2.3815789460093235
PI533763,3.038925388226795
PI533764,2.6057973776770895
PI533765,3.167864541578527
PI533766,2.2012720526774103
PI533767,2.4808534772871846
PI533768,1.820898849453401
PI533769,2.7513701816537344
PI533770,2.603187997733234
PI533771,3.2803656246836983
PI533772,2.516834902770496
PI533773,2.3675220043019607
PI533774,1.9676851534124205
PI533775,3.00758137173342
PI533776,2.7863726327550893
PI533777,2.969534595390108
PI533778,2.9345687359129853
PI533779,2.324525793529236
PI533780,2.5650691213937944
PI533781,2.5888935205531176
PI533782,2.622002775661974
PI533783,2.6042508239365727
PI533784,2.8889072168181977
PI533785,2.639875264415893
PI533786,2.347527733602961
PI533787,2.540488328661779
PI533788,2.9211562765664745
PI533789,2.397537075462509
PI533790,3.1681735773417827
PI533791,3.287244452315665
PI533792,2.885475537171703
PI533793,1.558980658963099
PI533794,1.8918780101804809
PI533795,3.439021964081337
PI533796,2.402510740039415
PI533797,2.26539495235444
PI533798,1.8864957294484264
PI533799,2.180638508105364
PI533800,1.9557939547971297
PI533801,2.1480133442624747
PI533802,1.21852603443383
PI533803,2.8105891803331766
PI533804,3.2513705169144913
PI533805,2.364013789522367
PI533807,2.268575613621681
PI533808,2.968247672229005
PI533809,2.542155611978417
PI533810,2.179967543562335
PI533811,2.7301966073688475
PI533812,2.1939025507071204
PI533813,1.5188623687332046
PI533814,1.4076708145312562
PI533815,2.6337053964382804
PI533816,2.2753182691017826
PI533817,2.803616728562581
PI533818,2.674977143670125
PI533819,2.4710474531555393
PI533820,2.605177884087424
PI533821,2.801499274806967
PI533822,2.544282134206748
PI533823,2.908917887024882
PI533824,2.585920364570478
PI533825,2.039923043254663
PI533827,2.1982328889069156
PI533828,2.707068507067967
PI533829,2.707206541136213
PI533830,2.6212232621082494
PI533831,1.9923634347834809
PI533832,2.464353743287714
PI533833,2.1932232662640554
PI533834,1.882700995817039
PI533835,2.0049332866611103
PI533836,2.566470752576981
PI533837,1.8616118475691932
PI533838,2.0360016070352036
PI533839,2.312784229719848
PI533840,2.8452054679843353
PI533841,2.502780932207795
PI533842,1.6031765986836048
PI533843,2.3182596905831367
PI533844,1.5145416791202162
PI533845,1.809009374824922
PI533846,2.14685622925654
PI533847,2.220543591834907
PI533848,3.046468619182931
PI533849,3.093652161799986
PI533850,2.903587645478855
PI533851,2.5117544477901785
PI533852,2.8632230437702946
PI533853,2.231055664374839
PI533854,2.8097181248480614
PI533855,2.155569035360324
PI533856,2.734632592507797
PI533857,1.9295113901213272
PI533858,1.875145792114902
PI533859,2.1293371579487315
PI533860,2.281048554035988
PI533861,2.2448930954844615
PI533862,2.9564193758847463
PI533863,2.5203127591980756
PI533864,2.41239801319013
PI533865,1.748624951154539
PI533866,1.9691317734316387
PI533867,2.8206902087997423
PI533869,2.0446529052329225
PI533870,2.80512352232049
PI533871,1.9777417913963735
PI533872,1.7862794605679693
PI533873,2.1514248277731096
PI533874,1.6709061163152803
PI533876,2.6546012800771
PI533877,2.4709054276433307
PI533878,2.119901949394114
PI533879,2.5506381588832774
PI533880,1.947501069463502
PI533881,2.3908098433856444
PI533882,1.5677709756201652
PI533883,3.006472491498932
PI533884,3.250513760154617
PI533885,3.3338723381278346
PI533886,2.854877238034904
PI533887,2.3247790905517824
PI533888,2.5469087921341185
PI533889,2.333377614413295
PI533890,2.2858632584945595
PI533891,2.8668357853807356
PI533893,2.47478368513394
PI533894,3.407698576920204
PI533895,2.59314970840319
PI533896,2.5166363748168363
PI533897,2.4800653990831583
PI533898,2.0205980432165447
PI533899,2.854615152450834
PI533900,2.4621125890677726
PI533902,2.596611254262747
PI533903,1.9802062944191996
PI533904,2.823530261968106
PI533905,2.603273517638108
PI533906,2.186392005598398
PI533907,1.5216998773357622
PI533908,2.303752391352677
PI533909,1.982709764128841
PI533910,1.9492159083588496
PI533911,2.044183175616184
PI533912,2.881764718682393
PI533913,2.3931922605144744
PI533914,2.478364494847946
PI533915,2.5542388927133564
PI533916,2.385311888296913
PI533917,2.4372613097140214
PI533918,1.837891851103499
PI533919,2.862496705203527
PI533920,2.45532665639059
PI533921,2.2832572402338407
PI533922,2.5197876013162306
PI533923,2.6852815982153264
PI533924,2.941592377543585
PI533925,2.914809154508956
PI533926,2.8934971377099536
PI533928,1.933823166093823
PI533929,1.2816595944845948
PI533930,1.9971583072081485
PI533931,2.906308684748817
PI533932,1.7701753403296074
PI533933,1.9289232896572897
PI533934,2.1501705546607868
PI533935,3.2317157738430753
PI533936,2.1113375512445804
PI533937,2.3401061104121137
PI533938,2.6686355805185125
PI533939,3.0622715749963016
PI533940,2.2547104539754126
PI533941,2.040383184731037
PI533942,2.6995642323823184
PI533943,2.483415396419251
PI533944,2.7497183803570957
PI533946,2.022229272832567
PI533947,2.292503199497122
PI533948,2.057592406178258
PI533949,2.190249356005294
PI533950,2.721351588577894
PI533951,2.626002974322259
PI533952,2.9811413512100926
PI533953,3.1385442312751013
PI533954,1.954066681318737
PI533955,2.0824473332616136
PI533956,2.533850998089707
PI533957,1.8312319777518589
PI533958,1.8297650654499655
PI533959,2.730131611103229
PI533960,2.403233549894857
PI533961,2.4503610661142456
PI533962,2.382156714760813
PI533963,1.8510961434642423
PI533964,1.613221779481782
PI533965,1.6941282182627884
PI533966,2.8321194433661145
PI533967,1.3887184230848797
PI533968,2.2879490182445124
PI533969,2.164351201154128
PI533970,3.1348721215530766
PI533971,2.3041173550010665
PI533972,2.1949509924043764
PI533973,1.8302540274453367
PI533974,2.281440211150127
PI533975,2.721640594154747
PI533976,2.1961978508687823
PI533977,1.7306463489106587
PI533978,2.6955300429878615
PI533979,1.912045549507264
PI533980,2.606214257289066
PI533981,2.1880570572534346
PI533982,2.2540929012505804
PI533983,2.4096861754277823
PI533984,1.2738420387459508
PI533985,2.5297175287531104
PI533986,2.4614246079487097
PI533987,2.0781073878928336
PI533988,1.5238199029914092
PI533989,2.2164133627893383
PI533990,1.8591777162786287
PI533991,2.3210706017499203
PI533992,2.92780644367782
PI533993,1.725250637739134
PI533994,1.4898738927479611
PI533995,2.2545042379492752
PI533996,2.6029615801537593
PI533997,2.219115175326558
PI533998,2.159924890109446
PI533999,2.444722016162186
PI534000,1.898044188086768
PI534001,2.099277629180431
PI534002,2.3625187405242554
PI534003,2.6774731089121
PI534004,2.043178679671957
PI534005,2.368559445862719
PI534006,2.4579489952989935
PI534007,2.2704090898453124
PI534008,1.698875457508664
PI534009,1.236106533409714
PI534010,2.126541470398189
PI534011,1.7625443751100565
PI534013,1.743941812333639
PI534014,1.233186809153444
PI534015,1.8246433697862416
PI534016,2.2396591706578612
PI534017,2.265896886405382
PI534018,2.317141578981095
PI534019,2.2582303804642354
PI534020,3.3562181406756304
PI534021,1.920492565143108
PI534022,2.4170081034402733
PI534023,2.7506655236657584
PI534024,1.805047695424142
PI534025,2.0181994293076935
PI534026,2.135247219832424
PI534027,2.913774065892829
PI534028,2.012090106368703
PI534030,1.545918245934854
PI534031,2.3315596227577133
PI534032,1.892649819432364
PI534033,2.0990014889872586
PI534034,2.1408261566388975
PI534035,2.773492115348593
PI534036,1.7086765717778416
PI534037,3.0111396848046263
PI534038,2.876054650916103
PI534039,2.662300246451358
PI534040,2.262903232978445
PI534041,2.035867471459
PI534042,2.948036872029597
PI534043,1.8693602126030728
PI534044,2.170005048483846
PI534045,1.40647328805379
PI534046,2.7262033638944323
PI534047,2.754732965524733
PI534048,2.510408457762205
PI534049,2.2878656083233446
PI534050,1.9333586669688168
PI534051,3.279720589232938
PI534052,2.102498449084002
PI534053,2.2659993700414143
PI534054,2.019825352688106
PI534055,2.2671064034995663
PI534056,2.4909813144526236
PI534057,2.2655037236183166
PI534058,2.7084541590807714
PI534059,2.5076072033454633
PI534060,2.194896930199077
PI534061,2.071657761254217
PI534062,2.2026905163448105
PI534063,1.5522553514292077
PI534064,2.65377602650677
PI534065,2.5838267856135317
PI534066,2.440965650364805
PI534067,2.2501734961324154
PI534068,2.808653826826156
PI534069,2.6288287266551063
PI534070,3.357866319911885
PI534071,2.5007278281608327
PI534072,1.9512658773889784
PI534073,2.9665689779579827
PI534074,1.8802054702787816
PI534075,2.4020751419724347
PI534076,2.128482279961975
PI534077,2.4468518515319886
PI534078,2.3196282716546452
PI534079,2.470224550996988
PI534080,2.4991452569526404
PI534081,2.8069710367429535
PI534082,2.983444531832854
PI534083,2.6771127447070295
PI534084,3.067117230125203
PI534085,2.3287870021665973
PI534086,3.1835948104156784
PI534087,3.4924261762622892
PI534088,2.2476429831167875
PI534089,3.0463769642144456
PI534090,2.5328462569713204
PI534091,3.813868729872636
PI534092,2.631042272283617
PI534093,2.875492125044498
PI534094,2.2324038492071185
PI534095,3.097912705896558
PI534096,1.9164317452693624
PI534097,1.999578892105574
PI534098,2.5995981103902492
PI534099,1.915613761315166
PI534100,2.291175989590183
PI534101,2.239183075502833
PI534102,1.8169704423948283
PI534103,1.6143833838247414
PI534104,2.172207814568524
PI534105,2.210815804202903
PI534106,1.9993665035750143
PI534107,2.2989335786627816
PI534108,2.0916182878795295
PI534109,1.9316248888069916
PI534110,1.998654130332366
PI534111,1.9771226874984345
PI534112,1.6572925816588258
PI534113,2.5365177213474173
PI534114,2.327281954944094
PI534115,1.8840990859917175
PI534116,2.172364409956857
PI534117,2.565680369389318
PI534118,2.663707064012096
PI534119,1.5790451562654415
PI534120,1.9232823384934228
PI534121,1.7371934269922973
PI534122,1.969859080591681
PI534123,2.9746418317028973
PI534124,2.099537037932838
PI534125,2.1902566302746695
PI534126,3.833987062071256
PI534127,2.198658164826763
PI534128,2.547843501557591
PI534129,2.0296501999276546
PI534130,1.937031608580578
PI534131,1.896642544535348
PI534132,1.0251756102692844
PI534133,2.2314072100840705
PI534134,2.8096744772687767
PI534135,1.5217984553448602
PI534136,1.8119337062346
PI534137,1.7109573072286195
PI534138,2.2538629752724
PI534139,2.085912072338902
PI534140,1.875626701035738
PI534141,2.9457787500105717
PI534142,3.619172003976091
PI534143,3.1705639940091386
PI534144,2.318271878939876
PI534146,1.7918832329255507
PI534147,3.249140100331921
PI534148,2.243928135839981
PI534149,1.6547818736462463
PI534150,2.4811010648380822
PI534151,1.9279401777801444
PI534152,1.7506070892467196
PI534153,2.555644056063598
PI534154,1.7766923840553794
PI534155,1.6704593613272043
PI534156,2.2037420754041386
PI534157,1.7205449393645107
PI534158,1.5933969298405668
PI534159,2.3665688229408084
PI534160,1.9295094138418911
PI534161,1.31649950423832
PI534162,2.178901490342777
PI534163,2.25155611530538
PI534164,2.653125540919967
PI534165,1.7582468253045649
PI534166,2.8458299084845184
PI534167,2.0032689326712445
PI540816,2.5528373333437564
PI542406,1.8134825226579596
PI542718,3.618700391442631
PI543243,2.181513394939686
PI543247,2.1025134801372314
PI544069,2.9656942402362723
PI548797,1.4192555868670909
PI552856,1.4915017039325789
PI552861,1.9507283335197467
PI554646,2.698952161884046
PI554648,1.958576598767381
PI554649,1.6889476048262493
PI554650,1.676934627586632
PI554654,2.027432888816966
PI555457,2.0622483911900185
PI561071,0.8206112574915637
PI561072,1.7766614482047078
PI561073,1.5993827404131369
PI561472,1.312415052238396
PI561926,1.6496521451421788
PI562623,1.507289079768604
PI564163,1.937563529515128
PI564164,2.053651719614061
PI564165,1.8560180662932375
PI565121,1.3725902936839585
PI574397,2.2147353225001662
PI574398,1.5674960832369096
PI574407,2.262214394937266
PI574455,2.230853865133921
PI576130,1.144005596778491
PI576328,2.1536420088168344
PI576329,2.2625704417764316
PI576330,2.8843607207312205
PI576331,3.272690915658829
PI576332,2.18335453949844
PI576333,1.1801120228962558
PI576334,2.6204584887229236
PI576335,2.9167209052392824
PI576336,2.131503328039321
PI576337,3.1770835533724027
PI576338,2.5690104526670554
PI576339,1.6160851498773945
PI576340,2.0388269186002277
PI576341,2.2565089499814204
PI576342,2.521835709279542
PI576343,2.5233854057555236
PI576344,3.1725099305669016
PI576345,2.294279484432682
PI576346,3.3738666170001315
PI576347,2.641052572185946
PI576348,2.693125821475698
PI576350,2.6942469351111
PI576351,2.376381520445052
PI576352,2.034734238292794
PI576353,2.3638770112133223
PI576354,2.277977489330267
PI576355,1.5015981756785877
PI576356,1.65606708579587
PI576357,3.115698437367742
PI576358,1.843670087254836
PI576359,2.455111037224577
PI576360,2.1444886067128883
PI576361,2.7388441615890593
PI576362,2.3378118944857835
PI576363,1.9860083722445392
PI576364,2.4163590480540003
PI576365,2.230268516233045
PI576366,1.887890171328317
PI576367,2.7422924362842345
PI576368,2.4071977574737295
PI576369,2.0536385560171304
PI576370,2.953559062152636
PI576371,2.1824840798943397
PI576372,1.8083531620298867
PI576373,2.345455253369068
PI576374,2.632387661159288
PI576375,2.567299979339749
PI576376,1.991955923105178
PI576377,2.2547663284490493
PI576378,2.668357036701422
PI576379,2.7895180027573696
PI576380,1.841639813321104
PI576381,1.6133405153295608
PI576382,2.853272298741283
PI576383,2.891295497592735
PI576385,1.9884951360145735
PI576386,2.0770467067988276
PI576387,2.1709309880198364
PI576389,1.880018482255564
PI576390,2.139469057818768
PI576391,2.4514903046114327
PI576392,2.7335294980116425
PI576393,2.0098537576615234
PI576394,1.4592624257569138
PI576395,2.3167231457840445
PI576396,1.7651448413260091
PI576397,2.6851533067904043
PI576398,2.394902417500845
PI576399,2.7455785333938767
PI576400,1.9764120386764197
PI576401,1.8706454291932495
PI576402,2.0740046900447893
PI576403,2.734836986530409
PI576404,3.516523790706128
PI576405,2.3329174709547824
PI576406,2.8767475995368916
PI576407,2.379839086766044
PI576408,3.1274869095179767
PI576409,2.0532388800216923
PI576410,2.207776193144495
PI576411,1.8829177173904403
PI576412,2.6688867792318693
PI576413,2.713982102708231
PI576414,2.9370857672175523
PI576415,2.4551115786539652
PI576416,2.5349657095373708
PI576417,2.58236082155422
PI576418,2.5351466453707916
PI576419,3.0628955015640607
PI576420,2.712170845824922
PI576421,2.450100398898573
PI576422,2.9023306192712326
PI576423,1.5653680371778735
PI576424,2.2770135851073836
PI576425,1.5804202275232644
PI576426,1.6862893592024613
PI576427,2.0506655975035555
PI576428,1.8387826330375192
PI576429,3.258361323013612
PI576430,3.018438249881481
PI576431,2.457910167660866
PI576432,2.4978520834990325
PI576433,2.260977385844664
PI576434,2.699229893567397
PI576435,2.2628120502012816
PI576436,1.6128977742942283
PI576437,2.2385425558061636
PI585291,1.4393548701960424
PI585295,1.7494737430921634
PI594355,1.99567693002418
PI595699,2.4479763760931736
PI595700,2.8772453659098467
PI595701,2.575481165360772
PI595702,2.6592872310808486
PI595703,2.0904000494933026
PI595704,2.377804280745756
PI595705,3.1663364264932685
PI595706,2.9196299895719573
PI595708,2.310171134964043
PI595709,1.3317443804861544
PI595710,2.8124094202927585
PI595711,2.20966939535872
PI595712,2.5360063075502053
PI595713,1.9408421861986545
PI595714,2.307991852240486
PI595716,1.888622898241684
PI595717,2.1445489582530537
PI595718,2.6635287836584323
PI595719,2.645050036884854
PI595720,3.4052391079597752
PI595721,2.543300189572573
PI595722,2.0077059121300005
PI595723,2.8312239187679005
PI595724,2.2948435167679615
PI595725,2.671114417647927
PI595726,1.7687349749984065
PI595727,1.9286048274020584
PI595728,2.1715615202394667
PI595729,2.1774685153604536
PI595730,3.1923385227263408
PI595731,2.4971700294820973
PI595732,1.83256810725776
PI595733,1.1615546365137284
PI595734,2.061657315481406
PI595735,1.4342179085598992
PI595736,2.0091145912565462
PI595737,1.8266848773846411
PI595738,2.437326914034923
PI595739,1.309510476271096
PI595740,2.3445744353849785
PI595741,2.4098653916790904
PI595742,2.599098202151761
PI595743,3.0088773766617796
PI595744,2.050177802803138
PI595745,2.243536885958158
PI595746,1.6748883262720486
PI595747,1.6157504029956358
PI595748,2.513123615181243
PI596332,1.879316701742685
PI596567,2.1272382199579423
PI597943,2.463147421392806
PI597944,1.9109147343744275
PI597945,2.436300865045383
PI597946,2.7298478116736105
PI597947,2.4470447739529653
PI597949,2.697471839754974
PI597950,3.843432811141777
PI597951,3.1430929680537334
PI597952,3.1068328078808713
PI597953,2.659227673451949
PI597954,3.1238986459420732
PI597955,2.067424619027064
PI597956,2.936912950503829
PI597957,2.484121726836632
PI597958,1.7973028782831144
PI597959,2.239620805384017
PI597960,2.603784214108062
PI597961,1.8870736319928128
PI597962,1.8778979800017388
PI597963,2.1971386858350477
PI597965,1.829347700910972
PI597966,2.2411467303259833
PI597967,1.7871669042198606
PI597968,3.21157105473761
PI597969,2.1348269460381664
PI597970,2.4592178341071316
PI597971,2.0253513357368553
PI597972,2.6587698175149574
PI597973,2.3100669647778003
PI597974,2.924698973318531
PI597975,2.6468380104464035
PI597976,2.2405798178121867
PI597977,3.6243293977350137
PI597978,2.672913026326138
PI597979,2.565586392664228
PI597980,2.435769897918441
PI597981,3.164532144286317
PI597982,2.4132032982236247
PI598069,1.3473749480325543
PI598070,2.3572421223927873
PI601415,1.803752846385406
PI601553,1.2910376758427131
PI601554,1.5189297972435063
PI601555,2.4766881459284367
PI601556,1.6202151542764596
PI601557,2.036849419027992
PI601716,2.4577741340087074
PI601721,1.86626378119264
PI601743,2.2188757428296206
PI601744,2.102263919528371
PI601756,1.9500865820770712
PI601816,2.003420564175086
PI602599,2.2351475722860856
PI602600,2.3817254942133483
PI603983,1.736206908821593
PI605723,2.1137112787523717
PI605724,1.6678371121161502
PI605725,1.6385752083104173
PI605726,2.4825563464483427
PI606788,1.4051835565549915
PI607931,2.2240284105101327
PI609456,2.7575810202683604
PI613536,2.3634624982111827
PI613610,1.8825955608669256
PI613611,3.3212449916975673
PI613612,2.27155554278224
PI613613,2.604210084334319
PI619402,2.0253930907624182
PI629034,1.341650040674576
PI629040,1.571025494989989
PI629059,1.7005818152348158
PI641824,2.333664707490445
PI641836,2.1045564202788234
PI641849,2.357060057908384
PI641874,2.698120265703269
PI642791,2.026468439377893
PI642793,2.0623215044910137
PI642992,2.5826366355295285
PI642998,2.314876924327196
PI651492,1.491461717099
PI651496,2.6773557339524556
PI653616,2.1495245537451515
PI653617,3.271870679236992
PI655970,1.5303306214293817
PI655971,2.489246897765392
PI655972,2.5187432345229155
PI655973,2.199041980418321
PI655974,1.5476813461952006
PI655975,1.2889812495701118
PI655976,2.8373448773492633
PI655977,2.3951724786737825
PI655978,1.403816110279279
PI655979,1.8276788102186567
PI655980,2.148667864408526
PI655981,2.0997638239461787
PI655982,1.5646259482938831
PI655983,2.441673004548825
PI655984,2.3543053066862956
PI655985,1.6912235002418867
PI655986,1.938109194178915
PI655987,2.3240174971059013
PI655988,1.7456587732285458
PI655989,2.47911622198752
PI655990,1.9709351241649864
PI655991,1.4026624703464925
PI655992,1.9323656804800953
PI655993,1.4019026423492458
PI655994,2.029460309345402
PI655995,1.995505383521909
PI655996,2.207175773824998
PI655997,2.0733152381598283
PI655998,2.418590703881738
PI655999,1.77329987472645
PI656000,1.7461896948626845
PI656001,1.6321331044755527
PI656002,2.0314774709002905
PI656003,1.9023030509888352
PI656004,1.2822456721285351
PI656005,1.7480003142523095
PI656006,1.615030205825977
PI656007,2.36015543757175
PI656008,1.3350732191794172
PI656009,1.3474613667296242
PI656010,1.676097210496442
PI656011,1.51749949029592
PI656012,2.241084005278337
PI656013,3.458060614737604
PI656014,2.418807598064471
PI656015,2.1340193999531
PI656016,2.043788899340723
PI656017,1.9520087093981096
PI656018,1.954896668716278
PI656019,2.6262316102022876
PI656020,2.064508354686171
PI656021,1.9546218027630544
PI656022,2.662616456370561
PI656023,2.3720451079657874
PI656024,1.8985681968091193
PI656025,3.399269435761993
PI656026,1.3631793295444026
PI656027,2.1415819539874055
PI656028,1.4952982356969742
PI656029,2.2120827377207104
PI656030,1.4569106207660243
PI656031,1.232921820082623
PI656032,1.802909832060578
PI656033,2.0695744517241814
PI656034,1.362503237932563
PI656035,2.258715950332614
PI656036,1.3695348467491082
PI656037,1.5770196770600802
PI656038,1.989748510053124
PI656039,1.6459578399981305
PI656040,2.8318145553922793
PI656041,2.1063204770528277
PI656042,2.321853668671189
PI656043,1.4154254486539657
PI656044,1.2602630894407287
PI656046,3.3172196713644926
PI656047,2.674895617809166
PI656048,1.9012907226348403
PI656049,2.66507467280014
PI656050,2.3825889713010437
PI656051,1.5625919297136426
PI656052,2.5149840653808333
PI656053,1.4554191757545183
PI656054,1.3579346827766376
PI656055,1.6879523500684963
PI656056,1.823524021679647
PI656057,1.913088998258382
PI656058,1.7558328321333985
PI656059,2.0078677770902127
PI656060,2.1360182538226056
PI656061,2.4738579787944706
PI656062,1.301354257656224
PI656063,2.5318597180217814
PI656064,2.589366929682883
PI656065,2.262894468657065
PI656066,1.2082507500901658
PI656067,2.272120823324631
PI656068,1.0851247405395488
PI656069,1.9968174800275564
PI656070,2.423228441393748
PI656071,2.617544737321406
PI656072,1.848288212510193
PI656073,2.034670716733731
PI656074,1.4487256366906538
PI656075,1.3494218910761
PI656076,1.2458203613421714
PI656077,2.4022447155312845
PI656078,2.0723936051870178
PI656079,2.558418312096709
PI656080,2.4827931867707163
PI656081,2.5748871473698514
PI656082,3.4145688769827665
PI656083,2.167273173977729
PI656084,1.6928212555964568
PI656085,2.023678465047228
PI656086,1.6990282785535225
PI656087,3.1267999582249355
PI656088,2.780298502179363
PI656089,2.7480521118797547
PI656090,2.37629041339726
PI656091,1.7178017871252582
PI656092,2.4176706049633756
PI656093,2.602377183025702
PI656094,2.5899221520293816
PI656095,1.9201907453937488
PI656096,2.7491325818526526
PI656097,2.0361156825669564
PI656098,2.6771986828605647
PI656099,2.081633622586463
PI656100,2.089418029096456
PI656101,3.199958870093443
PI656102,2.905190151012999
PI656103,3.093496386216544
PI656104,1.5368094506597936
PI656105,2.1613570812394043
PI656106,2.2120162833784023
PI656107,2.2662529929301307
PI656108,2.574005826249714
PI656109,2.8124712739211617
PI656110,2.8023102517693745
PI656111,2.292750099166914
PI656112,2.8442525361978617
PI656113,2.9067705367245464
PI656114,1.5284509115675329
PI656115,2.9193965609772414
PI656116,3.3702533082721153
PI656117,1.2839211253524043
PI656118,1.7496973115242975
PI656119,2.483890327101544
PI656120,1.4607146216445257
PI656121,3.036152513617898
PI659691,1.917022918902422
PI659692,1.9540760463406557
PI659693,2.315846231368697
PI659694,1.2156155645852167
PI659695,1.821342768056478
PI659696,1.9414996113417904
PI659753,2.314717712000063
SC0003,2.1013713941486976
SC0027,1.9003879697708816
SC0041,1.729781182690548
SC0092,1.864554013884269
SC0138,1.7961097519324525
SC0150,2.1857614096695936
SC0156,2.3904031867183315
SC0157,2.5785720672510237
SC0159,2.620983381764498
SC0178,3.020675801124337
SC0179,2.200217471204101
SC0190,2.5143798531855484
SC0191,2.0994702052061225
SC0201,2.0431659553175527
SC0235,2.7837933270354966
SC0236,2.730626531695404
SC0247,2.1013903864923726
SC0249,2.0491104021282576
SC0263,1.8596721633859992
SC0266,2.3112664192646575
SC0276,2.3403349349742864
SC0287,2.154630108421117
SC0297,3.4979888707178137
SC0314,2.1522056751419876
SC0343,2.48588553524492
SC0371,3.019604641591262
SC0400,2.102834458646376
SC0409,2.8571659104106395
SC0412,2.4199320402530535
SC0436,1.9587302558177544
SC0438,2.5196380626524686
SC0445,2.1578531295310768
SC0448,2.313104329859216
SC0456,2.197125884573021
SC0458,1.6916614586879777
SC0463,2.611994803847737
SC0470,2.2036960826925345
SC0479,2.00097735205613
SC0505,2.2999602176813063
SC0517,2.2743426806820617
SC0521,3.131926310136148
SC0540,2.9485421669483487
SC0542,1.9921061253869776
SC0550,1.9327371531952184
SC0551,3.0709029236780134
SC0556,2.0693748714241176
SC0581,1.2793496595575176
SC0582,2.57272134094602
SC0602,1.740932673064655
SC0604,2.701188796725469
SC0615,2.836624293006225
SC0616,2.168243499296483
SC0618,1.661198136703512
SC0631,2.039882511550472
SC0636,2.591273791306209
SC0640,2.7378403432815706
SC0652,2.9140981059875664
SC0685,2.5672607692003497
SC0713,2.318231307368124
SC0741,2.6051386087238777
SC0747,2.354027064039621
SC0753,2.4003650488002988
SC0759,2.5542065118595643
SC0777,2.7268592093902635
SC0814,2.806889477441288
SC0823,2.486319669841646
SC0834,3.1139062576400063
SC0837,1.872491648479099
SC0847,3.408085180804821
SC0848,2.874651164913807
SC0854,2.2638446351578807
SC0858,2.191596596288732
SC0860,2.6584775205559428
SC0864,3.157229629181125
SC0868,2.081347330844659
SC0870,2.200857944771357
SC0871,3.708100848434017
SC0877,2.3759418676762127
SC0893,1.5440566781474216
SC0914,1.7534350955033224
SC0921,2.1712129619493052
SC0923,2.9832695266283222
SC0965,2.91447427435263
SC0999,2.2668294632017143
SC1021,2.314084124641946
SC1023,3.133265890736887
SC1024,2.4601748173841167
SC1058,2.967694617848122
SC1082,2.6188620457077194
SC1097,1.733888246613975
SC1107,1.895096340011023
SC1114,2.8892011769802446
SC1119,2.619592777808003
SC1120,2.4647908659208486
SC1133,2.286408654438686
SC1166,2.486419958907758
SC1170,2.695211076916114
SC1178,2.4470464352465475
SC1193,3.0376630466391292
SC1216,2.1424235392690667
SC1442,2.005944156260212
SC1446,2.309593452769274
