env_id,genotype,dry_g,fresh_g,water_fraction,peak_dose
MI2020,PI152651,7.5,27.3038,0.7253129601007918,0.0
MI2021,PI152651,10.2,17.7547,0.4255042326820504,0.0
MI2020+MI2021,PI152651,8.85,22.52925,0.5754085963914211,0.0
MI2020,PI24969,19.35,56.0658,0.654869813683208,0.0
MI2021,PI24969,11.82,24.3767,0.5151107409944742,0.0
MI2020+MI2021,PI24969,15.585,40.22125,0.5849902773388411,0.0
MI2020,PI276837,9.26,27.2296,0.6599289009019595,0.0
MI2021,PI276837,17.6,27.2668,0.3545263837340648,0.0
MI2020+MI2021,PI276837,13.43,27.2482,0.5072276423180122,0.0
MI2020,PI329435,24.94,60.0367,0.5845874273569333,0.0
MI2021,PI329435,13.8,26.326,0.4758033882853453,0.0
MI2020+MI2021,PI329435,19.37,43.18135,0.5301954078211393,0.0
MI2020,PI329440,11.09,44.9153,0.753090817605582,0.0
MI2021,PI329440,14.6,25.108,0.4185120280388721,0.0
MI2020+MI2021,PI329440,12.845,35.01165,0.585801422822227,0.0
MI2020,PI34911,32.562,94.36366,0.6549307222716881,0.0
MI2021,PI34911,15.0,32.194,0.5340746722991863,0.0
MI2020+MI2021,PI34911,23.781,63.278830000000006,0.5945026972854373,0.0
MI2020,PI35038,24.84,81.5982,0.6955815201805922,0.0
MI2021,PI35038,14.2,36.1923,0.6076513512542724,0.0
MI2020+MI2021,PI35038,19.52,58.89525,0.6516164357174323,0.0
MI2020,PI533752,26.66,70.5308,0.6220091080776059,0.0
MI2021,PI533752,12.4,23.5416,0.4732728446664627,0.0
MI2020+MI2021,PI533752,19.53,47.0362,0.5476409763720343,0.0
MI2020,PI533754,14.98,40.6636,0.6316115641507393,2.0
MI2021,PI533754,8.6,18.7727,0.5418879543166407,2.0
MI2020+MI2021,PI533754,11.79,29.71815,0.58674975923369,2.0
MI2020,PI533755,34.4,82.2409,0.581716639774127,0.0
MI2021,PI533755,9.7,23.4246,0.5859054156741205,0.0
MI2020+MI2021,PI533755,22.05,52.83275,0.5838110277241237,0.0
MI2020,PI533757,16.6,51.7049,0.6789472564495821,0.0
MI2021,PI533757,27.7,61.7271,0.5512505852372783,0.0
MI2020+MI2021,PI533757,22.15,56.716,0.6150989208434302,0.0
MI2020,PI533758,22.2,51.1463,0.5659510072087326,0.0
MI2021,PI533758,12.5,24.0045,0.4792643046095524,0.0
MI2020+MI2021,PI533758,17.35,37.5754,0.5226076559091425,0.0
MI2020,PI533759,28.5,72.716,0.6080642499587435,0.0
MI2021,PI533759,13.95,26.9977,0.4832893172381351,0.0
MI2020+MI2021,PI533759,21.225,49.85685,0.5456767835984393,0.0
MI2020,PI533760,25.92,68.8827,0.6237081299077998,0.0
MI2021,PI533760,30.3,62.6282,0.5161923861774727,0.0
MI2020+MI2021,PI533760,28.11,65.75545,0.5699502580426362,0.0
MI2020,PI533761,11.68,34.1237,0.6577158983345885,0.0
MI2021,PI533761,10.5,19.2939,0.4557865439335749,0.0
MI2020+MI2021,PI533761,11.09,26.7088,0.5567512211340817,0.0
MI2020,PI533762,7.11,28.476,0.7503160556257902,0.0
MI2021,PI533762,12.8,28.4784,0.5505365469970223,0.0
MI2020+MI2021,PI533762,9.955,28.4772,0.6504263013114062,0.0
MI2020,PI533766,11.91,30.5233,0.6098062791375769,0.0
MI2021,PI533766,17.5,32.6037,0.4632511034023746,0.0
MI2020+MI2021,PI533766,14.705,31.5635,0.5365286912699758,0.0
MI2020,PI533769,12.15,21.612,0.4378123264852859,0.0
MI2021,PI533769,17.4,37.3275,0.533855736387382,0.0
MI2020+MI2021,PI533769,14.775,29.46975,0.4858340314363339,0.0
MI2020,PI533776,18.8,47.5622,0.6047281244349504,0.0
MI2021,PI533776,14.54,26.7872,0.4572034404491698,0.0
MI2020+MI2021,PI533776,16.67,37.1747,0.53096578244206,0.0
MI2020,PI533785,16.562,42.02846,0.6059336935019746,0.0
MI2021,PI533785,11.54,25.951,0.5553157874455705,0.0
MI2020+MI2021,PI533785,14.051,33.989729999999994,0.5806247404737725,0.0
MI2020,PI533788,18.0,45.1338,0.6011858075322707,0.0
MI2021,PI533788,13.0,24.9334,0.4786110197566316,0.0
MI2020+MI2021,PI533788,15.5,35.0336,0.5398984136444511,0.0
MI2020,PI533789,25.7,76.9722,0.6661132200976456,0.0
MI2021,PI533789,15.4,26.9469,0.4285056908215787,0.0
MI2020+MI2021,PI533789,20.55,51.95955,0.5473094554596122,0.0
MI2020,PI533792,32.1,77.3004,0.5847369483210954,0.0
MI2021,PI533792,27.73,51.7235,0.4638800545206724,0.0
MI2020+MI2021,PI533792,29.915,64.51195,0.5243085014208839,0.0
MI2020,PI533794,24.26,61.18816,0.603518066240266,0.0
MI2021,PI533794,14.46,25.1959,0.4260971031001075,0.0
MI2020+MI2021,PI533794,19.36,43.19203,0.5148075846701868,0.0
MI2020,PI533799,32.15,83.926,0.6169244334294498,0.0
MI2021,PI533799,19.61,38.1427,0.4858780317072467,0.0
MI2020+MI2021,PI533799,25.88,61.03435,0.5514012325683483,0.0
MI2020,PI533800,21.87,70.9173,0.6916126248461235,0.0
MI2021,PI533800,11.1,20.7386,0.4647661847955022,0.0
MI2020+MI2021,PI533800,16.485,45.82795,0.5781894048208128,0.0
MI2020,PI533807,25.6,63.458,0.5965835670837404,0.0
MI2021,PI533807,17.1,31.6554,0.4598078053033605,0.0
MI2020+MI2021,PI533807,21.35,47.5567,0.5281956861935504,0.0
MI2020,PI533810,27.48,86.7992,0.6834072203430446,0.0
MI2021,PI533810,23.7,58.66,0.5959768155472212,0.0
MI2020+MI2021,PI533810,25.59,72.7296,0.6396920179451329,0.0
MI2020,PI533814,23.85,82.0991,0.7094974244541049,0.0
MI2021,PI533814,13.48,35.2582,0.6176775898939821,0.0
MI2020+MI2021,PI533814,18.665,58.678650000000005,0.6635875071740436,0.0
MI2020,PI533821,24.44,77.6166,0.6851189049765128,0.0
MI2021,PI533821,26.74,78.6681,0.6600909390210263,0.0
MI2020+MI2021,PI533821,25.59,78.14235,0.6726049219987695,0.0
MI2020,PI533822,14.78,33.9686,0.5648922828730062,0.0
MI2021,PI533822,15.47,31.9357,0.5155891369220026,0.0
MI2020+MI2021,PI533822,15.125,32.95215,0.5402407098975044,0.0
MI2020,PI533824,13.97,44.2573,0.6843458593271619,0.0
MI2021,PI533824,22.86,52.9609,0.5683608095783871,0.0
MI2020+MI2021,PI533824,18.415,48.6091,0.6263533344527745,0.0
MI2020,PI533830,12.08,49.1762,0.7543527153379074,0.0
MI2021,PI533830,13.89,27.8774,0.5017469347930582,0.0
MI2020+MI2021,PI533830,12.985,38.5268,0.6280498250654828,0.0
MI2020,PI533838,6.74,15.3668,0.5613920920425853,0.0
MI2021,PI533838,15.9,37.3757,0.574589907346217,0.0
MI2020+MI2021,PI533838,11.32,26.37125,0.5679909996944011,0.0
MI2020,PI533839,7.43,17.2818,0.5700679327384879,0.0
MI2021,PI533839,14.3,25.5628,0.4405933622294897,0.0
MI2020+MI2021,PI533839,10.865,21.4223,0.5053306474839888,0.0
MI2020,PI533841,18.28,47.731,0.6170203850746894,0.0
MI2021,PI533841,31.84,76.1579,0.5819212452024018,0.0
MI2020+MI2021,PI533841,25.06,61.94445,0.5994708151385456,0.0
MI2020,PI533842,32.8,102.0975,0.678738460785034,0.0
MI2021,PI533842,31.68,77.4786,0.5911129008526226,0.0
MI2020+MI2021,PI533842,32.239999999999995,89.78805,0.6349256808188283,0.0
MI2020,PI533855,15.3,42.6458,0.6412307894329571,0.0
MI2021,PI533855,13.84,33.9528,0.5923752974717844,0.0
MI2020+MI2021,PI533855,14.57,38.2993,0.6168030434523708,0.0
MI2020,PI533856,41.62,123.8918,0.6640617054558898,0.0
MI2021,PI533856,25.71,67.0998,0.6168393944542309,0.0
MI2020+MI2021,PI533856,33.665,95.4958,0.6404505499550603,0.0
MI2020,PI533863,16.88,40.736,0.5856245090337785,0.0
MI2021,PI533863,15.4,28.7249,0.4638797698164311,0.0
MI2020+MI2021,PI533863,16.14,34.73045,0.5247521394251048,0.0
MI2020,PI533869,10.1,22.7606,0.5562507139530593,0.0
MI2021,PI533869,14.29,27.0806,0.4723159752738123,0.0
MI2020+MI2021,PI533869,12.195,24.9206,0.5142833446134358,0.0
MI2020,PI533871,31.05,73.4589,0.5773146616679531,0.0
MI2021,PI533871,18.8,40.6853,0.5379166431118856,0.0
MI2020+MI2021,PI533871,24.925,57.0721,0.5576156523899194,0.0
MI2020,PI533876,38.31,118.3012,0.6761655841191805,0.0
MI2021,PI533876,31.0,57.2238,0.4582673642784994,0.0
MI2020+MI2021,PI533876,34.655,87.76249999999999,0.5672164741988399,0.0
MI2020,PI533902,28.47,114.6672,0.7517162710871113,0.0
MI2021,PI533902,23.3,67.5482,0.6550611267213634,0.0
MI2020+MI2021,PI533902,25.885,91.1077,0.7033886989042373,0.0
MI2020,PI533903,16.01,64.1732,0.750518908204671,0.0
MI2021,PI533903,13.65,30.6147,0.5541357583121834,0.0
MI2020+MI2021,PI533903,14.830000000000002,47.39395,0.6523273332584272,0.0
MI2020,PI533910,11.4,24.6174,0.5369129152550635,0.0
MI2021,PI533910,14.5,23.7561,0.3896304528100151,0.0
MI2020+MI2021,PI533910,12.95,24.18675,0.4632716840325392,0.0
MI2020,PI533911,10.8,44.6588,0.7581663636282211,0.0
MI2021,PI533911,12.0,25.2285,0.5243474641774184,0.0
MI2020+MI2021,PI533911,11.4,34.94365,0.6412569139028197,0.0
MI2020,PI533912,15.35,30.3578,0.4943638867111583,0.0
MI2021,PI533912,16.5,40.4979,0.5925714666686421,0.0
MI2020+MI2021,PI533912,15.925,35.42785,0.5434676766899003,0.0
MI2020,PI533913,13.09,45.2058,0.710435386609683,0.0
MI2021,PI533913,13.9,26.9432,0.4840998842008373,0.0
MI2020+MI2021,PI533913,13.495,36.0745,0.5972676354052602,0.0
MI2020,PI533915,13.47,34.2156,0.6063199242450813,0.0
MI2021,PI533915,9.2,22.2019,0.5856210504506371,0.0
MI2020+MI2021,PI533915,11.335,28.20875,0.5959704873478592,0.0
MI2020,PI533919,29.77,103.5211,0.712425776001221,0.0
MI2021,PI533919,11.2,20.4741,0.4529674076027762,0.0
MI2020+MI2021,PI533919,20.485,61.997600000000006,0.5826965918019986,0.0
MI2020,PI533921,17.15,53.2946,0.6782037955064866,0.0
MI2021,PI533921,9.92,20.2091,0.5091320246819502,0.0
MI2020+MI2021,PI533921,13.535,36.751850000000005,0.5936679100942184,0.0
MI2020,PI533924,25.18,74.3735,0.6614385500211769,0.0
MI2021,PI533924,14.9,36.6702,0.5936755185409407,0.0
MI2020+MI2021,PI533924,20.04,55.52185,0.6275570342810588,0.0
MI2020,PI533936,4.2,7.2845,0.4234333173175921,0.0
MI2021,PI533936,20.9,53.2529,0.6075331108728351,0.0
MI2020+MI2021,PI533936,12.55,30.2687,0.5154832140952137,0.0
MI2020,PI533937,14.67,46.1794,0.6823258855680238,0.0
MI2021,PI533937,13.34,30.3472,0.5604207307428692,0.0
MI2020+MI2021,PI533937,14.005,38.2633,0.6213733081554464,0.0
MI2020,PI533938,16.69,38.533,0.5668647652661355,0.0
MI2021,PI533938,13.21,31.3069,0.5780482896741612,0.0
MI2020+MI2021,PI533938,14.95,34.91995,0.5724565274701483,0.0
MI2020,PI533940,12.7,36.0,0.6472222222222223,0.0
MI2021,PI533940,9.8,19.427,0.495547433983631,0.0
MI2020+MI2021,PI533940,11.25,27.7135,0.5713848281029266,0.0
MI2020,PI533943,26.29,80.6952,0.6742061485689359,2.0
MI2021,PI533943,25.2,64.0525,0.606572733304711,2.0
MI2020+MI2021,PI533943,25.745,72.37385,0.6403894409368234,2.0
MI2020,PI533948,16.2,42.6767,0.6204017648974733,0.0
MI2021,PI533948,16.69,31.3837,0.4681952733425313,0.0
MI2020+MI2021,PI533948,16.445,37.0302,0.5442985191200023,0.0
MI2020,PI533949,11.32,25.1299,0.5495405871093796,0.0
MI2021,PI533949,17.3,29.2001,0.4075362755607001,0.0
MI2020+MI2021,PI533949,14.31,27.165,0.4785384313350398,0.0
MI2020,PI533954,11.32,33.3706,0.6607792487998418,0.0
MI2021,PI533954,13.54,25.9097,0.4774157940848408,0.0
MI2020+MI2021,PI533954,12.43,29.64015,0.5690975214423414,0.0
MI2020,PI533955,15.94,38.9491,0.5907479248557734,0.0
MI2021,PI533955,10.2,27.7065,0.6318553408045043,0.0
MI2020+MI2021,PI533955,13.07,33.3278,0.6113016328301388,0.0
MI2020,PI533956,13.09,40.2273,0.6745990906672832,0.0
MI2021,PI533956,12.17,28.7843,0.5772000708719683,0.0
MI2020+MI2021,PI533956,12.63,34.5058,0.6258995807696257,0.0
MI2020,PI533957,10.25,25.3829,0.5961848330962971,0.0
MI2021,PI533957,10.0,22.9747,0.5647386037684932,0.0
MI2020+MI2021,PI533957,10.125,24.1788,0.5804617184323951,0.0
MI2020,PI533962,17.79,46.8668,0.6204135976853551,0.0
MI2021,PI533962,17.47,29.768,0.4131281913464123,0.0
MI2020+MI2021,PI533962,17.63,38.3174,0.5167708945158838,0.0
MI2020,PI533964,32.34,98.407,0.6713648419319763,0.0
MI2021,PI533964,14.4,32.7635,0.5604865170082561,0.0
MI2020+MI2021,PI533964,23.37,65.58525,0.6159256794701162,0.0
MI2020,PI533965,14.75,43.0236,0.6571649048429234,0.0
MI2021,PI533965,27.28,62.1931,0.561366132255829,0.0
MI2020+MI2021,PI533965,21.015,52.60835,0.6092655185493763,0.0
MI2020,PI533967,28.29,83.1631,0.6598250906952723,0.0
MI2021,PI533967,17.6,35.0134,0.497335305911451,0.0
MI2020+MI2021,PI533967,22.945,59.08825,0.5785801983033616,0.0
MI2020,PI533970,21.5,63.2838,0.6602606038196189,0.0
MI2021,PI533970,32.1,82.0758,0.6088981161316734,0.0
MI2020+MI2021,PI533970,26.8,72.6798,0.6345793599756462,0.0
MI2020,PI533972,28.49,88.0041,0.6762650831040827,0.0
MI2021,PI533972,14.87,29.4731,0.495472142394251,0.0
MI2020+MI2021,PI533972,21.68,58.7386,0.5858686127491669,0.0
MI2020,PI533976,16.6,40.8801,0.5939344571074924,0.0
MI2021,PI533976,14.4,26.7334,0.4613479766883374,0.0
MI2020+MI2021,PI533976,15.5,33.80675,0.5276412168979149,0.0
MI2020,PI533979,6.75,16.6337,0.5941973223035164,0.0
MI2021,PI533979,17.69,32.4762,0.4552934148699663,0.0
MI2020+MI2021,PI533979,12.22,24.55495,0.5247453685867414,0.0
MI2020,PI533980,30.29,70.6133,0.5710439817994627,0.0
MI2021,PI533980,13.7,29.713,0.5389223572173797,0.0
MI2020+MI2021,PI533980,21.995,50.16315,0.5549831695084212,0.0
MI2020,PI533985,19.05,50.2188,0.6206599918755525,0.0
MI2021,PI533985,16.5,37.8391,0.5639431170403102,0.0
MI2020+MI2021,PI533985,17.775,44.02895,0.5923015544579313,0.0
MI2020,PI533986,19.65,49.072,0.5995679817411151,0.0
MI2021,PI533986,11.1,18.9943,0.41561415793159,0.0
MI2020+MI2021,PI533986,15.375,34.03315,0.5075910698363526,0.0
MI2020,PI533987,11.02,41.1952,0.7324931059929313,0.0
MI2021,PI533987,15.1,31.4736,0.5202328300543949,0.0
MI2020+MI2021,PI533987,13.06,36.3344,0.6263629680236631,0.0
MI2020,PI533989,29.81,87.4655,0.6591799052197723,0.0
MI2021,PI533989,11.4,29.4734,0.6132105559589324,0.0
MI2020+MI2021,PI533989,20.605,58.46945,0.6361952305893523,0.0
MI2020,PI533991,21.11,56.7165,0.6277979071346081,0.0
MI2021,PI533991,9.4,17.2455,0.454930271665072,0.0
MI2020+MI2021,PI533991,15.255,36.981,0.54136408939984,0.0
MI2020,PI533996,11.86,30.6275,0.6127663047914457,0.0
MI2021,PI533996,15.97,31.0005,0.4848470185964742,0.0
MI2020+MI2021,PI533996,13.915,30.814,0.54880666169396,0.0
MI2020,PI533997,8.95,17.886,0.4996086324499609,0.0
MI2021,PI533997,13.41,24.6528,0.4560455607476635,0.0
MI2020+MI2021,PI533997,11.18,21.2694,0.4778270965988122,0.0
MI2020,PI534009,31.95,102.5253,0.6883696024298392,0.0
MI2021,PI534009,15.1,45.3,0.6666666666666666,0.0
MI2020+MI2021,PI534009,23.525,73.91265,0.6775181345482529,0.0
MI2020,PI534021,31.0,105.7559,0.7068721461403099,0.0
MI2021,PI534021,28.08,58.3152,0.5184788871512058,0.0
MI2020+MI2021,PI534021,29.54,82.03555,0.6126755166457578,0.0
MI2020,PI534028,34.77,101.427,0.6571918719867491,0.0
MI2021,PI534028,36.67,91.386,0.598735036001138,0.0
MI2020+MI2021,PI534028,35.72,96.4065,0.6279634539939436,0.0
MI2020,PI534037,17.36,38.4844,0.5489081290081176,0.0
MI2021,PI534037,14.3,25.6327,0.4421188559925407,0.0
MI2020+MI2021,PI534037,15.83,32.05855,0.4955134925003291,0.0
MI2020,PI534046,7.1,17.103,0.5848681517862364,0.0
MI2021,PI534046,16.82,30.6117,0.4505368862232414,0.0
MI2020+MI2021,PI534046,11.96,23.85735,0.5177025190047388,0.0
MI2020,PI534047,12.182,25.14282,0.5154879206071555,0.0
MI2021,PI534047,14.98,23.4763,0.3619096706039708,0.0
MI2020+MI2021,PI534047,13.581,24.30956,0.4386987956055631,0.0
MI2020,PI534053,27.18,86.2619,0.6849130380851801,0.0
MI2021,PI534053,14.2,30.1323,0.5287449016503885,0.0
MI2020+MI2021,PI534053,20.69,58.1971,0.6068289698677842,0.0
MI2020,PI534054,23.44,70.2765,0.6664603388045791,0.0
MI2021,PI534054,10.46,21.9689,0.5238723832326607,0.0
MI2020+MI2021,PI534054,16.950000000000003,46.1227,0.59516636101862,0.0
MI2020,PI534063,8.59,21.7759,0.6055272112748498,0.0
MI2021,PI534063,15.3,24.7548,0.3819380483784962,0.0
MI2020+MI2021,PI534063,11.945,23.26535,0.493732629826673,0.0
MI2020,PI534070,38.6,92.8306,0.5841888342852465,0.0
MI2021,PI534070,11.25,19.7576,0.4305988581609102,0.0
MI2020+MI2021,PI534070,24.925,56.2941,0.5073938462230784,0.0
MI2020,PI534075,14.53,37.3589,0.6110699190821999,0.0
MI2021,PI534075,13.5,27.7808,0.51405287104763,0.0
MI2020+MI2021,PI534075,14.015,32.56985,0.5625613950649149,0.0
MI2020,PI534079,16.73,67.0054,0.7503186310357075,0.0
MI2021,PI534079,13.5,30.5006,0.5573857563457768,0.0
MI2020+MI2021,PI534079,15.115,48.753,0.6538521936907422,0.0
MI2020,PI534092,20.3,51.8456,0.6084527905936087,0.0
MI2021,PI534092,17.64,35.5381,0.503631313998216,0.0
MI2020+MI2021,PI534092,18.97,43.69185,0.5560420522959124,0.0
MI2020,PI534096,17.2,52.6179,0.6731150425995717,0.0
MI2021,PI534096,14.1,25.6891,0.4511290780914863,0.0
MI2020+MI2021,PI534096,15.65,39.1535,0.562122060345529,0.0
MI2020,PI534097,16.16,43.8592,0.6315482270538451,0.0
MI2021,PI534097,13.07,27.2842,0.5209681793858716,0.0
MI2020+MI2021,PI534097,14.615,35.5717,0.5762582032198583,0.0
MI2020,PI534099,15.04,34.3341,0.5619515292376966,0.0
MI2021,PI534099,11.27,20.7009,0.4555792260239893,0.0
MI2020+MI2021,PI534099,13.155,27.5175,0.508765377630843,0.0
MI2020,PI534101,22.77,61.4162,0.629250914253894,0.0
MI2021,PI534101,14.58,30.0091,0.5141473752961602,0.0
MI2020+MI2021,PI534101,18.675,45.71265,0.571699144775027,0.0
MI2020,PI534105,16.4,37.6851,0.5648147411045745,0.0
MI2021,PI534105,11.59,21.2794,0.4553417859526114,0.0
MI2020+MI2021,PI534105,13.995,29.48225,0.510078263528593,0.0
MI2020,PI534108,18.22,73.0135,0.7504571072472899,0.0
MI2021,PI534108,13.29,29.5059,0.5495816091019085,0.0
MI2020+MI2021,PI534108,15.755,51.2597,0.6500193581745992,0.0
MI2020,PI534112,38.0,101.5503,0.6258012039353896,0.0
MI2021,PI534112,25.6,52.661,0.513871745694157,0.0
MI2020+MI2021,PI534112,31.8,77.10565,0.5698364748147733,0.0
MI2020,PI534114,19.7,49.6005,0.6028265844094314,0.0
MI2021,PI534114,15.8,27.6154,0.4278554719468123,0.0
MI2020+MI2021,PI534114,17.75,38.60795,0.5153410281781219,0.0
MI2020,PI534115,24.28,80.6258,0.6988557012767626,0.0
MI2021,PI534115,17.4,37.9242,0.5411900580631892,0.0
MI2020+MI2021,PI534115,20.84,59.275,0.6200228796699758,0.0
MI2020,PI534116,9.8,31.9642,0.693406999080221,0.0
MI2021,PI534116,17.5,32.5508,0.4623788048220013,0.0
MI2020+MI2021,PI534116,13.65,32.2575,0.5778929019511112,0.0
MI2020,PI534117,15.0,41.186,0.6357985723304035,0.0
MI2021,PI534117,9.5,20.9376,0.5462708237811401,0.0
MI2020+MI2021,PI534117,12.25,31.0618,0.5910346980557718,0.0
MI2020,PI534123,25.4,71.6647,0.6455716691760378,0.0
MI2021,PI534123,15.62,37.7974,0.5867440617608619,0.0
MI2020+MI2021,PI534123,20.51,54.73105,0.6161578654684499,0.0
MI2020,PI534124,20.58,67.2556,0.6940031759437133,0.0
MI2021,PI534124,8.9,20.4293,0.5643512014606472,0.0
MI2020+MI2021,PI534124,14.739999999999998,43.84245,0.6291771887021802,0.0
MI2020,PI534127,20.31,53.3743,0.6194797870885427,0.0
MI2021,PI534127,11.56,22.813,0.4932713803533072,0.0
MI2020+MI2021,PI534127,15.935,38.09365,0.556375583720925,0.0
MI2020,PI534128,23.03,64.4267,0.642539506136431,0.0
MI2021,PI534128,25.07,68.3481,0.6332012155422023,0.0
MI2020+MI2021,PI534128,24.05,66.3874,0.6378703608393166,0.0
MI2020,PI534132,23.5,76.3348,0.6921456530966217,0.0
MI2021,PI534132,23.14,63.0148,0.6327846791547382,0.0
MI2020+MI2021,PI534132,23.32,69.6748,0.66246516612568,0.0
MI2020,PI534133,31.6,88.6891,0.6436991693455002,0.0
MI2021,PI534133,24.8,58.6885,0.577429990543292,0.0
MI2020+MI2021,PI534133,28.200000000000003,73.6888,0.6105645799443962,0.0
MI2020,PI534135,44.05,148.8298,0.7040243284611012,0.0
MI2021,PI534135,27.1,75.7393,0.6421936828040397,0.0
MI2020+MI2021,PI534135,35.575,112.28455,0.6731090056325704,0.0
MI2020,PI534137,14.41,36.4231,0.6043719507675074,0.0
MI2021,PI534137,11.7,20.9541,0.4416367202599969,0.0
MI2020+MI2021,PI534137,13.055,28.6886,0.5230043355137521,0.0
MI2020,PI534138,36.4,121.4806,0.700363679468162,0.0
MI2021,PI534138,18.5,39.0972,0.5268203349600483,0.0
MI2020+MI2021,PI534138,27.45,80.2889,0.6135920072141052,0.0
MI2020,PI534139,11.8,30.3162,0.6107691597231842,0.0
MI2021,PI534139,8.35,18.5212,0.5491652808673304,0.0
MI2020+MI2021,PI534139,10.075,24.4187,0.5799672202952573,0.0
MI2020,PI534144,22.14,62.827,0.6476037372467252,0.0
MI2021,PI534144,14.1,24.9887,0.4357449567204376,0.0
MI2020+MI2021,PI534144,18.12,43.90785,0.5416743469835814,0.0
MI2020,PI534148,24.42,78.7424,0.6898748323647742,0.0
MI2021,PI534148,15.7,36.2481,0.566873849939721,0.0
MI2020+MI2021,PI534148,20.06,57.49525,0.6283743411522476,0.0
MI2020,PI534155,25.81,95.2539,0.7290399658176725,0.0
MI2021,PI534155,26.0,76.284,0.6591683708248126,0.0
MI2020+MI2021,PI534155,25.905,85.76895,0.6941041683212426,0.0
MI2020,PI534157,52.11,152.3228,0.6578975701602124,0.0
MI2021,PI534157,26.2,57.2038,0.5419884692974942,0.0
MI2020+MI2021,PI534157,39.155,104.7633,0.5999430197288533,0.0
MI2020,PI534163,23.85,83.863,0.7156075981064355,0.0
MI2021,PI534163,13.8,33.6051,0.5893480453859682,0.0
MI2020+MI2021,PI534163,18.825000000000003,58.73405,0.6524778217462018,0.0
MI2020,PI534167,14.8,35.1979,0.5795203691129299,0.0
MI2021,PI534167,13.16,24.3745,0.4600914890561858,0.0
MI2020+MI2021,PI534167,13.98,29.7862,0.5198059290845578,0.0
MI2020,PI540816,25.13,73.3095,0.6572067740197383,0.0
MI2021,PI540816,30.16,57.3283,0.4739073023271229,0.0
MI2020+MI2021,PI540816,27.645,65.3189,0.5655570381734306,0.0
MI2020,PI542406,12.65,39.1199,0.6766351652228151,0.0
MI2021,PI542406,12.98,23.9654,0.4583858395854022,0.0
MI2020+MI2021,PI542406,12.815,31.54265,0.5675105024041087,0.0
MI2020,PI542718,23.86,71.882,0.6680671099858101,2.0
MI2021,PI542718,10.6,21.9786,0.5177126841564067,2.0
MI2020+MI2021,PI542718,17.23,46.9303,0.5928898970711084,2.0
MI2020,PI548797,23.01,58.7504,0.6083430921321386,0.0
MI2021,PI548797,14.5,27.8385,0.4791386030138118,0.0
MI2020+MI2021,PI548797,18.755000000000003,43.29445,0.5437408475729751,0.0
MI2020,PI552856,26.61,84.4996,0.6850872666852861,0.0
MI2021,PI552856,12.62,25.9721,0.5140939700678806,0.0
MI2020+MI2021,PI552856,19.615,55.23585,0.5995906183765833,0.0
MI2020,PI552861,21.15,60.7212,0.6516867255587835,0.0
MI2021,PI552861,23.37,54.7654,0.5732707147213386,0.0
MI2020+MI2021,PI552861,22.26,57.743300000000005,0.612478720140061,0.0
MI2020,PI561071,26.44,82.7258,0.6803899146336452,0.0
MI2021,PI561071,28.87,65.9818,0.5624551012551946,0.0
MI2020+MI2021,PI561071,27.655,74.3538,0.6214225079444199,0.0
MI2020,PI561072,13.7,62.9731,0.782446790772568,0.0
MI2021,PI561072,25.53,55.7688,0.5422171536773249,0.0
MI2020+MI2021,PI561072,19.615,59.37095,0.6623319722249464,0.0
MI2020,PI561073,27.26,117.0463,0.7671007114278708,0.0
MI2021,PI561073,11.8,27.7379,0.5745892803709004,0.0
MI2020+MI2021,PI561073,19.53,72.3921,0.6708449958993856,0.0
MI2020,PI561472,23.822,68.99962000000001,0.6547517218210767,0.0
MI2021,PI561472,13.23,27.1198,0.5121645439863126,0.0
MI2020+MI2021,PI561472,18.526,48.05971,0.5834581329036946,0.0
MI2020,PI564163,20.720666666666663,55.460366666666665,0.6263878529472398,0.0
MI2021,PI564163,13.197317073170732,28.17326341463415,0.5315659077565151,0.0
MI2020+MI2021,PI564163,16.958991869918698,41.81681504065041,0.5789768803518774,0.0
MI2020,PI564164,25.98,76.1378,0.6587765866626037,0.0
MI2021,PI564164,22.8,50.6667,0.5500002960524368,0.0
MI2020+MI2021,PI564164,24.39,63.40225,0.6043884413575202,0.0
MI2020,PI564165,32.85,100.0178,0.6715584625936584,0.0
MI2021,PI564165,35.7,80.8032,0.5581858144231912,0.0
MI2020+MI2021,PI564165,34.275000000000006,90.4105,0.6148721385084248,0.0
MI2020,PI565121,27.72,76.7718,0.6389299195798457,0.0
MI2021,PI565121,9.5,19.8789,0.5221063539733084,0.0
MI2020+MI2021,PI565121,18.61,48.32535,0.580518136776577,0.0
MI2020,PI576130,18.21,51.3605,0.6454473768752251,0.0
MI2021,PI576130,11.8,19.9952,0.4098583660078418,0.0
MI2020+MI2021,PI576130,15.005,35.67785,0.5276528714415335,0.0
MI2020,PI576333,14.14,43.0737,0.6717254380283096,0.0
MI2021,PI576333,10.41,26.5014,0.6071905635173991,0.0
MI2020+MI2021,PI576333,12.275,34.78755,0.6394580007728543,0.0
MI2020,PI576339,17.17,49.9063,0.6559552601575352,0.0
MI2021,PI576339,10.83,21.2174,0.4895698813238192,0.0
MI2020+MI2021,PI576339,14.0,35.56185,0.5727625707406772,0.0
MI2020,PI576340,23.52,69.5826,0.6619844616326496,0.0
MI2021,PI576340,14.04,35.2492,0.6016930880700839,0.0
MI2020+MI2021,PI576340,18.78,52.4159,0.6318387748513667,0.0
MI2020,PI576345,33.94,128.893,0.736680812767179,0.0
MI2021,PI576345,14.4,32.6345,0.5587491764850083,0.0
MI2020+MI2021,PI576345,24.17,80.76375,0.6477149946260936,0.0
MI2020,PI576348,7.7,22.4982,0.6577503978096025,0.0
MI2021,PI576348,13.69,25.9479,0.4724043178831428,0.0
MI2020+MI2021,PI576348,10.695,24.22305,0.5650773578463727,0.0
MI2020,PI576350,5.11,11.515,0.5562310030395137,0.0
MI2021,PI576350,13.1,22.2837,0.4121263524459582,0.0
MI2020+MI2021,PI576350,9.105,16.89935,0.4841786777427359,0.0
MI2020,PI576352,17.92,36.7909,0.5129230325977348,0.0
MI2021,PI576352,12.2,22.9408,0.4681964011717116,0.0
MI2020+MI2021,PI576352,15.06,29.86585,0.4905597168847231,0.0
MI2020,PI576359,16.53,42.6729,0.6126347166468649,2.0
MI2021,PI576359,15.7,31.8829,0.5075730250385003,2.0
MI2020+MI2021,PI576359,16.115000000000002,37.2779,0.5601038708426826,2.0
MI2020,PI576364,22.7,47.9073,0.5261682457579534,0.0
MI2021,PI576364,13.5,25.4785,0.4701414918460663,0.0
MI2020+MI2021,PI576364,18.1,36.6929,0.4981548688020099,0.0
MI2020,PI576366,6.6,18.9505,0.651724228912166,0.0
MI2021,PI576366,13.07,22.5749,0.421038409915437,0.0
MI2020+MI2021,PI576366,9.835,20.7627,0.5363813194138015,0.0
MI2020,PI576373,20.65,50.564,0.591606676686971,0.0
MI2021,PI576373,10.55,19.0316,0.445658799050001,0.0
MI2020+MI2021,PI576373,15.6,34.7978,0.5186327378684861,0.0
MI2020,PI576375,19.33,51.4006,0.6239343509608838,0.0
MI2021,PI576375,24.2,55.7743,0.5661084047670701,0.0
MI2020+MI2021,PI576375,21.765,53.58745,0.595021377863977,0.0
MI2020,PI576376,21.322,57.97756,0.632237024117607,0.0
MI2021,PI576376,13.82,37.0067,0.6265541104718876,0.0
MI2020+MI2021,PI576376,17.570999999999998,47.49213,0.6293955672947473,0.0
MI2020,PI576380,28.344,81.45652,0.6520352207533541,0.0
MI2021,PI576380,13.0,28.9202,0.5504872027164405,0.0
MI2020+MI2021,PI576380,20.672,55.18836,0.6012612117348972,0.0
MI2020,PI576381,20.8,61.0133,0.6590907228423967,0.0
MI2021,PI576381,15.9,26.037,0.3893305680377923,0.0
MI2020+MI2021,PI576381,18.35,43.52515,0.5242106454400945,0.0
MI2020,PI576385,18.6,47.7877,0.6107785057661281,0.0
MI2021,PI576385,15.5,25.2182,0.3853645383096335,0.0
MI2020+MI2021,PI576385,17.05,36.50295,0.4980715220378808,0.0
MI2020,PI576386,29.516,93.92924,0.6857634534251528,0.0
MI2021,PI576386,15.86,38.9017,0.5923057347108224,0.0
MI2020+MI2021,PI576386,22.688,66.41547,0.6390345940679876,0.0
MI2020,PI576387,20.96,66.8052,0.6862519684096448,0.0
MI2020+MI2021,PI576387,20.96,66.8052,0.6862519684096448,0.0
MI2020,PI576390,13.23,32.1545,0.5885490366822684,0.0
MI2021,PI576390,10.07,20.165,0.5006198859409868,0.0
MI2020+MI2021,PI576390,11.65,26.15975,0.5445844613116276,0.0
MI2020,PI576391,28.38,81.6012,0.6522109968971045,0.0
MI2021,PI576391,12.6,24.2935,0.481342746002017,0.0
MI2020+MI2021,PI576391,20.49,52.94735,0.5667768714495608,0.0
MI2020,PI576393,9.43,22.1259,0.5738026475759178,0.0
MI2021,PI576393,14.3,27.0776,0.4718882027949301,0.0
MI2020+MI2021,PI576393,11.865,24.601750000000003,0.522845425185424,0.0
MI2020,PI576396,15.0,39.7018,0.6221833770761024,0.0
MI2021,PI576396,8.4,17.7015,0.5254639437335819,0.0
MI2020+MI2021,PI576396,11.7,28.70165,0.5738236604048421,0.0
MI2020,PI576399,10.12,22.5935,0.5520835638568615,0.0
MI2021,PI576399,16.2,29.0004,0.4413870153515124,0.0
MI2020+MI2021,PI576399,13.16,25.79695,0.496735289604187,0.0
MI2020,PI576401,39.71,129.1389,0.6925016397073228,0.0
MI2021,PI576401,27.34,56.1796,0.5133464816410227,0.0
MI2020+MI2021,PI576401,33.525,92.65925,0.6029240606741728,0.0
MI2020,PI576418,18.71,43.644,0.5713041884336907,0.0
MI2021,PI576418,13.2,25.9224,0.4907878900101842,0.0
MI2020+MI2021,PI576418,15.955,34.7832,0.5310460392219375,0.0
MI2020,PI576422,24.01,72.2911,0.66787059541216,0.0
MI2021,PI576422,12.56,27.6673,0.5460344883671338,0.0
MI2020+MI2021,PI576422,18.285,49.9792,0.6069525418896469,0.0
MI2020,PI576425,33.97,99.7232,0.6593571004540568,0.0
MI2021,PI576425,24.93,55.9831,0.5546870394815578,0.0
MI2020+MI2021,PI576425,29.45,77.85315,0.6070220699678073,0.0
MI2020,PI576426,26.74,88.1921,0.6967982392980777,0.0
MI2021,PI576426,33.89,76.2804,0.55571811369631,0.0
MI2020+MI2021,PI576426,30.315,82.23625,0.6262581764971938,0.0
MI2020,PI576428,35.73,100.0982,0.6430505243850538,0.0
MI2021,PI576428,15.41,33.5125,0.540171577769489,0.0
MI2020+MI2021,PI576428,25.57,66.80535,0.5916110510772714,0.0
MI2020,PI576434,25.13,63.6464,0.6051622715503155,0.0
MI2021,PI576434,13.79,25.3235,0.455446522005252,0.0
MI2020+MI2021,PI576434,19.46,44.48495,0.5303043967777838,0.0
MI2020,PI576435,13.04,35.4841,0.6325114628805578,0.0
MI2021,PI576435,13.96,29.188,0.5217212553104015,0.0
MI2020+MI2021,PI576435,13.5,32.33605,0.5771163590954796,0.0
MI2020,PI576437,16.01,42.4447,0.6228033181999165,0.0
MI2021,PI576437,14.15,32.0471,0.5584623881724088,0.0
MI2020+MI2021,PI576437,15.080000000000002,37.2459,0.5906328531861627,0.0
MI2020,PI585291,20.17,55.4572,0.6362960986129844,0.0
MI2021,PI585291,31.48,76.7772,0.5899824427043444,0.0
MI2020+MI2021,PI585291,25.825000000000003,66.1172,0.6131392706586645,0.0
MI2020,PI585295,24.5,67.1217,0.6349913664284427,0.0
MI2021,PI585295,26.8,64.5988,0.5851316123519322,0.0
MI2020+MI2021,PI585295,25.65,65.86025000000001,0.6100614893901875,0.0
MI2020,PI595699,26.12,68.806,0.6203819434351655,2.0
MI2021,PI595699,15.1,22.6019,0.3319145735535508,2.0
MI2020+MI2021,PI595699,20.61,45.70395,0.4761482584943581,2.0
MI2020,PI595702,12.01,30.5395,0.6067388136675452,0.0
MI2021,PI595702,9.1,18.8555,0.517382196176182,0.0
MI2020+MI2021,PI595702,10.555,24.6975,0.5620605049218637,0.0
MI2020,PI595714,15.1,41.4329,0.6355553195648868,0.0
MI2021,PI595714,26.6,61.8678,0.5700509796695534,0.0
MI2020+MI2021,PI595714,20.85,51.65035,0.6028031496172201,0.0
MI2020,PI595718,10.42,20.4713,0.4909947096667041,0.0
MI2021,PI595718,14.39,25.6481,0.4389447951310233,0.0
MI2020+MI2021,PI595718,12.405,23.0597,0.4649697523988637,0.0
MI2020,PI595720,13.67,31.6239,0.5677320001644325,0.0
MI2021,PI595720,10.56,21.6325,0.511845602681151,0.0
MI2020+MI2021,PI595720,12.115,26.6282,0.5397888014227917,0.0
MI2020,PI595739,21.7,64.8858,0.6655662718191037,0.0
MI2021,PI595739,14.4,22.4259,0.3578853022621165,0.0
MI2020+MI2021,PI595739,18.05,43.65585,0.5117257870406101,0.0
MI2020,PI595740,27.05,78.1508,0.6538743045496656,0.0
MI2021,PI595740,20.1,32.0468,0.3727922912740116,0.0
MI2020+MI2021,PI595740,23.575000000000003,55.0988,0.5133332979118386,0.0
MI2020,PI595741,10.32,45.7097,0.7742273521812657,0.0
MI2021,PI595741,13.0,23.0685,0.4364609749225134,0.0
MI2020+MI2021,PI595741,11.66,34.3891,0.6053441635518896,0.0
MI2020,PI595743,26.31,54.8786,0.5205781488594826,0.0
MI2021,PI595743,22.9,58.7093,0.6099425474328599,0.0
MI2020+MI2021,PI595743,24.605,56.79395,0.5652603481461713,0.0
MI2020,PI595744,18.8,51.3867,0.6341465787840043,0.0
MI2021,PI595744,16.1,35.8459,0.5508551884594891,0.0
MI2020+MI2021,PI595744,17.450000000000003,43.6163,0.5925008836217467,0.0
MI2020,PI595745,22.38,62.242,0.640435718646573,0.0
MI2021,PI595745,13.3,23.8519,0.4423924299531693,0.0
MI2020+MI2021,PI595745,17.84,43.04695,0.5414140742998712,0.0
MI2020,PI597945,13.8,48.3896,0.7148147535834147,0.0
MI2021,PI597945,11.43,21.1365,0.4592292952948691,0.0
MI2020+MI2021,PI597945,12.615,34.76305,0.587022024439142,0.0
MI2020,PI597946,16.8,29.8558,0.4372952659114811,0.0
MI2021,PI597946,15.26,28.2398,0.4596279010474578,0.0
MI2020+MI2021,PI597946,16.03,29.0478,0.4484615834794695,0.0
MI2020,PI597949,21.1,60.9769,0.6539673220514653,0.0
MI2021,PI597949,14.64,28.0389,0.4778682473278196,0.0
MI2020+MI2021,PI597949,17.87,44.5079,0.5659177846896425,0.0
MI2020,PI597950,9.35,17.1937,0.4561961648743435,0.0
MI2021,PI597950,13.2,26.451,0.5009640467279121,0.0
MI2020+MI2021,PI597950,11.275,21.82235,0.4785801058011277,0.0
MI2020,PI597951,10.42,22.6551,0.5400594126708776,0.0
MI2021,PI597951,10.1,21.9839,0.5405728737849063,0.0
MI2020+MI2021,PI597951,10.26,22.3195,0.540316143227892,0.0
MI2020,PI597952,22.42,47.9219,0.5321554445879649,0.0
MI2021,PI597952,18.1,37.8993,0.5224186198689684,0.0
MI2020+MI2021,PI597952,20.26,42.9106,0.5272870322284666,0.0
MI2020,PI597958,17.62,51.9228,0.6606500419854092,0.0
MI2021,PI597958,9.3,21.8907,0.5751620551192972,0.0
MI2020+MI2021,PI597958,13.46,36.90675,0.6179060485523532,0.0
MI2020,PI597960,14.37,36.6327,0.6077275221318659,0.0
MI2021,PI597960,12.7,18.891,0.3277221957545921,0.0
MI2020+MI2021,PI597960,13.535,27.76185,0.467724858943229,0.0
MI2020,PI597961,16.83,38.6889,0.5649915091925591,0.0
MI2021,PI597961,16.22,30.7919,0.4732380918358399,0.0
MI2020+MI2021,PI597961,16.525,34.740399999999994,0.5191148005141996,0.0
MI2020,PI597965,24.4,57.0147,0.5720401931431719,0.0
MI2021,PI597965,10.8,18.573,0.4185107413988047,0.0
MI2020+MI2021,PI597965,17.6,37.79385,0.4952754672709882,0.0
MI2020,PI597966,16.3,36.6263,0.5549646019390437,0.0
MI2021,PI597966,17.78,30.5174,0.4173815593726857,0.0
MI2020+MI2021,PI597966,17.04,33.57185,0.4861730806558647,0.0
MI2020,PI597967,29.49,79.7769,0.6303441221707036,0.0
MI2021,PI597967,31.73,62.0011,0.4882348861552456,0.0
MI2020+MI2021,PI597967,30.61,70.889,0.5592895041629746,0.0
MI2020,PI597968,22.02,47.2427,0.533896242170748,0.0
MI2021,PI597968,14.25,27.3247,0.4784938169494999,0.0
MI2020+MI2021,PI597968,18.135,37.2837,0.506195029560124,0.0
MI2020,PI597971,33.93,101.3363,0.6651742761478364,0.0
MI2021,PI597971,13.3,28.453,0.5325624714441359,0.0
MI2020+MI2021,PI597971,23.615,64.89465,0.5988683737959861,0.0
MI2020,PI597972,16.99,44.9823,0.6222958808242354,0.0
MI2021,PI597972,20.1,40.2118,0.5001467231011791,0.0
MI2020+MI2021,PI597972,18.545,42.59705,0.5612213019627073,0.0
MI2020,PI597973,21.19,54.5352,0.6114436180668633,0.0
MI2021,PI597973,17.39,35.4828,0.5099033898114015,0.0
MI2020+MI2021,PI597973,19.29,45.009,0.5606735039391324,0.0
MI2020,PI597976,13.17,34.5343,0.6186400187639535,0.0
MI2021,PI597976,10.07,24.2128,0.5841042754245689,0.0
MI2020+MI2021,PI597976,11.62,29.37355,0.6013721470942612,0.0
MI2020,PI597980,15.12,30.1927,0.499216698076025,0.0
MI2021,PI597980,15.36,26.8323,0.4275555953086392,0.0
MI2020+MI2021,PI597980,15.239999999999998,28.5125,0.4633861466923321,0.0
MI2020,PI597982,11.598,22.72296,0.4895911448156402,0.0
MI2021,PI597982,14.5,25.1156,0.4226695758811257,0.0
MI2020+MI2021,PI597982,13.049,23.91928,0.4561303603483829,0.0
MI2020,PI598070,7.23,22.0902,0.6727055436347339,0.0
MI2021,PI598070,10.09,28.0706,0.6405491866935512,0.0
MI2020+MI2021,PI598070,8.66,25.0804,0.6566273651641426,0.0
MI2020,PI607931,30.52,94.774,0.6779707514719228,0.0
MI2021,PI607931,31.4,67.5694,0.5352926028646103,0.0
MI2020+MI2021,PI607931,30.96,81.1717,0.6066316771682665,0.0
MI2020,PI613536,52.2,106.6076,0.5103538584491162,0.0
MI2021,PI613536,45.4,83.9813,0.4594034624374712,0.0
MI2020+MI2021,PI613536,48.8,95.29445,0.4848786604432937,0.0
MI2020,PI629034,14.94,35.8923,0.583754732909287,0.0
MI2021,PI629034,10.24,22.1018,0.5366893194219475,0.0
MI2020+MI2021,PI629034,12.59,28.99705,0.5602220261656172,0.0
MI2020,PI629040,29.62,92.4517,0.6796164916383365,0.0
MI2020+MI2021,PI629040,29.62,92.4517,0.6796164916383365,0.0
MI2020,PI629059,23.19,92.2457,0.7486061680923881,0.0
MI2021,PI629059,10.9,23.862,0.5432067722739082,0.0
MI2020+MI2021,PI629059,17.045,58.05385,0.6459064701831482,0.0
MI2020,PI641824,17.26,61.4894,0.719301212891978,0.0
MI2021,PI641824,18.7,32.2223,0.4196565732427542,0.0
MI2020+MI2021,PI641824,17.98,46.85585,0.5694788930673661,0.0
MI2020,PI641836,23.99,66.1636,0.6374139254816849,0.0
MI2021,PI641836,12.88,37.2658,0.6543747886802376,0.0
MI2020+MI2021,PI641836,18.435,51.7147,0.6458943570809612,0.0
MI2020,PI641849,18.7,48.2622,0.6125332040396003,0.0
MI2021,PI641849,15.7,45.0881,0.6517928233835535,0.0
MI2020+MI2021,PI641849,17.2,46.67515,0.6321630137115769,0.0
MI2020,PI641874,13.4,34.5104,0.6117112522601882,0.0
MI2021,PI641874,12.98,30.0229,0.567663350309264,0.0
MI2020+MI2021,PI641874,13.19,32.26665,0.5896873012847261,0.0
MI2020,PI642791,27.74,76.1977,0.6359470167734722,0.0
MI2020+MI2021,PI642791,27.74,76.1977,0.6359470167734722,0.0
MI2020,PI642793,14.27,34.0148,0.5804767336571139,0.0
MI2021,PI642793,12.2,26.5644,0.5407387330412131,0.0
MI2020+MI2021,PI642793,13.235,30.2896,0.5606077333491635,0.0
MI2020,PI642992,28.803999999999995,82.25778,0.6498325143226574,0.0
MI2020+MI2021,PI642992,28.803999999999995,82.25778,0.6498325143226574,0.0
MI2020,PI642998,15.99,38.9393,0.5893608770573687,0.0
MI2021,PI642998,17.6,35.2168,0.5002385225233411,0.0
MI2020+MI2021,PI642998,16.795,37.078050000000005,0.5447996997903549,0.0
MI2020,PI651492,32.53,68.9542,0.5282375837874995,0.0
MI2021,PI651492,14.7,25.2994,0.4189585523767362,0.0
MI2020+MI2021,PI651492,23.615,47.1268,0.4735980680821178,0.0
MI2020,PI651496,53.7,108.6617,0.5058056334476637,0.0
MI2021,PI651496,31.46,77.4236,0.5936639474268827,0.0
MI2020+MI2021,PI651496,42.58,93.04265,0.5497347904372731,0.0
MI2020,PI653616,27.36,67.3905,0.5940080575155252,0.0
MI2021,PI653616,10.3,20.7158,0.5027949680919878,0.0
MI2020+MI2021,PI653616,18.83,44.05315,0.5484015128037565,0.0
MI2020,PI653617,16.26,51.1159,0.681899369863389,0.0
MI2021,PI653617,10.57,26.0222,0.5938083636279792,0.0
MI2020+MI2021,PI653617,13.415,38.56905,0.6378538667456841,0.0
MI2020,PI655970,26.32,88.8511,0.7037740669502122,0.0
MI2021,PI655970,14.4,31.5388,0.5434195340342688,0.0
MI2020+MI2021,PI655970,20.36,60.19495,0.6235968004922405,0.0
MI2020,PI655971,16.1,33.0696,0.5131480271911363,0.0
MI2021,PI655971,11.5,22.8038,0.4956980854068181,0.0
MI2020+MI2021,PI655971,13.8,27.9367,0.5044230562989772,0.0
MI2020,PI655972,28.83,81.326,0.6455008238447729,0.0
MI2021,PI655972,11.4,20.7042,0.4493870808821398,0.0
MI2020+MI2021,PI655972,20.115,51.0151,0.5474439523634564,0.0
MI2020,PI655973,31.1,82.0326,0.6208824296682051,0.0
MI2021,PI655973,13.41,27.4986,0.5123388099757806,0.0
MI2020+MI2021,PI655973,22.255000000000003,54.7656,0.5666106198219929,0.0
MI2020,PI655974,21.9,62.2978,0.6484627065482248,0.0
MI2021,PI655974,24.08,58.1058,0.5855835389926651,0.0
MI2020+MI2021,PI655974,22.99,60.201800000000006,0.617023122770445,0.0
MI2020,PI655975,29.09,86.7401,0.6646303151598857,0.0
MI2021,PI655975,14.48,27.5468,0.4743491077003499,0.0
MI2020+MI2021,PI655975,21.785,57.14345,0.5694897114301178,0.0
MI2020,PI655976,26.74,77.3993,0.6545188393176683,0.0
MI2021,PI655976,12.6,25.0028,0.496056441678532,0.0
MI2020+MI2021,PI655976,19.67,51.20105,0.5752876404981002,0.0
MI2020,PI655977,25.36,71.5703,0.6456630753259383,0.0
MI2021,PI655977,17.7,34.8687,0.4923814194392105,0.0
MI2020+MI2021,PI655977,21.53,53.2195,0.5690222473825743,0.0
MI2020,PI655978,23.13,74.6234,0.6900436056250453,0.0
MI2020+MI2021,PI655978,23.13,74.6234,0.6900436056250453,0.0
MI2020,PI655979,17.338,43.71562,0.6033911906087572,0.0
MI2021,PI655979,17.7,41.3509,0.5719561122007019,0.0
MI2020+MI2021,PI655979,17.519,42.53326,0.5876736514047296,0.0
MI2020,PI655980,6.35,15.8223,0.5986677031784254,0.0
MI2021,PI655980,15.35,36.4294,0.5786370349223429,0.0
MI2020+MI2021,PI655980,10.85,26.12585,0.5886523690503842,0.0
MI2020,PI655983,33.18,109.7442,0.6976605597380089,0.0
MI2021,PI655983,14.5,39.5373,0.6332577085435779,0.0
MI2020+MI2021,PI655983,23.84,74.64075,0.6654591341407934,0.0
MI2020,PI655984,17.2,45.8035,0.6244828451974195,0.0
MI2021,PI655984,12.9,24.7565,0.4789247268394159,0.0
MI2020+MI2021,PI655984,15.05,35.28,0.5517037860184177,0.0
MI2020,PI655985,28.56,96.8383,0.7050753679071193,0.0
MI2021,PI655985,10.95,23.0967,0.5259062983023549,0.0
MI2020+MI2021,PI655985,19.755,59.9675,0.6154908331047371,0.0
MI2020,PI655986,18.01,60.2119,0.7008896912404358,0.0
MI2021,PI655986,12.48,26.0894,0.5216448059365106,0.0
MI2020+MI2021,PI655986,15.245,43.15065,0.6112672485884731,0.0
MI2020,PI655987,20.4,52.1016,0.6084573218480814,0.0
MI2021,PI655987,10.21,17.2685,0.4087500361930682,0.0
MI2020+MI2021,PI655987,15.305,34.68505,0.5086036790205748,0.0
MI2020,PI655988,14.64,39.329,0.6277556001932416,0.0
MI2021,PI655988,10.1,21.6369,0.5332048491234882,0.0
MI2020+MI2021,PI655988,12.37,30.48295,0.5804802246583649,0.0
MI2020,PI655989,29.9,62.6594,0.5228170075040617,0.0
MI2021,PI655989,11.94,24.7512,0.5175991467080384,0.0
MI2020+MI2021,PI655989,20.92,43.7053,0.52020807710605,0.0
MI2020,PI655990,12.08,25.5982,0.5280918189560203,0.0
MI2021,PI655990,10.9,20.5634,0.4699320151336841,0.0
MI2020+MI2021,PI655990,11.49,23.0808,0.4990119170448522,0.0
MI2020,PI655991,34.08,102.273,0.6667742219354081,0.0
MI2021,PI655991,12.84,32.3692,0.6033266191317672,0.0
MI2020+MI2021,PI655991,23.46,67.3211,0.6350504205335876,0.0
MI2020,PI655992,18.33,53.195,0.6554187423630041,0.0
MI2021,PI655992,15.1,39.8571,0.6211465460357126,0.0
MI2020+MI2021,PI655992,16.715,46.52605,0.6382826441993583,0.0
MI2020,PI655993,24.29,73.3711,0.6689432215136477,0.0
MI2021,PI655993,13.91,28.6019,0.5136686723609271,0.0
MI2020+MI2021,PI655993,19.1,50.9865,0.5913059469372874,0.0
MI2020,PI655995,13.88,38.4912,0.6393980961882195,0.0
MI2020+MI2021,PI655995,13.88,38.4912,0.6393980961882195,0.0
MI2020,PI655996,19.31,55.5418,0.6523339178780667,0.0
MI2021,PI655996,27.8,64.8607,0.5713891462781006,0.0
MI2020+MI2021,PI655996,23.555,60.20125,0.6118615320780836,0.0
MI2020,PI655997,18.6,51.7289,0.6404331041255469,0.0
MI2021,PI655997,13.75,23.0366,0.4031237248552303,0.0
MI2020+MI2021,PI655997,16.175,37.38275,0.5217784144903886,0.0
MI2020,PI655998,14.05,37.298,0.6233041986165478,0.0
MI2021,PI655998,9.3,18.2125,0.4893617021276595,0.0
MI2020+MI2021,PI655998,11.675,27.75525,0.5563329503721037,0.0
MI2020,PI655999,55.5,154.3784,0.6404937478300073,0.0
MI2021,PI655999,74.4,141.5624,0.4744367148338824,0.0
MI2020+MI2021,PI655999,64.95,147.97039999999998,0.5574652313319448,0.0
MI2020,PI656000,19.24,47.7984,0.5974760661444735,0.0
MI2021,PI656000,11.17,21.4661,0.4796446490047097,0.0
MI2020+MI2021,PI656000,15.204999999999998,34.63225,0.5385603575745916,0.0
MI2020,PI656001,19.2,60.2697,0.6814319633248548,0.0
MI2021,PI656001,17.47,34.8124,0.4981673196906849,0.0
MI2020+MI2021,PI656001,18.335,47.54105,0.5897996415077699,0.0
MI2020,PI656002,32.61,109.2755,0.7015799515902467,0.0
MI2021,PI656002,8.95,21.197,0.5777704392130962,0.0
MI2020+MI2021,PI656002,20.78,65.23625,0.6396751954016715,0.0
MI2020,PI656003,14.54,43.671,0.6670559410134872,0.0
MI2021,PI656003,12.79,30.7409,0.5839419145177923,0.0
MI2020+MI2021,PI656003,13.665,37.20595,0.6254989277656398,0.0
MI2020,PI656004,23.49,70.7909,0.6681776895052896,0.0
MI2021,PI656004,14.62,30.8624,0.5262844108040853,0.0
MI2020+MI2021,PI656004,19.055,50.82665,0.5972310501546874,0.0
MI2020,PI656005,17.4,37.185,0.5320693828156515,0.0
MI2021,PI656005,13.4,26.4485,0.493355010681135,0.0
MI2020+MI2021,PI656005,15.4,31.81675,0.5127121967483933,0.0
MI2020,PI656006,30.81,94.9951,0.6756674817964294,0.0
MI2021,PI656006,14.45,29.759,0.5144326086226017,0.0
MI2020+MI2021,PI656006,22.63,62.37705,0.5950500452095155,0.0
MI2020,PI656007,19.84,54.0755,0.6331055653669407,0.0
MI2021,PI656007,17.27,33.9144,0.4907767791852429,0.0
MI2020+MI2021,PI656007,18.555,43.99495,0.5619411722760919,0.0
MI2020,PI656008,32.244,111.30422,0.7103074798062463,0.0
MI2021,PI656008,28.8,64.5197,0.5536247068724747,0.0
MI2020+MI2021,PI656008,30.522,87.91196,0.6319660933393605,0.0
MI2020,PI656010,19.8,54.7511,0.6383634301411295,0.0
MI2021,PI656010,13.6,31.1885,0.5639418375362715,0.0
MI2020+MI2021,PI656010,16.7,42.9698,0.6011526338387005,0.0
MI2020,PI656011,22.02,60.3605,0.6351918887351828,0.0
MI2021,PI656011,19.3,40.6895,0.5256761572395827,0.0
MI2020+MI2021,PI656011,20.66,50.525000000000006,0.5804340229873828,0.0
MI2020,PI656012,24.81,77.2005,0.678629024423417,0.0
MI2021,PI656012,15.5,34.1061,0.5455358425618877,0.0
MI2020+MI2021,PI656012,20.155,55.6533,0.6120824334926523,0.0
MI2020,PI656013,33.936,86.03788,0.6055690818974154,2.0
MI2021,PI656013,50.7,90.5551,0.4401198828116803,2.0
MI2020+MI2021,PI656013,42.318,88.29649,0.522844482354548,2.0
MI2020,PI656014,14.73,42.3461,0.652152146242511,0.0
MI2021,PI656014,10.6,23.9446,0.5573114606216015,0.0
MI2020+MI2021,PI656014,12.665,33.14535,0.6047318034320563,0.0
MI2020,PI656015,18.28,61.0006,0.7003308164181992,0.0
MI2021,PI656015,17.4,34.6512,0.4978528882116637,0.0
MI2020+MI2021,PI656015,17.84,47.8259,0.5990918523149315,0.0
MI2020,PI656016,18.9,51.5769,0.6335568830232139,0.0
MI2021,PI656016,14.32,37.2658,0.6157334607065996,0.0
MI2020+MI2021,PI656016,16.61,44.42135,0.6246451718649068,0.0
MI2020,PI656017,38.84,123.478,0.6854500396831824,0.0
MI2021,PI656017,25.1,63.7743,0.6064245315119099,0.0
MI2020+MI2021,PI656017,31.97,93.62615,0.6459372855975462,0.0
MI2020,PI656018,23.12,69.4216,0.6669624439655668,0.0
MI2021,PI656018,14.35,31.8934,0.5500636495325051,0.0
MI2020+MI2021,PI656018,18.735,50.6575,0.608513046749036,0.0
MI2020,PI656019,10.99,25.6757,0.5719688265558485,0.0
MI2021,PI656019,9.7,19.5678,0.504287656251597,0.0
MI2020+MI2021,PI656019,10.345,22.62175,0.5381282414037227,0.0
MI2020,PI656020,13.51,36.7123,0.6320034429877726,0.0
MI2021,PI656020,14.9,28.2356,0.4722973834450127,0.0
MI2020+MI2021,PI656020,14.205,32.47395,0.5521504132163926,0.0
MI2020,PI656021,12.19,30.8231,0.6045173911773961,0.0
MI2021,PI656021,10.89,21.0816,0.4834357923497268,0.0
MI2020+MI2021,PI656021,11.54,25.952350000000003,0.5439765917635615,0.0
MI2020,PI656022,14.18,36.4247,0.6107037257685033,0.0
MI2021,PI656022,14.94,32.9272,0.5462717753103817,0.0
MI2020+MI2021,PI656022,14.56,34.67595,0.5784877505394426,0.0
MI2020,PI656023,24.1,69.0085,0.650767659056493,0.0
MI2021,PI656023,15.36,24.9845,0.3852188356781205,0.0
MI2020+MI2021,PI656023,19.73,46.9965,0.5179932473673068,0.0
MI2020,PI656024,28.32,84.7961,0.6660223760290862,0.0
MI2021,PI656024,22.5,56.547,0.6021009072099316,0.0
MI2020+MI2021,PI656024,25.41,70.67155,0.6340616416195088,0.0
MI2020,PI656025,30.2,70.9409,0.5742935316580421,2.0
MI2021,PI656025,12.3,20.6608,0.4046697126926352,2.0
MI2020+MI2021,PI656025,21.25,45.80085,0.4894816221753386,2.0
MI2020,PI656026,32.8,122.8238,0.7329507798977072,0.0
MI2021,PI656026,13.2,28.8971,0.543206757771541,0.0
MI2020+MI2021,PI656026,23.0,75.86045,0.6380787688346241,0.0
MI2020,PI656027,32.0,107.1746,0.701421792103726,0.0
MI2021,PI656027,34.3,79.6524,0.5693789515444607,0.0
MI2020+MI2021,PI656027,33.15,93.4135,0.6354003718240934,0.0
MI2020,PI656028,26.370000000000005,73.92678000000001,0.6432957042089483,0.0
MI2021,PI656028,18.59,42.135,0.5587990981369407,0.0
MI2020+MI2021,PI656028,22.480000000000004,58.03089,0.6010474011729445,0.0
MI2020,PI656029,22.0,61.4483,0.6419754492801265,0.0
MI2021,PI656029,29.48,72.5684,0.5937625743436536,0.0
MI2020+MI2021,PI656029,25.74,67.00835000000001,0.6178690118118901,0.0
MI2020,PI656031,20.454,51.66423999999999,0.6040975343874215,0.0
MI2021,PI656031,15.6,31.6473,0.5070669535789782,0.0
MI2020+MI2021,PI656031,18.027,41.65577,0.5555822439831999,0.0
MI2020,PI656032,31.33,76.7273,0.5916707612544687,0.0
MI2021,PI656032,17.58,32.4984,0.4590502917066686,0.0
MI2020+MI2021,PI656032,24.455,54.61285,0.5253605264805686,0.0
MI2020,PI656033,28.96,80.114,0.6385151159597574,0.0
MI2021,PI656033,15.0,30.4542,0.5074570995133676,0.0
MI2020+MI2021,PI656033,21.98,55.2841,0.5729861077365626,0.0
MI2020,PI656034,19.3,69.4233,0.7219953531451256,0.0
MI2021,PI656034,12.97,20.2671,0.3600465779514582,0.0
MI2020+MI2021,PI656034,16.135,44.8452,0.5410209655482919,0.0
MI2020,PI656035,14.96,57.6104,0.7403246636024051,0.0
MI2021,PI656035,10.98,19.2968,0.4309937398946976,0.0
MI2020+MI2021,PI656035,12.97,38.4536,0.5856592017485514,0.0
MI2020,PI656036,32.862,99.1567,0.6685851788129294,0.0
MI2021,PI656036,44.3,102.7609,0.5689021797201076,0.0
MI2020+MI2021,PI656036,38.581,100.9588,0.6187436792665185,0.0
MI2020,PI656037,34.22,99.3269,0.6554810428997583,0.0
MI2021,PI656037,16.4,38.0206,0.5686548870875263,0.0
MI2020+MI2021,PI656037,25.31,68.67375,0.6120679649936422,0.0
MI2020,PI656038,22.04,96.79,0.7722905258807727,0.0
MI2021,PI656038,23.7,66.4239,0.6432007154051478,0.0
MI2020+MI2021,PI656038,22.87,81.60695000000001,0.7077456206429602,0.0
MI2020,PI656039,31.454,80.7798,0.6106204769014035,0.0
MI2021,PI656039,14.7,29.1916,0.4964304800010962,0.0
MI2020+MI2021,PI656039,23.077,54.9857,0.5535254784512499,0.0
MI2020,PI656040,34.47,110.175,0.6871341048332199,0.0
MI2021,PI656040,27.3,68.5912,0.6019897596193098,0.0
MI2020+MI2021,PI656040,30.885,89.3831,0.6445619322262648,0.0
MI2020,PI656041,16.2,46.9406,0.6548829797659169,0.0
MI2021,PI656041,15.4,30.9198,0.5019372699694047,0.0
MI2020+MI2021,PI656041,15.8,38.9302,0.5784101248676607,0.0
MI2020,PI656042,32.69,99.1345,0.6702459789477931,0.0
MI2021,PI656042,14.46,23.6704,0.3891104501825064,0.0
MI2020+MI2021,PI656042,23.575,61.40245,0.5296782145651497,0.0
MI2020,PI656043,40.36,125.63596,0.6787543948404581,0.0
MI2021,PI656043,30.3,90.6649,0.6658023115891597,0.0
MI2020+MI2021,PI656043,35.33,108.15043,0.6722783532148089,0.0
MI2020,PI656044,29.474,89.46392,0.6705487530615694,0.0
MI2021,PI656044,15.6,36.2605,0.569779787923498,0.0
MI2020+MI2021,PI656044,22.537,62.862210000000005,0.6201642704925336,0.0
MI2020,PI656046,30.62,83.4831,0.6332191784924134,2.0
MI2021,PI656046,11.76,20.4185,0.4240517178049318,2.0
MI2020+MI2021,PI656046,21.19,51.9508,0.5286354481486726,2.0
MI2020,PI656047,45.74,117.7417,0.6115225107162543,0.0
MI2021,PI656047,44.96,111.3408,0.5961947462206126,0.0
MI2020+MI2021,PI656047,45.35,114.54125,0.6038586284684335,0.0
MI2020,PI656048,32.18,96.185,0.6654363986068513,0.0
MI2021,PI656048,16.8,28.8307,0.4172878216623252,0.0
MI2020+MI2021,PI656048,24.49,62.507850000000005,0.5413621101345882,0.0
MI2020,PI656049,22.5,63.4656,0.6454772349115111,0.0
MI2021,PI656049,13.27,24.4584,0.4574461125829981,0.0
MI2020+MI2021,PI656049,17.884999999999998,43.962,0.5514616737472546,0.0
MI2020,PI656050,31.05,77.6139,0.5999427937521501,0.0
MI2021,PI656050,14.12,26.6812,0.4707884203109306,0.0
MI2020+MI2021,PI656050,22.585,52.14755,0.5353656070315403,0.0
MI2020,PI656051,39.21,123.428,0.6823249181709173,0.0
MI2021,PI656051,19.11,36.8852,0.4819060219274939,0.0
MI2020+MI2021,PI656051,29.16,80.1566,0.5821154700492056,0.0
MI2020,PI656052,11.73,28.8502,0.59341703003792,0.0
MI2021,PI656052,13.9,23.8212,0.416486155189495,0.0
MI2020+MI2021,PI656052,12.815,26.335700000000003,0.5049515926137076,0.0
MI2020,PI656053,26.73,111.6198,0.7605263582267662,0.0
MI2021,PI656053,23.0,53.8487,0.5728773396572248,0.0
MI2020+MI2021,PI656053,24.865,82.73425,0.6667018489419955,0.0
MI2020,PI656055,25.15,76.6974,0.6720879716913482,0.0
MI2021,PI656055,9.8,22.0208,0.5549662137615345,0.0
MI2020+MI2021,PI656055,17.475,49.3591,0.6135270927264413,0.0
MI2020,PI656056,10.3,33.2585,0.6903047341281175,0.0
MI2021,PI656056,24.14,53.516,0.5489199491740787,0.0
MI2020+MI2021,PI656056,17.22,43.38725,0.6196123416510981,0.0
MI2020,PI656057,29.53,115.4188,0.7441491334167397,0.0
MI2021,PI656057,12.8,25.5631,0.4992782565494795,0.0
MI2020+MI2021,PI656057,21.165,70.49095,0.6217136949831096,0.0
MI2020,PI656058,21.42,72.5295,0.7046718921266519,0.0
MI2021,PI656058,13.47,31.1301,0.5672998159337748,0.0
MI2020+MI2021,PI656058,17.445,51.8298,0.6359858540302133,0.0
MI2020,PI656059,23.85,53.7724,0.5564639108538952,0.0
MI2021,PI656059,25.5,53.9927,0.527713931698174,0.0
MI2020+MI2021,PI656059,24.675,53.88255,0.5420889212760347,0.0
MI2020,PI656060,21.54,58.5308,0.6319886282094214,0.0
MI2021,PI656060,11.3,28.1019,0.5978919574833018,0.0
MI2020+MI2021,PI656060,16.42,43.31635,0.6149402928463616,0.0
MI2020,PI656061,24.2,77.7477,0.6887367729206136,0.0
MI2021,PI656061,21.1,55.3944,0.6190950709819043,0.0
MI2020+MI2021,PI656061,22.65,66.57105,0.6539159219512589,0.0
MI2020,PI656062,26.47,78.1045,0.6610950713467214,0.0
MI2021,PI656062,27.4,65.8308,0.5837814518432102,0.0
MI2020+MI2021,PI656062,26.935,71.96764999999999,0.6224382615949657,0.0
MI2020,PI656064,50.37,105.156,0.520997375328084,2.0
MI2020+MI2021,PI656064,50.37,105.156,0.520997375328084,2.0
MI2020,PI656065,17.53,43.8707,0.6004166790135557,0.0
MI2021,PI656065,16.2,32.9285,0.5080249631777943,0.0
MI2020+MI2021,PI656065,16.865000000000002,38.3996,0.5542208210956749,0.0
MI2020,PI656066,63.4,147.4908,0.5701426800858087,0.0
MI2020+MI2021,PI656066,63.4,147.4908,0.5701426800858087,0.0
MI2020,PI656068,28.5,79.5478,0.6417248497130027,0.0
MI2021,PI656068,13.9,30.6566,0.5465902937703463,0.0
MI2020+MI2021,PI656068,21.2,55.1022,0.5941575717416745,0.0
MI2020,PI656069,25.08,76.0175,0.670075969349163,0.0
MI2021,PI656069,16.8,36.4376,0.5389378005137551,0.0
MI2020+MI2021,PI656069,20.94,56.22755,0.604506884931459,0.0
MI2020,PI656070,21.6,55.1739,0.6085105457471739,0.0
MI2021,PI656070,13.07,20.8213,0.3722774274420906,0.0
MI2020+MI2021,PI656070,17.335,37.997600000000006,0.4903939865946322,0.0
MI2020,PI656071,23.97,73.5124,0.6739325610373216,0.0
MI2021,PI656071,17.13,36.0662,0.5250400652134132,0.0
MI2020+MI2021,PI656071,20.55,54.7893,0.5994863131253674,0.0
MI2020,PI656072,35.24,114.0896,0.6911199618545425,0.0
MI2021,PI656072,33.5,75.1082,0.5539767961420989,0.0
MI2020+MI2021,PI656072,34.370000000000005,94.5989,0.6225483789983207,0.0
MI2020,PI656073,19.28,46.2235,0.5828961458998129,0.0
MI2021,PI656073,14.19,28.3991,0.5003362782623393,0.0
MI2020+MI2021,PI656073,16.735,37.3113,0.5416162120810761,0.0
MI2020,PI656074,13.14,28.9922,0.5467746497333765,0.0
MI2021,PI656074,12.6,23.2592,0.4582788745958588,0.0
MI2020+MI2021,PI656074,12.87,26.1257,0.5025267621646177,0.0
MI2020,PI656075,30.2,86.1124,0.6492955718340215,0.0
MI2021,PI656075,33.8,62.7679,0.4615081912888594,0.0
MI2020+MI2021,PI656075,32.0,74.44014999999999,0.5554018815614405,0.0
MI2020,PI656076,21.36,85.3991,0.7498802680590311,0.0
MI2021,PI656076,13.71,28.8829,0.5253246730764569,0.0
MI2020+MI2021,PI656076,17.535,57.141000000000005,0.637602470567744,0.0
MI2020,PI656077,10.01,21.1891,0.5275872972424501,0.0
MI2021,PI656077,17.19,30.4806,0.4360347237259108,0.0
MI2020+MI2021,PI656077,13.6,25.83485,0.4818110104841805,0.0
MI2020,PI656078,19.0,70.3875,0.7300657076895756,0.0
MI2021,PI656078,23.9,57.5846,0.5849584784820943,0.0
MI2020+MI2021,PI656078,21.45,63.986050000000006,0.6575120930858349,0.0
MI2020,PI656079,25.57,68.4515,0.6264508447586977,0.0
MI2021,PI656079,13.1,25.4064,0.4843818880282134,0.0
MI2020+MI2021,PI656079,19.335,46.92895,0.5554163663934556,0.0
MI2020,PI656082,41.21,139.6163,0.7048338911717328,0.0
MI2021,PI656082,30.34,78.4679,0.6133450748650084,0.0
MI2020+MI2021,PI656082,35.775,109.0421,0.6590894830183707,0.0
MI2020,PI656083,19.15,50.5814,0.6214023336641533,0.0
MI2021,PI656083,18.72,37.4724,0.500432318186185,0.0
MI2020+MI2021,PI656083,18.935,44.0269,0.5609173259251692,0.0
MI2020,PI656085,13.2,29.2791,0.5491664702808489,0.0
MI2021,PI656085,17.1,32.4467,0.4729818440704293,0.0
MI2020+MI2021,PI656085,15.15,30.8629,0.5110741571756391,0.0
MI2020,PI656086,29.47,110.2439,0.7326836224045049,0.0
MI2021,PI656086,15.76,39.4126,0.6001278778867672,0.0
MI2020+MI2021,PI656086,22.615,74.82825,0.6664057501456361,0.0
MI2020,PI656087,10.84,22.391,0.515876914831852,0.0
MI2021,PI656087,14.79,24.2126,0.3891610153391209,0.0
MI2020+MI2021,PI656087,12.815,23.3018,0.4525189650854865,0.0
MI2020,PI656088,18.9,60.3138,0.6866388786645843,0.0
MI2021,PI656088,15.0,37.4931,0.5999263864551078,0.0
MI2020+MI2021,PI656088,16.95,48.90345,0.643282632559846,0.0
MI2020,PI656090,17.4,43.5694,0.6006371444178713,0.0
MI2021,PI656090,22.7,58.6402,0.6128935440192906,0.0
MI2020+MI2021,PI656090,20.05,51.1048,0.606765344218581,0.0
MI2020,PI656091,32.52,104.4722,0.6887210186059067,0.0
MI2021,PI656091,12.2,33.7519,0.6385388674415367,0.0
MI2020+MI2021,PI656091,22.36,69.11205,0.6636299430237217,0.0
MI2020,PI656092,31.06,102.2223,0.6961524051014308,0.0
MI2021,PI656092,15.4,38.0514,0.5952842733775893,0.0
MI2020+MI2021,PI656092,23.23,70.13685000000001,0.64571833923951,0.0
MI2020,PI656093,12.8,26.5621,0.5181103903682314,0.0
MI2021,PI656093,10.05,25.3532,0.6036003344745436,0.0
MI2020+MI2021,PI656093,11.425,25.95765,0.5608553624213874,0.0
MI2020,PI656094,15.91,52.8487,0.6989519136705349,0.0
MI2021,PI656094,14.4,25.2949,0.4307152825273078,0.0
MI2020+MI2021,PI656094,15.155,39.0718,0.5648335980989214,0.0
MI2020,PI656095,27.54,69.3487,0.6028764778575517,0.0
MI2021,PI656095,14.88,23.6449,0.3706888166158452,0.0
MI2020+MI2021,PI656095,21.21,46.49679999999999,0.4867826472366985,0.0
MI2020,PI656097,19.99,56.6265,0.6469850688281987,0.0
MI2021,PI656097,32.6,96.3392,0.6616123031953763,0.0
MI2020+MI2021,PI656097,26.295,76.48285,0.6542986860117875,0.0
MI2020,PI656098,18.2,34.276,0.4690162212626911,0.0
MI2021,PI656098,15.2,25.8332,0.4116098663735039,0.0
MI2020+MI2021,PI656098,16.7,30.0546,0.4403130438180975,0.0
MI2020,PI656099,27.16,92.8156,0.7073767771796983,0.0
MI2021,PI656099,28.92,83.9904,0.6556749342782032,0.0
MI2020+MI2021,PI656099,28.04,88.40299999999999,0.6815258557289507,0.0
MI2020,PI656100,16.6,68.6011,0.7580213728351295,0.0
MI2021,PI656100,32.1,92.6938,0.6536985213682037,0.0
MI2020+MI2021,PI656100,24.35,80.64744999999999,0.7058599471016667,0.0
MI2020,PI656101,20.19,40.4557,0.5009355912763838,0.0
MI2021,PI656101,11.21,20.5879,0.4555054182310969,0.0
MI2020+MI2021,PI656101,15.7,30.5218,0.4782205047537403,0.0
MI2020,PI656102,12.02,30.1532,0.6013690089277424,0.0
MI2021,PI656102,15.6,32.6434,0.5221086038831739,0.0
MI2020+MI2021,PI656102,13.81,31.3983,0.5617388064054581,0.0
MI2020,PI656103,16.16,39.4832,0.5907119990274344,2.0
MI2021,PI656103,14.0,21.0714,0.3355923194472128,2.0
MI2020+MI2021,PI656103,15.08,30.2773,0.4631521592373236,2.0
MI2020,PI656104,7.45,16.3634,0.5447156458926629,2.0
MI2021,PI656104,14.8,27.9255,0.4700184419258383,2.0
MI2020+MI2021,PI656104,11.125,22.14445,0.5073670439092506,2.0
MI2020,PI656105,12.95,27.6338,0.5313710021784916,0.0
MI2021,PI656105,17.8,30.4126,0.4147162689148576,0.0
MI2020+MI2021,PI656105,15.375,29.023200000000003,0.4730436355466746,0.0
MI2020,PI656106,21.38,57.9884,0.6313055714591195,0.0
MI2021,PI656106,18.1,40.221,0.5499863255513289,0.0
MI2020+MI2021,PI656106,19.74,49.1047,0.5906459485052242,0.0
MI2020,PI656107,31.85,124.9402,0.7450780453368893,0.0
MI2021,PI656107,37.33,75.8608,0.5079144960242972,0.0
MI2020+MI2021,PI656107,34.59,100.4005,0.6264962706805932,0.0
MI2020,PI656108,14.58,36.6164,0.6018177647174491,0.0
MI2021,PI656108,16.8,34.6278,0.5148406771437978,0.0
MI2020+MI2021,PI656108,15.69,35.6221,0.5583292209306234,0.0
MI2020,PI656109,5.39,10.0922,0.465924179068984,0.0
MI2021,PI656109,15.11,30.3258,0.5017443892659056,0.0
MI2020+MI2021,PI656109,10.25,20.209,0.4838342841674448,0.0
MI2020,PI656110,7.71,19.3485,0.6015194976354756,0.0
MI2021,PI656110,12.34,23.5874,0.4768393294725149,0.0
MI2020+MI2021,PI656110,10.025,21.46795,0.5391794135539953,0.0
MI2020,PI656111,17.6,70.5404,0.750497587198258,0.0
MI2021,PI656111,23.5,53.4185,0.560077501240207,0.0
MI2020+MI2021,PI656111,20.55,61.97945,0.6552875442192325,0.0
MI2020,PI656112,25.5,56.4215,0.5480446283774802,0.0
MI2021,PI656112,13.96,22.4137,0.3771666436152888,0.0
MI2020+MI2021,PI656112,19.73,39.4176,0.4626056359963845,0.0
MI2020,PI656113,14.33,29.4479,0.5133778639563432,2.0
MI2021,PI656113,11.54,28.6948,0.5978365418124538,2.0
MI2020+MI2021,PI656113,12.935,29.07135,0.5556072028843986,2.0
MI2020,PI656114,28.0,68.4901,0.5911817912369817,0.0
MI2021,PI656114,14.5,32.8739,0.5589206026665531,0.0
MI2020+MI2021,PI656114,21.25,50.682,0.5750511969517673,0.0
MI2020,PI656115,10.65,26.3468,0.5957763371642856,0.0
MI2021,PI656115,15.8,29.9642,0.4727040935516383,0.0
MI2020+MI2021,PI656115,13.225,28.155500000000004,0.534240215357962,0.0
MI2020,PI656118,33.38,92.6022,0.6395334020142069,0.0
MI2021,PI656118,15.65,33.2476,0.5292893321623215,0.0
MI2020+MI2021,PI656118,24.515,62.9249,0.5844113670882642,0.0
MI2020,PI656120,35.1,99.7777,0.6482179885886324,0.0
MI2021,PI656120,17.5,37.8629,0.5378061374062737,0.0
MI2020+MI2021,PI656120,26.3,68.8203,0.5930120629974531,0.0
MI2020,PI656121,8.498000000000001,20.923340000000003,0.5938506949655266,0.0
MI2021,PI656121,14.07,24.2246,0.4191854561066023,0.0
MI2020+MI2021,PI656121,11.284,22.573970000000003,0.5065180755360644,0.0
MI2020,PI659691,19.9,57.6237,0.654655983562319,0.0
MI2021,PI659691,15.22,31.0264,0.5094500167599205,0.0
MI2020+MI2021,PI659691,17.56,44.32505,0.5820530001611197,0.0
MI2020,PI659694,18.7,55.2065,0.6612717705342669,0.0
MI2021,PI659694,15.4,32.6732,0.5286656954323422,0.0
MI2020+MI2021,PI659694,17.05,43.93985,0.5949687329833045,0.0
MI2020,PI659695,21.49,71.3968,0.6990061179212514,0.0
MI2021,PI659695,26.41,67.8286,0.6106362212989801,0.0
MI2020+MI2021,PI659695,23.95,69.61269999999999,0.6548211696101158,0.0
MI2020,PI659696,23.844,56.05036,0.5745968446946639,0.0
MI2021,PI659696,12.2,20.7732,0.4127048312248474,0.0
MI2020+MI2021,PI659696,18.022,38.41178,0.4936508379597556,0.0
MI2020,PI659753,30.31,85.0913,0.6437943714574815,1.0
MI2021,PI659753,33.45,104.4168,0.6796492518445307,1.0
MI2020+MI2021,PI659753,31.880000000000003,94.75405,0.6617218116510062,1.0
MI2021,PI48770,14.7,25.1901,0.4164374099348554,0.0
MI2020+MI2021,PI48770,14.7,25.1901,0.4164374099348554,0.0
MI2021,PI533831,34.7,89.269,0.611287232970012,0.0
MI2020+MI2021,PI533831,34.7,89.269,0.611287232970012,0.0
MI2021,PI533833,12.39,27.0004,0.5411179093643057,0.0
MI2020+MI2021,PI533833,12.39,27.0004,0.5411179093643057,0.0
MI2021,PI533877,12.2,19.5875,0.3771537970644543,0.0
MI2020+MI2021,PI533877,12.2,19.5875,0.3771537970644543,0.0
MI2021,PI533878,19.9,40.9132,0.5136044112902438,0.0
MI2020+MI2021,PI533878,19.9,40.9132,0.5136044112902438,0.0
MI2021,PI533882,30.93,85.6959,0.6390725810686392,0.0
MI2020+MI2021,PI533882,30.93,85.6959,0.6390725810686392,0.0
MI2021,PI534088,17.01,32.9996,0.4845392065358367,0.0
MI2020+MI2021,PI534088,17.01,32.9996,0.4845392065358367,0.0
MI2021,PI576332,17.1,39.1101,0.5627727875919519,0.0
MI2020+MI2021,PI576332,17.1,39.1101,0.5627727875919519,0.0
MI2021,PI609456,11.7,20.0594,0.4167323050539896,0.0
MI2020+MI2021,PI609456,11.7,20.0594,0.4167323050539896,0.0
MI2021,PI655982,14.1,26.2618,0.4630984928679679,0.0
MI2020+MI2021,PI655982,14.1,26.2618,0.4630984928679679,0.0
MI2021,PI656096,14.8,31.1787,0.5253169631831988,0.0
MI2020+MI2021,PI656096,14.8,31.1787,0.5253169631831988,0.0
