genotype,dry,fresh,water_frac,peak_dose
PI152651,-1.2106949295110043,-1.0742105505944095,0.0929109002241413,0.0
PI17548,-0.4411927709406197,-0.3528008186503488,0.4645463320432037,0.0
PI24969,-0.4567820168467715,-0.4030738815437224,0.1737968215306098,0.0
PI276837,-0.6109474007050085,-0.8202408346106682,-0.9150144476283472,0.0
PI329435,-0.0183056543306812,-0.2826420029419946,-0.6497732548557789,0.0
PI329440,-0.7159569874835252,-0.5747502919300986,0.2601395111926171,0.0
PI34911,0.4773812064206083,0.4637355542113979,0.3075058184039159,0.0
PI35038,0.0035158723802084,0.3520176008098775,1.1410495637239062,0.0
PI48770,-0.3012782825964728,-0.5956996517797005,-1.3843372002387102,0.0
PI533752,-0.0202800227559946,-0.1773187028204937,-0.3760854935838314,0.0
PI533754,-0.9134854863949788,-0.8176912432733539,0.1807733477288437,2.0
PI533755,0.2161056126890678,0.0204420971800816,0.1014091213289807,0.0
PI533757,0.4757874764781947,0.5243508779017254,0.6152361467779546,0.0
PI533758,-0.2556774326136902,-0.4974610165810901,-0.7706115925875973,0.0
PI533759,0.1852478618270897,-0.0470898931934408,-0.4143253526031629,0.0
PI533760,1.1590709923443263,0.8432355601891932,-0.0613131516352607,0.0
PI533761,-0.963251303534612,-0.915905188404124,-0.2208289446964631,0.0
PI533762,-1.0547351128126088,-0.7663459612685911,1.1660903113410517,0.0
PI533766,-0.4738461695799189,-0.62052602387893,-0.541539362877857,0.0
PI533769,-0.4676254858280778,-0.6466537158594935,-1.3851042484413347,0.0
PI533776,-0.3013356886739149,-0.4842808872333093,-0.6235806011970195,0.0
PI533785,-0.6272672948359896,-0.6016567529390044,0.0751156173097765,0.0
PI533788,-0.4497026945761102,-0.5756867964102412,-0.5007677774717634,0.0
PI533789,0.131976898551454,0.0245670026003272,-0.3470913194043535,0.0
PI533792,1.3195942521394586,0.6950399438942603,-0.7323782604987543,0.0
PI533794,-0.0102683850075982,-0.2932118848789239,-0.8515487029209665,0.0
PI533799,0.7690888433942735,0.4442897143095015,-0.3271284753581323,0.0
PI533800,-0.3689817272278664,-0.2459020800429906,0.1062709001450067,0.0
PI533807,0.2423682534197508,-0.0809393176158951,-0.6687187384642325,0.0
PI533810,0.7941281463185478,1.0441332532822032,0.9642058870446422,0.0
PI533814,-0.0993023945486465,0.3355459704423251,1.3198776745508505,0.0
PI533821,0.8361511484868678,1.4234819863099697,1.4279833011933794,0.0
PI533822,-0.4562894661151537,-0.57934267708741,-0.5236508776018652,0.0
PI533824,0.0032070439763139,0.1613510679724109,0.7774953282445607,0.0
PI533830,-0.7105655315278177,-0.4273369944304889,0.8547502564090809,0.0
PI533831,2.42394719916989,2.8432195420075845,1.3535695506193983,0.0
PI533833,-0.6160418257404875,-0.4985463701766593,0.3675944965463601,0.0
PI533838,-0.8636238319707787,-0.7525039753967011,-0.1363920472218043,0.0
PI533839,-0.935160827304694,-1.0366310977356026,-1.0102358990386249,0.0
PI533841,0.8490845460348131,0.8434025438057435,0.3483881774135448,0.0
PI533842,1.626725365211303,1.811561736377386,0.8936699499187382,0.0
PI533855,-0.5391026183419092,-0.3763494661268995,0.6104028320060859,0.0
PI533856,1.6989756810751226,1.906968897522989,0.9601032076383144,0.0
PI533863,-0.3470133204659951,-0.5493970220486233,-0.725467309084236,0.0
PI533869,-0.7908416932242752,-0.9019080943675668,-0.8949811185038672,0.0
PI533871,0.6541650182139931,0.3329412960431179,-0.270030576974496,0.0
PI533876,1.8796296507045116,1.5460482803742852,-0.0597002594540411,0.0
PI533877,-0.6419314678172681,-0.896374112095228,-1.9363257378755212,0.0
PI533878,0.4072803426627812,0.2481111872927065,-0.0190078156512958,0.0
PI533882,1.9102421958569304,2.6514621589794523,1.7439917278078685,0.0
PI533901,-0.6898495261701381,-0.8143550529212745,-0.7732972534555198,0.0
PI533902,0.8206400997579448,1.7607423400879525,1.911352897757756,0.0
PI533903,-0.5134892698222053,-0.0965948319860047,1.1929571939805723,0.0
PI533910,-0.7059347940569424,-0.9592604311353234,-1.6265199863275157,0.0
PI533911,-0.9088457553079828,-0.5759174124519018,1.04323783949926,0.0
PI533912,-0.3551597597510593,-0.4115365451534912,-0.5321224369820209,0.0
PI533913,-0.6550338712789606,-0.5205216339153136,0.3887083760993435,0.0
PI533915,-0.9546110985807676,-0.8362967906349178,0.2910390715919004,0.0
PI533919,0.0668588569116795,0.3063563843826785,0.1854839815405914,0.0
PI533921,-0.7057062455796975,-0.562448217159712,0.313533829481803,0.0
PI533924,0.0696717938741507,0.2408932297244527,0.7769301313989124,0.0
PI533927,-0.5977150361815484,-0.6147798793746462,-0.1119216089604095,0.0
PI533936,-0.6609111406620382,-0.4651247267617255,-0.979464173580128,0.0
PI533937,-0.6073815239366637,-0.4124772484503654,0.7059778529257489,0.0
PI533938,-0.5065377989955735,-0.5179080025111586,-0.0694694878239901,0.0
PI533940,-0.9555493227764306,-0.8801435550189372,-0.0232136612186934,0.0
PI533943,0.831698437414178,1.0841115865654978,0.9669849960374576,2.0
PI533948,-0.2960537498050917,-0.4447572229233162,-0.4242780350437248,0.0
PI533949,-0.519513592818716,-0.8043864596266349,-1.402366070570392,0.0
PI533954,-0.7756847881047542,-0.7513005828126482,-0.0450091140677553,0.0
PI533955,-0.752341477299296,-0.6073805708894497,0.4945808434308659,0.0
PI533956,-0.7728998733653558,-0.5565304507774109,0.7636824492358428,0.0
PI533957,-1.0749760339835568,-0.9670950705853298,0.0653863198090819,0.0
PI533962,-0.1565632760129444,-0.4162260550214111,-0.8110698156256418,0.0
PI533964,0.4244466077970754,0.5483853952679418,0.6210676728609104,0.0
PI533965,0.3467041389443326,0.3879175298531446,0.5166484015065418,0.0
PI533967,0.4225201580140454,0.3472312869060386,0.087507431468587,0.0
PI533970,1.0416679567044107,1.269026650789896,0.8747046192868106,0.0
PI533972,0.2473849750970386,0.2816187393687829,0.2024637409038856,0.0
PI533976,-0.4303499962091206,-0.6003636863659989,-0.6785311256438766,0.0
PI533979,-0.7411269188510566,-0.8622394533103409,-0.7190211861925236,0.0
PI533980,0.2654252356773009,-0.0103032087951926,-0.3118052445221784,0.0
PI533985,-0.1542228198004286,-0.1421429514548702,0.2504273579923164,0.0
PI533986,-0.4895438911982448,-0.6674891127363657,-0.9559646246454812,0.0
PI533987,-0.6856931786361874,-0.4677617403894643,0.814368198782493,0.0
PI533989,0.0826572755632209,0.2723864831337304,0.8965852144455998,0.0
PI533991,-0.5260773438144177,-0.5832652509366137,-0.45986735548402,0.0
PI533996,-0.580801408310869,-0.6617577803103818,-0.3667584999754525,0.0
PI533997,-0.913250027051034,-1.050683810301583,-1.4504605781332844,0.0
PI534009,0.4509582141115688,0.9554374638646996,1.4995010236311788,0.0
PI534021,1.283701965930402,1.3601051964481818,0.6024913618881222,0.0
PI534028,2.073682587765101,2.1732424109292587,0.7794005673847081,0.0
PI534037,-0.3958895263020557,-0.6710002987596347,-1.164325804124226,0.0
PI534046,-0.7813930247057668,-0.9042190839045724,-0.8251012452267755,0.0
PI534047,-0.630763794480775,-0.9577542494706937,-1.98815049300723,0.0
PI534053,0.1305949100787153,0.2694179093506665,0.5035840492078769,0.0
PI534054,-0.3273229036597794,-0.2238825206101685,0.3256285767195724,0.0
PI534063,-0.804033744221959,-0.9812110598316724,-1.146147642846595,0.0
PI534070,0.5497986805920142,0.1037223004047007,-0.9704705453071618,0.0
PI534075,-0.6040836413590815,-0.6326685648639108,-0.1747800497868184,0.0
PI534079,-0.4846076230100579,-0.0510668630737289,1.2142307542026258,0.0
PI534088,0.0134852605475423,-0.1765875970490201,-0.4274137308971418,0.0
PI534092,-0.0086697922354147,-0.175977142149836,-0.2683826721625145,0.0
PI534096,-0.4182048186817257,-0.4270103426948357,-0.1336113844787907,0.0
PI534097,-0.544858947147657,-0.5344739000602696,0.0333042957246244,0.0
PI534099,-0.72831824862301,-0.8745408328161854,-0.9681662493678238,0.0
PI534101,-0.0830105573532287,-0.1601447102341168,-0.0325096213376498,0.0
PI534105,-0.6326585425167555,-0.8015273843680701,-0.9475337058184315,0.0
PI534108,-0.4179972079984019,0.0253177869719867,1.1604798289644194,0.0
PI534112,1.4948889535350538,1.1362314241548157,-0.0613148959911924,0.0
PI534114,-0.1666145330373103,-0.4270880075188417,-0.8445807086296804,0.0
PI534115,0.1911218335235841,0.3818078498487264,0.6996151304766187,0.0
PI534116,-0.5884345326328461,-0.5972252078002177,0.103473779572428,0.0
PI534117,-0.8510817674338809,-0.7506370755084019,0.2441773918031549,0.0
PI534123,0.1306734543808475,0.2246673247000812,0.6046493936334816,0.0
PI534124,-0.5889255213023984,-0.317022374918753,0.8245431106708936,0.0
PI534127,-0.4223609926532246,-0.4912091844255664,-0.255282235868766,0.0
PI534128,0.6457997183176116,0.9202725204655592,0.907426063411282,0.0
PI534132,0.5398320109242216,0.9814587810453884,1.2908674280798995,0.0
PI534133,1.0928178450662034,1.0773214288622557,0.5246273128154421,0.0
PI534135,1.925643959561107,2.5666369583083064,1.449491658524955,0.0
PI534137,-0.7332356617666964,-0.8319073843762474,-0.7357215983257442,0.0
PI534138,0.9242697808131436,1.114194888595455,0.6104031925906162,0.0
PI534139,-1.1032152994514255,-1.001961483575588,0.0695661355699663,0.0
PI534144,-0.1499268502071,-0.2706555843189454,-0.4403954876073842,0.0
PI534145,-0.8093167244654926,-0.8790174453353761,-0.5507404672886813,2.0
PI534148,0.0829027698979971,0.304520354962257,0.8101119782347705,0.0
PI534155,0.860135452136991,1.662096588938102,1.763589967531038,0.0
PI534157,2.302043071627332,2.1291915292776906,0.3862135723960584,0.0
PI534163,-0.0775005906945156,0.3214492977155987,1.168433595085658,0.0
PI534167,-0.6125850920658062,-0.761145888403526,-0.7996259407993952,0.0
PI540816,1.106629951114631,0.7769676998561547,-0.0974836347622936,0.0
PI542406,-0.7416092610293916,-0.7048370146442873,-0.0552104590026225,0.0
PI542718,-0.2949755564251474,-0.1960780254834493,0.2948671469254846,2.0
PI548797,-0.0754272608605042,-0.2641243361912257,-0.4413151406602511,0.0
PI552856,-0.0080066466596666,0.1275509884712388,0.4020082425130498,0.0
PI552861,0.4278799469351938,0.492229331440344,0.5576183001505876,0.0
PI561071,1.0898839675264027,1.1707187038056142,0.7051919849882557,0.0
PI561072,0.1704528789959293,0.5577879912542707,1.3578978084761868,0.0
PI561073,-0.0285740363418471,0.7333098417438926,1.4658080177534378,0.0
PI561472,-0.117855657679583,-0.1075723253904413,0.1521779878796366,0.0
PI564163,-0.2885073473230068,-0.3115857994069057,0.0675679417353632,0.0
PI564164,0.6513496513771977,0.6467365785433499,0.4493485424877163,0.0
PI564165,1.90332589018221,1.8650926490487627,0.6064117173330352,0.0
PI565121,-0.1602931522522536,-0.1685300965457438,0.0987946024809438,0.0
PI566819,-0.407055818983108,-0.065451972932007,1.2978335577654627,0.0
PI576130,-0.520054930004876,-0.6013696212571465,-0.6390617682538906,0.0
PI576332,0.0257487752154909,0.1513443077376914,0.6718751798179349,0.0
PI576333,-0.8357871494419509,-0.5689553062214772,0.9520041449224506,0.0
PI576339,-0.6426212202481578,-0.5935222312576192,0.0028090265930794,0.0
PI576340,-0.0790706405562712,0.1205694273407673,0.8375109915187134,0.0
PI576345,0.5113382575054559,1.0679464858749417,1.1175887229902757,0.0
PI576348,-0.962057550013342,-0.9368041477854628,-0.1038090020005642,0.0
PI576349,-1.0424427081093288,-0.9610835714774612,-0.2530196274766484,0.0
PI576350,-1.1429104838348372,-1.2235568748816883,-1.3180079393426969,0.0
PI576352,-0.5085517866968565,-0.7722872838615531,-1.2613906258377618,0.0
PI576359,-0.3455816777264556,-0.4314271453225025,-0.2081176511785445,2.0
PI576364,-0.1603931550356621,-0.51347726683925,-1.1445619283274495,0.0
PI576366,-1.064036554155232,-1.0881783598034886,-0.5116257366733842,0.0
PI576373,-0.4727084605047942,-0.6408912375285282,-0.8068887404243987,0.0
PI576375,0.3855891241385625,0.3593959459622711,0.2911430147458993,0.0
PI576376,-0.2134267844928742,-0.0313686301305864,0.780482571407148,0.0
PI576380,0.1120518207885716,0.1544511988543979,0.400262861195155,0.0
PI576381,-0.1000634601583825,-0.2736421742387873,-0.6770195550866736,0.0
PI576385,-0.2467917333250697,-0.5225138969301315,-1.081173403776854,0.0
PI576386,0.3705535761462552,0.636273480388891,0.9567660440358136,0.0
PI576387,-0.0449838366845979,0.2016982563871703,0.8342883740897796,0.0
PI576390,-0.9083711918086064,-0.9263144526401624,-0.4445645525295063,0.0
PI576391,0.0867546280893464,0.0327829103194077,-0.0841552052979275,0.0
PI576393,-0.8265462651692181,-0.9128776077806272,-0.7612796185718765,0.0
PI576396,-0.9260254681824558,-0.8629360543028769,-0.0080499690352279,0.0
PI576399,-0.6596260308485767,-0.8532599818636737,-1.144734949189271,0.0
PI576401,1.7063017126177225,1.7039620502809067,0.4545050147734931,0.0
PI576418,-0.3975183976091844,-0.5747077321076621,-0.6479561495687153,0.0
PI576422,-0.1532934156584347,-0.0364118491622318,0.4923166121667969,0.0
PI576425,1.230383084012483,1.194028898450615,0.4867975757015406,0.0
PI576426,1.4481919498084026,1.5408466373826435,0.7856596937212241,0.0
PI576428,0.6773602340313075,0.5974981615478298,0.2578093543524666,0.0
PI576434,-0.0086685772982528,-0.2476139814777462,-0.6325427104986626,0.0
PI576435,-0.6536613971096981,-0.6270728616122416,0.046097532611028,0.0
PI576437,-0.4794239513001258,-0.4309361237131732,0.2286152302434861,0.0
PI585291,0.9271982779169406,0.9925724171176477,0.5551565211543457,0.0
PI585295,0.8434974235735817,0.8659016142613195,0.510913939046462,0.0
PI595699,0.1343467654866562,-0.2321250597717046,-1.3818976145278647,2.0
PI595702,-1.0407127926440811,-0.9891600827899338,-0.1851229794463556,0.0
PI595714,0.3193828541280127,0.3518983009673464,0.4093546388123277,0.0
PI595718,-0.7666502995781832,-0.9796226388231246,-1.6376964950279842,0.0
PI595720,-0.8510919759871638,-0.8960393842796853,-0.5278340378040274,0.0
PI595739,-0.153382862763657,-0.3041033189965722,-0.8475079071805516,0.0
PI595740,0.525505722100448,0.1816352914927621,-0.8338414307198959,0.0
PI595741,-0.866782613176338,-0.615848314035236,0.5508694548038842,0.0
PI595743,0.6760841178339669,0.4978213115280576,-0.2059034585450914,0.0
PI595744,-0.1950518948850266,-0.175590758920705,0.263518795365413,0.0
PI595745,-0.1913976123861701,-0.3111962313052165,-0.4495220454747303,0.0
PI597945,-0.7847583752199395,-0.6217138030830478,0.2480850786163339,0.0
PI597946,-0.3608961921375963,-0.7490763628069156,-1.910632832415144,0.0
PI597949,-0.1696158785137015,-0.2205487236432153,-0.0948864320319483,0.0
PI597950,-0.9058345484032122,-1.014309062196463,-1.4730045235246134,0.0
PI597951,-1.0589307324976256,-1.0404802438273726,-0.5415390124839767,0.0
PI597952,0.137801736668503,-0.179933553740789,-0.7306467755601991,0.0
PI597958,-0.7224228184452391,-0.5408598611343461,0.6407189197442222,0.0
PI597960,-0.667277315965247,-0.8836715972457394,-1.5099135367354843,0.0
PI597961,-0.2938615621431717,-0.5290525975128915,-0.8204231124200121,0.0
PI597964,0.7909084609181944,1.074209308138554,1.0307428716546891,0.0
PI597965,-0.252023497239737,-0.5425278460517292,-1.150020063882247,0.0
PI597966,-0.2163606273201844,-0.5718046764316411,-1.2909501426584489,0.0
PI597967,1.4503747967292984,1.0133108956336248,-0.2060479160595551,0.0
PI597968,-0.1462241283786047,-0.4753392863524321,-1.025690016313377,0.0
PI597971,0.4358514839462036,0.4829752302171252,0.3766656273677031,0.0
PI597972,-0.0208255254409963,-0.1683133812729601,-0.1850445139251723,0.0
PI597973,0.0226310286538323,-0.131317832894101,-0.2010223632075068,0.0
PI597976,-0.9116296286726708,-0.7768696873311483,0.3763403136035257,0.0
PI597980,-0.4453193606269803,-0.7810645702871144,-1.6536747484174306,0.0
PI597982,-0.6951819524055303,-0.9552816315955066,-1.7629730076060923,0.0
PI598070,-1.2328522654741514,-0.8868444413648411,1.1940050625248102,0.0
PI601816,0.3573917689710265,0.2266004355604403,-0.1125891037478343,0.0
PI607931,1.483828186004496,1.4200203429967668,0.4955146852620646,0.0
PI609456,-0.7100621048614272,-0.871048677864175,-1.3801935201219098,0.0
PI613536,3.6150389581712825,2.063427762554128,-1.3431775874362937,0.0
PI629034,-0.8039235328852674,-0.8102170927304633,-0.2284935284188612,0.0
PI629040,0.895618271408624,1.081689028580061,0.7309247855856421,0.0
PI629059,-0.310922243627284,0.2038229811254787,1.1012758113644157,0.0
PI641824,-0.1015454514145297,-0.099501031422157,0.0050033436088561,0.0
PI641836,-0.1325777574256588,0.1160249126207652,1.0162632538016063,0.0
PI641849,-0.2277348778094643,0.0188051756474388,0.8043344940289674,0.0
PI641874,-0.7008788002285882,-0.6213745431527438,0.2068654188889342,0.0
PI642791,0.6914228945939289,0.5239766697309687,0.0506671664735723,0.0
PI642793,-0.7067733625941003,-0.7226807098852717,-0.2255750066463791,0.0
PI642992,0.8069887887060749,0.7319120402006504,0.2669673517225386,0.0
PI642998,-0.2454593991191318,-0.4060212497516152,-0.4409207035491715,0.0
PI651492,0.4552041823131931,-0.1571992169559421,-1.4880396405443423,0.0
PI651496,2.7467587993773126,1.922702342433407,-0.4353305819598134,0.0
PI653616,-0.125339263801312,-0.3070202185628298,-0.3867643897416986,0.0
PI653617,-0.7097548116512808,-0.4438406601284024,0.93722682024462,0.0
PI655970,0.0975167757692925,0.3515799149914693,0.7535864416489573,0.0
PI655971,-0.655082484171051,-0.8398066778689841,-1.0664200527443684,0.0
PI655972,0.0294361401168376,-0.0682518579651352,-0.3609292072280701,0.0
PI655973,0.2896562485993627,0.1261880490522879,-0.1103957175457739,0.0
PI655974,0.51698316003735,0.6089122706624148,0.6190133741658879,0.0
PI655975,0.2533983952904595,0.2082440326788077,-0.0365598517225104,0.0
PI655976,-0.0023093128617439,-0.0202725624828793,0.0371936897444112,0.0
PI655977,0.2702128881899888,0.1444605835937918,-0.0576008210966071,0.0
PI655978,0.1907097631493846,0.4699587931137592,0.8933522880174543,0.0
PI655979,-0.1654401205354052,-0.1594787304906948,0.1722224746304753,0.0
PI655980,-0.9222755219614842,-0.7700818637037595,0.1823706629899414,0.0
PI655982,-0.3830350470494636,-0.5381847802700175,-0.7286851089259638,0.0
PI655983,0.476877787598391,0.92465277761263,1.337144783479822,0.0
PI655984,-0.4999615831347165,-0.5689441597473159,-0.3171099354796192,0.0
PI655985,-0.0158856124413231,0.2620786899217013,0.6406794271791778,0.0
PI655986,-0.4845875530283955,-0.2859850445142424,0.5781385110681995,0.0
PI655987,-0.5094496973667428,-0.6618220309450435,-0.9349532993893568,0.0
PI655988,-0.8297540063917712,-0.7637314100053163,0.0897356112271056,0.0
PI655989,0.1243354748631631,-0.2799039067135921,-0.8372412374764078,0.0
PI655990,-0.9142761362898532,-1.028104909547757,-1.131051494716695,0.0
PI655991,0.4126574830660511,0.6041306596612108,0.8862937120545679,0.0
PI655992,-0.2887069540310228,-0.0369328426672894,0.9230463756037895,0.0
PI655993,-0.0461110169498535,0.0071953668893441,0.2732789733561974,0.0
PI655995,-0.813974936603768,-0.7698206145647921,0.1044260695358929,0.0
PI655996,0.6297732718761805,0.6742627165388171,0.549439786272826,0.0
PI655997,-0.3660203481523481,-0.5134379603777552,-0.725431940729795,0.0
PI655998,-0.9162998118570638,-0.8904641190141548,-0.2529631749257379,0.0
PI655999,5.770041459975431,4.4280921572100045,-0.2239370384837962,0.0
PI656000,-0.5070407318429263,-0.6230122096867333,-0.5223999187533697,0.0
PI656001,-0.0799900097074338,-0.0509250113400261,0.2616425300089999,0.0
PI656002,0.0677976017946976,0.4244776949594894,0.9778357377216912,0.0
PI656003,-0.6519133208497572,-0.4449474138895469,0.7522971216923546,0.0
PI656004,-0.0411840895026911,0.0235861215324085,0.3559506653461033,0.0
PI656005,-0.4550348083990895,-0.6714022600892491,-0.9355088332923556,0.0
PI656006,0.344762999615644,0.4092291251430404,0.3310194516264251,0.0
PI656007,-0.0588594772329132,-0.1812901414314963,-0.1666813016153134,0.0
PI656008,1.4003142822504628,1.6217813457607884,0.8761716141276772,0.0
PI656010,-0.3110712064276864,-0.2428448126367391,0.3883052884904243,0.0
PI656011,0.1978355886943985,0.1083357869336499,0.0947604812761088,0.0
PI656012,0.090456482105583,0.2205899715036188,0.5726075514373713,0.0
PI656013,2.9842631530841595,1.8869283139189603,-0.737054314234914,2.0
PI656014,-0.7908010325735952,-0.650045956518539,0.4491186425198048,0.0
PI656015,-0.1347218528828438,-0.0427111322890963,0.4066310911561027,0.0
PI656016,-0.3108937007168562,-0.1342268058738838,0.7147400966711626,0.0
PI656017,1.5064417511098744,1.8106349567000404,1.0535191671656825,0.0
PI656018,-0.0796730554996769,0.0277595087531901,0.5135509003076084,0.0
PI656019,-1.0552278371066786,-1.053490715628272,-0.5479343789715576,0.0
PI656020,-0.5640941761863516,-0.6315578714377005,-0.3050958151882835,0.0
PI656021,-0.9089836417428436,-0.9245605966645754,-0.4409217137833955,0.0
PI656022,-0.5249830723892008,-0.5106000483286608,0.0487276325201437,0.0
PI656023,0.0423600233613069,-0.1647174990720122,-0.7707332068227695,0.0
PI656024,0.7579894979624568,0.9530686209056972,0.8718263382498118,0.0
PI656025,0.1651546885193819,-0.2475848391310052,-1.229712167476555,2.0
PI656026,0.3676711926352436,0.8635349049381279,0.9793404545570844,0.0
PI656027,1.7617818094128093,1.9569958713565128,0.9176479350036288,0.0
PI656028,0.3856995090377061,0.3798688083978975,0.3905900690641646,0.0
PI656029,0.890319328182583,0.9824199387016868,0.625949340051063,0.0
PI656031,-0.1392929705210676,-0.2834922695215727,-0.2781667735013654,0.0
PI656032,0.5862516797190854,0.1693314992543727,-0.7123052024387677,0.0
PI656033,0.2817663800146163,0.1725812661708436,-0.0073572215331731,0.0
PI656034,-0.3811471482993755,-0.284185362652278,-0.3928138014309543,0.0
PI656035,-0.7524207158512349,-0.5128858535884204,0.2484002282745524,0.0
PI656036,2.48990105613479,2.439520888314405,0.6585434779397601,0.0
PI656037,0.6628055702927406,0.7052336086456494,0.5547417833141155,0.0
PI656038,0.498696537310053,1.4238694096976727,1.9882722631310752,0.0
PI656039,0.396769547884307,0.150123889407973,-0.3020899829925224,0.0
PI656040,1.4190063343410089,1.7116607656387208,1.0354785516863794,0.0
PI656041,-0.3839422715920569,-0.3840531334717207,0.0813467175309254,0.0
PI656042,0.447541994393433,0.3168670230533889,-0.5916809957674833,0.0
PI656043,1.9432681309624629,2.569225515553835,1.4185382886202866,0.0
PI656044,0.350558704709929,0.4887931727971935,0.6800029836815631,0.0
PI656046,0.151173202563986,-0.038910635196509,-0.6345856295139657,2.0
PI656047,3.2342364421742653,2.9885966071493075,0.4058479511486043,0.0
PI656048,0.579270971732219,0.4047337212570575,-0.4311760938189038,0.0
PI656049,-0.1869246577693663,-0.2739294544074832,-0.3044927206992305,0.0
PI656050,0.3353136368473287,0.0284464542316479,-0.5654083648825654,0.0
PI656051,1.1184329292104245,1.0882491412292492,0.154350747862199,0.0
PI656052,-0.7288917735310843,-0.8848949896033612,-0.9977462167951608,0.0
PI656053,0.705706239586833,1.3408554681829303,1.4025747418880203,0.0
PI656055,-0.2794236734830926,-0.1123318933464304,0.5879160109727506,0.0
PI656056,-0.1088934621257608,-0.0124508117571752,0.6873219159860838,0.0
PI656057,0.1628341287260771,0.6470307532290949,0.7579333768952903,0.0
PI656058,-0.2319503939136914,0.0605971378786729,0.928354665871414,0.0
PI656059,0.7196278627221453,0.3522803995993628,-0.5041120279437344,0.0
PI656060,-0.3732770025713882,-0.2608238908545281,0.5771766449969178,0.0
PI656061,0.4388606081015537,0.8012168984415362,1.1681377865950953,0.0
PI656062,0.9913611495035208,1.0873830996440037,0.7047422854010292,0.0
PI656064,3.1493704357197503,1.517602964874298,-1.7399513296132807,2.0
PI656065,-0.2572090781366381,-0.3828204181637542,-0.3001052098364234,0.0
PI656066,4.564618180345002,2.9702079340760053,-0.9743944249680798,0.0
PI656068,0.1818413299748818,0.1682985454067146,0.2925799340979306,0.0
PI656069,0.1936892761512791,0.2628564857765197,0.4596345372388616,0.0
PI656070,-0.2494273381391622,-0.513779197163331,-1.190783794789811,0.0
PI656071,0.1558913043906623,0.2099126435072086,0.3920313026061578,0.0
PI656072,1.8832328904369535,1.9536940188924976,0.7291992983025859,0.0
PI656073,-0.2991139167268563,-0.4639949556503703,-0.4905858090128739,0.0
PI656074,-0.7408883353829805,-0.8975392285416237,-1.067407660545439,0.0
PI656075,1.629963384968801,1.142579638746898,-0.2462139242255445,0.0
PI656076,-0.2188574778871576,0.2210898325414201,0.985565417989976,0.0
PI656077,-0.5981505010923103,-0.8376351785408769,-1.3731327410446106,0.0
PI656078,0.3472285302729613,0.733714828249944,1.25020388389855,0.0
PI656079,-0.0317835131889177,-0.1629524353048894,-0.2634414679844966,0.0
PI656082,1.9921545453518064,2.481786525184325,1.2531158897398322,0.0
PI656083,0.002457922544378,-0.145761964334443,-0.1899975913224613,0.0
PI656085,-0.4310420318202004,-0.6460845703523169,-0.945480043263633,0.0
PI656086,0.3612423775127234,0.9298795749725568,1.377169472257228,0.0
PI656087,-0.7165889867120696,-0.9852074179739708,-1.7936613809302528,0.0
PI656088,-0.264564867526828,0.0217640731199583,1.017124770630251,0.0
PI656090,0.1785801161115896,0.3019447051550288,0.4383854906033217,0.0
PI656091,0.2843345168921183,0.678963127268652,1.304621059629615,0.0
PI656092,0.4230639250745295,0.7557340173023793,1.0586088329910952,0.0
PI656093,-0.933085935408617,-0.8830411083804113,-0.2696824971312704,0.0
PI656094,-0.4678220201458599,-0.4336284576735944,-0.0757964139020356,0.0
PI656095,0.1964743644531292,-0.1948270982430454,-1.2458269855936903,0.0
PI656096,-0.2876521551876408,-0.2743097483338779,0.1455695721952987,0.0
PI656097,0.993729280814206,1.537549560606304,1.1416585925476357,0.0
PI656098,-0.2889538368654128,-0.7378201589474335,-2.00092711864355,0.0
PI656099,1.132391741747382,1.8270542268283505,1.5703179234166202,0.0
PI656100,0.7755622794724946,1.645168929034441,1.9508882619949544,0.0
PI656101,-0.4527235893468085,-0.7725498835272648,-1.4439201535479396,0.0
PI656102,-0.5973205790463699,-0.6258102286857563,-0.1937405739835306,0.0
PI656103,-0.4814974546965891,-0.7762602609899677,-1.5871494801763817,2.0
PI656104,-0.9000093631612598,-0.9889878598253772,-1.0009661453772651,2.0
PI656105,-0.3969274061562237,-0.7288935684546753,-1.493439303155267,0.0
PI656106,0.0813221643580553,0.0550681830977373,0.2352866608596906,0.0
PI656107,1.9600715474964507,2.1600434921087297,0.8258438945988563,0.0
PI656108,-0.3765371750599697,-0.4616782044570564,-0.241307505967664,0.0
PI656109,-0.9907618646771108,-1.03216916159175,-1.3917534163438472,0.0
PI656110,-1.053490837212279,-1.0541813152288022,-0.5106160994449799,0.0
PI656111,0.2439460819604647,0.6245470621690153,1.2345359418834307,0.0
PI656112,0.0230073249943174,-0.4496455489403426,-1.6273851085228868,0.0
PI656113,-0.7484811461791809,-0.7438651279576105,-0.3470373543531754,2.0
PI656114,0.1955660716675082,0.0380887710884499,-0.0144563547683231,0.0
PI656115,-0.6580954267003392,-0.7630056732344207,-0.5844007649398979,0.0
PI656118,0.5660894764127217,0.4617874193650883,0.1539602895415791,0.0
PI656120,0.7855396783809252,0.7087359652242136,0.2814383890359451,0.0
PI656121,-0.8928306976445064,-1.0100648219701385,-0.9754040905627726,0.0
PI659691,-0.195268846309375,-0.1979117417996023,0.1323608987166494,0.0
PI659694,-0.2481740689227119,-0.1951922374795345,0.3188926300658697,0.0
PI659695,0.6534615591124682,1.0259126613400442,1.1886935123295364,0.0
PI659696,-0.1868354536515766,-0.5000332017821816,-1.1708975431776218,0.0
PI659753,1.6120914629207972,2.242646226753062,1.243529090840282,1.0
