genotype,4:4724594:G:C,9:62301540:T:A
BTx643,0/0,0/0
BTx645,0/0,0/0
PI152651,0/0,0/0
PI153844,0/0,0/0
PI153846,0/0,0/0
PI156549,0/0,0/0
PI17548,0/0,0/0
PI22326,0/0,0/0
PI24969,0/0,0/0
PI276837,0/0,0/0
PI329435,0/0,0/0
PI329440,0/0,0/0
PI34911,0/0,0/0
PI35038,0/0,0/0
PI48770,0/0,0/0
PI533745,0/0,0/0
PI533746,1/1,1/1
PI533747,NA,0/0
PI533749,0/0,0/0
PI533751,0/0,0/0
PI533752,0/0,0/0
PI533753,0/0,0/0
PI533754,0/0,0/0
PI533756,0/0,0/0
PI533757,0/0,0/0
PI533758,0/0,0/0
PI533759,0/0,0/0
PI533760,0/0,0/0
PI533761,0/0,0/0
PI533762,0/0,0/0
PI533763,0/0,0/0
PI533764,NA,NA
PI533765,NA,NA
PI533766,0/0,0/0
PI533768,0/0,0/0
PI533769,0/0,0/0
PI533770,0/0,0/0
PI533771,0/0,0/0
PI533774,0/0,0/0
PI533776,0/0,0/0
PI533777,0/0,0/0
PI533778,0/0,0/0
PI533779,0/0,0/0
PI533781,0/0,0/0
PI533782,0/0,0/0
PI533783,0/0,0/0
PI533784,0/0,0/0
PI533785,0/0,0/0
PI533786,0/0,0/0
PI533787,0/0,0/0
PI533788,1/1,0/0
PI533789,0/0,0/0
PI533790,0/0,0/0
PI533791,0/0,0/0
PI533792,0/0,0/0
PI533793,0/0,0/0
PI533794,0/0,0/0
PI533795,0/0,0/0
PI533797,0/0,0/0
PI533798,0/0,0/0
PI533799,0/0,0/0
PI533800,0/0,0/0
PI533802,0/0,0/0
PI533803,0/0,0/0
PI533804,0/0,0/0
PI533807,0/0,0/0
PI533808,0/0,0/0
PI533809,0/0,0/0
PI533810,0/0,0/0
PI533811,0/0,1/1
PI533812,0/0,0/0
PI533813,0/0,0/0
PI533814,0/0,0/0
PI533816,0/0,0/0
PI533818,0/0,0/0
PI533819,0/0,0/0
PI533820,NA,0/0
PI533821,0/0,0/0
PI533822,0/0,0/0
PI533823,NA,0/0
PI533824,NA,0/0
PI533825,0/0,0/0
PI533828,0/0,0/0
PI533829,0/0,0/0
PI533830,0/0,0/0
PI533831,0/0,0/0
PI533832,0/0,0/0
PI533833,0/0,0/0
PI533834,0/0,0/0
PI533835,0/0,0/0
PI533836,0/0,0/0
PI533837,0/0,0/0
PI533838,0/0,0/0
PI533839,0/0,0/0
PI533840,0/0,0/0
PI533841,0/0,0/0
PI533842,0/0,0/0
PI533844,0/0,0/0
PI533846,0/0,0/0
PI533847,0/0,0/0
PI533848,NA,0/0
PI533849,0/0,0/0
PI533850,NA,1/1
PI533851,0/0,0/0
PI533853,0/0,0/0
PI533855,0/0,0/0
PI533856,0/0,0/0
PI533857,0/0,0/0
PI533858,0/0,0/0
PI533860,0/0,0/0
PI533861,0/0,0/0
PI533862,1/1,0/0
PI533863,0/0,0/0
PI533864,0/0,0/0
PI533867,0/0,NA
PI533869,0/0,0/0
PI533870,0/0,0/0
PI533871,0/0,0/0
PI533872,0/0,0/0
PI533873,0/0,0/0
PI533874,0/0,0/0
PI533876,0/0,0/0
PI533877,0/0,0/0
PI533878,0/0,0/0
PI533879,0/0,0/0
PI533880,0/0,0/0
PI533881,0/0,0/0
PI533882,0/0,0/0
PI533884,0/0,0/0
PI533885,0/0,0/0
PI533887,0/0,0/0
PI533888,0/0,0/0
PI533893,0/0,0/0
PI533894,0/0,0/0
PI533895,0/0,0/0
PI533897,0/0,0/0
PI533898,0/0,0/0
PI533899,0/0,0/0
PI533900,0/0,0/0
PI533901,0/0,0/0
PI533902,0/0,0/0
PI533903,0/0,0/0
PI533904,NA,0/0
PI533905,0/0,0/0
PI533906,0/0,0/0
PI533907,0/0,0/0
PI533908,0/0,0/0
PI533909,0/0,0/0
PI533910,0/0,0/0
PI533911,0/0,0/0
PI533912,0/0,0/0
PI533913,0/0,0/0
PI533914,0/0,0/0
PI533915,0/0,0/0
PI533916,0/0,0/0
PI533917,0/0,0/0
PI533918,0/0,0/0
PI533919,0/0,0/0
PI533920,0/0,NA
PI533921,0/0,0/0
PI533922,0/0,0/0
PI533923,0/0,0/0
PI533924,0/0,0/0
PI533925,0/0,0/0
PI533927,0/0,0/0
PI533928,0/0,0/0
PI533929,0/0,0/0
PI533930,0/0,0/0
PI533931,0/0,1/1
PI533932,0/0,0/0
PI533934,0/0,0/0
PI533935,NA,1/1
PI533936,0/0,0/0
PI533937,0/0,0/0
PI533938,0/0,0/0
PI533940,0/0,0/0
PI533941,0/0,NA
PI533942,0/0,1/1
PI533943,0/0,0/0
PI533944,1/1,0/0
PI533946,NA,0/0
PI533947,0/0,0/0
PI533948,0/0,0/0
PI533949,0/0,0/0
PI533950,0/0,0/0
PI533951,0/0,0/0
PI533953,0/0,0/0
PI533954,0/0,0/0
PI533955,0/0,0/0
PI533956,0/0,0/0
PI533957,1/1,0/0
PI533958,0/0,0/0
PI533959,0/0,0/0
PI533960,0/0,0/0
PI533962,0/0,0/0
PI533964,0/0,0/0
PI533965,0/0,0/0
PI533966,0/0,0/0
PI533967,0/0,0/0
PI533968,0/0,0/0
PI533969,0/0,0/0
PI533970,0/0,0/0
PI533971,0/0,0/0
PI533972,0/0,0/0
PI533973,0/0,0/0
PI533974,0/0,0/0
PI533975,0/0,0/0
PI533976,0/0,0/0
PI533977,0/0,0/0
PI533978,0/0,0/0
PI533979,0/0,0/0
PI533980,0/0,0/0
PI533981,0/0,0/0
PI533982,0/0,0/0
PI533983,0/0,0/0
PI533984,0/0,0/0
PI533985,0/0,0/0
PI533986,0/0,0/0
PI533987,0/0,0/0
PI533988,0/0,0/0
PI533989,0/0,0/0
PI533990,NA,NA
PI533991,0/0,0/0
PI533992,0/0,0/0
PI533993,0/0,0/0
PI533994,0/0,0/0
PI533995,0/0,0/0
PI533996,0/0,0/0
PI533997,0/0,0/0
PI533999,0/0,0/0
PI534001,0/0,0/0
PI534002,0/0,0/0
PI534004,0/0,0/0
PI534005,0/0,1/1
PI534006,0/0,0/0
PI534007,1/1,0/0
PI534008,0/0,0/0
PI534009,0/0,0/0
PI534010,0/0,NA
PI534011,0/0,0/0
PI534013,1/1,0/0
PI534014,0/0,0/0
PI534015,0/0,0/0
PI534016,0/0,0/0
PI534017,0/0,NA
PI534019,0/0,0/0
PI534020,0/0,NA
PI534021,0/0,0/0
PI534022,0/0,NA
PI534023,0/0,0/0
PI534025,0/0,0/0
PI534026,0/0,NA
PI534027,0/0,0/0
PI534028,0/0,0/0
PI534030,0/0,0/0
PI534031,0/0,NA
PI534032,0/0,0/0
PI534033,0/0,0/0
PI534034,0/0,0/0
PI534035,0/0,0/0
PI534036,0/0,0/0
PI534037,0/0,0/0
PI534038,0/0,0/0
PI534040,0/0,0/0
PI534041,0/0,0/0
PI534042,0/0,NA
PI534043,0/0,0/0
PI534044,0/0,0/0
PI534045,0/0,0/0
PI534046,0/0,0/0
PI534047,0/0,0/0
PI534049,0/0,0/0
PI534050,0/0,0/0
PI534051,0/0,0/0
PI534052,0/0,0/0
PI534053,0/0,0/0
PI534054,0/0,0/0
PI534055,0/0,0/0
PI534057,0/0,0/0
PI534058,0/0,0/0
PI534059,0/0,0/0
PI534060,0/0,NA
PI534061,0/0,0/0
PI534062,0/0,0/0
PI534063,0/0,0/0
PI534065,0/0,0/0
PI534066,0/0,0/0
PI534067,0/0,0/0
PI534069,0/0,0/0
PI534070,0/0,0/0
PI534072,0/0,0/0
PI534073,0/0,0/0
PI534074,0/0,0/0
PI534075,0/0,0/0
PI534076,NA,NA
PI534077,0/0,0/0
PI534078,0/0,0/0
PI534079,0/0,0/0
PI534080,0/0,0/0
PI534081,0/0,0/0
PI534082,0/0,0/0
PI534083,0/0,0/0
PI534084,0/0,0/0
PI534085,0/0,0/0
PI534086,0/0,NA
PI534089,0/0,0/0
PI534090,0/0,0/0
PI534091,0/0,1/1
PI534092,0/0,0/0
PI534094,0/0,0/0
PI534096,0/0,0/0
PI534097,0/0,0/0
PI534099,0/0,0/0
PI534100,0/0,0/0
PI534101,0/0,0/0
PI534102,0/0,0/0
PI534103,0/0,0/0
PI534105,0/0,0/0
PI534106,0/0,0/0
PI534107,0/0,NA
PI534108,0/0,0/0
PI534109,0/0,0/0
PI534110,NA,NA
PI534111,0/0,0/0
PI534112,0/0,0/0
PI534113,0/0,0/0
PI534114,0/0,0/0
PI534115,0/0,0/0
PI534116,1/1,0/0
PI534117,0/0,0/0
PI534118,1/1,0/0
PI534119,0/0,0/0
PI534120,0/0,0/0
PI534122,0/0,0/0
PI534123,1/1,0/0
PI534124,1/1,0/0
PI534126,1/1,0/0
PI534127,1/1,0/0
PI534128,0/0,0/0
PI534131,0/0,0/0
PI534132,0/0,0/0
PI534133,0/0,0/0
PI534134,0/0,0/0
PI534135,0/0,0/0
PI534136,0/0,0/0
PI534137,0/0,1/1
PI534138,0/0,0/0
PI534139,0/0,0/0
PI534140,0/0,0/0
PI534141,0/0,0/0
PI534142,0/0,0/0
PI534144,0/0,0/0
PI534145,0/0,0/0
PI534146,0/0,0/0
PI534147,0/0,0/0
PI534148,0/0,0/0
PI534149,0/0,0/0
PI534150,0/0,0/0
PI534151,0/0,0/0
PI534152,0/0,0/0
PI534153,0/0,0/0
PI534154,0/0,0/0
PI534155,0/0,0/0
PI534156,1/1,0/0
PI534157,0/0,NA
PI534158,0/0,0/0
PI534159,1/1,0/0
PI534160,0/0,0/0
PI534162,0/0,1/1
PI534163,0/0,0/0
PI534164,0/0,0/0
PI534165,0/0,0/0
PI534167,0/0,0/0
PI540816,0/0,0/0
PI542406,1/1,0/0
PI542718,1/1,1/1
PI543243,0/0,0/0
PI544069,0/0,0/0
PI548797,0/0,0/0
PI552856,0/0,0/0
PI552861,0/0,0/0
PI554647,0/0,0/0
PI554649,0/0,0/0
PI554650,0/0,0/0
PI554652,0/0,0/0
PI554654,0/0,0/0
PI555457,0/0,0/0
PI561071,0/0,0/0
PI561072,0/0,0/0
PI561073,0/0,0/0
PI561926,0/0,0/0
PI562621,0/0,0/0
PI562622,0/0,0/0
PI562623,0/0,0/0
PI562624,0/0,0/0
PI562625,0/0,0/0
PI562730,1/1,0/0
PI564085,0/0,0/0
PI564163,0/0,0/0
PI564164,0/0,0/0
PI564165,0/0,0/0
PI565121,0/0,0/0
PI566819,0/0,0/0
PI574398,0/0,0/0
PI574406,0/0,0/0
PI574407,1/1,0/0
PI576130,0/0,0/0
PI576328,0/0,0/0
PI576329,0/0,0/0
PI576332,0/0,0/0
PI576333,0/0,0/0
PI576334,0/0,0/0
PI576335,0/0,0/0
PI576338,0/0,0/0
PI576339,0/0,0/0
PI576340,0/0,0/0
PI576341,0/0,0/0
PI576342,0/0,0/0
PI576343,0/0,0/0
PI576345,0/0,0/0
PI576346,0/0,0/0
PI576348,0/0,0/0
PI576349,0/0,0/0
PI576351,0/0,0/0
PI576352,0/0,0/0
PI576354,0/0,0/0
PI576355,NA,0/0
PI576357,0/0,0/0
PI576358,0/0,1/1
PI576359,0/0,1/1
PI576360,0/0,1/1
PI576361,1/1,0/0
PI576362,0/0,0/0
PI576363,0/0,0/0
PI576364,0/0,0/0
PI576368,0/0,0/0
PI576369,0/0,0/0
PI576370,0/0,0/0
PI576371,0/0,0/0
PI576372,0/0,0/0
PI576373,0/0,0/0
PI576374,0/0,0/0
PI576375,0/0,0/0
PI576376,0/0,0/0
PI576377,0/0,0/0
PI576378,0/0,0/0
PI576379,1/1,0/0
PI576380,0/0,0/0
PI576381,0/0,0/0
PI576382,0/0,0/0
PI576383,0/0,0/0
PI576386,0/0,0/0
PI576387,0/0,0/0
PI576389,0/0,0/0
PI576390,0/0,0/0
PI576392,0/0,0/0
PI576393,0/0,0/0
PI576395,0/0,0/0
PI576396,0/0,0/0
PI576397,0/0,0/0
PI576398,NA,0/0
PI576399,0/0,0/0
PI576400,0/0,0/0
PI576401,0/0,0/0
PI576402,0/0,1/1
PI576403,0/0,1/1
PI576405,0/0,0/0
PI576406,1/1,0/0
PI576407,0/0,1/1
PI576408,0/0,0/0
PI576409,0/0,0/0
PI576410,NA,NA
PI576411,0/0,0/0
PI576412,0/0,0/0
PI576413,0/0,0/0
PI576414,0/0,0/0
PI576415,0/0,0/0
PI576416,0/0,0/0
PI576417,0/0,0/0
PI576418,0/0,0/0
PI576419,0/0,0/0
PI576421,0/0,0/0
PI576422,0/0,0/0
PI576423,0/0,0/0
PI576424,0/0,0/0
PI576425,NA,0/0
PI576426,0/0,0/0
PI576427,0/0,0/0
PI576428,0/0,0/0
PI576429,0/0,0/0
PI576431,0/0,0/0
PI576432,0/0,0/0
PI576433,1/1,0/0
PI576434,0/0,0/0
PI576435,0/0,0/0
PI576436,0/0,0/0
PI576437,0/0,0/0
PI585295,0/0,0/0
PI594354,0/0,0/0
PI594355,0/0,0/0
PI595221,0/0,0/0
PI595699,0/0,1/1
PI595700,1/1,0/0
PI595701,0/0,0/0
PI595702,0/0,0/0
PI595703,0/0,1/1
PI595704,0/0,1/1
PI595705,0/0,0/0
PI595706,1/1,1/1
PI595708,0/0,0/0
PI595709,0/0,0/0
PI595710,0/0,0/0
PI595711,0/0,0/0
PI595712,0/0,0/0
PI595713,0/0,0/0
PI595714,0/0,0/0
PI595715,1/1,0/0
PI595716,0/0,0/0
PI595717,0/0,0/0
PI595718,0/0,0/0
PI595719,0/0,0/0
PI595720,0/0,0/0
PI595721,1/1,0/0
PI595722,1/1,0/0
PI595723,0/0,0/0
PI595724,0/0,0/0
PI595725,0/0,0/0
PI595726,0/0,0/0
PI595727,0/0,0/0
PI595728,0/0,0/0
PI595730,1/1,0/0
PI595731,0/0,0/0
PI595732,0/0,0/0
PI595733,0/0,0/0
PI595734,0/0,0/0
PI595735,0/0,0/0
PI595736,0/0,0/0
PI595737,0/0,0/0
PI595738,0/0,0/0
PI595739,0/0,0/0
PI595740,0/0,0/0
PI595741,0/0,0/0
PI595742,1/1,0/0
PI595743,0/0,0/0
PI595744,0/0,0/0
PI595745,0/0,0/0
PI595746,0/0,0/0
PI595747,0/0,0/0
PI595748,0/0,0/0
PI596332,0/0,0/0
PI596567,0/0,0/0
PI597943,0/0,0/0
PI597944,0/0,0/0
PI597945,0/0,0/0
PI597946,0/0,0/0
PI597947,0/0,0/0
PI597949,0/0,0/0
PI597950,0/0,1/1
PI597951,0/0,0/0
PI597952,0/0,0/0
PI597953,0/0,0/0
PI597955,0/0,0/0
PI597956,0/0,0/0
PI597958,0/0,0/0
PI597959,0/0,0/0
PI597960,0/0,0/0
PI597961,0/0,0/0
PI597962,0/0,0/0
PI597963,0/0,0/0
PI597964,0/0,0/0
PI597965,0/0,0/0
PI597966,0/0,0/0
PI597967,0/0,0/0
PI597968,0/0,0/0
PI597970,0/0,0/0
PI597971,0/0,0/0
PI597972,0/0,0/0
PI597973,0/0,0/0
PI597974,0/0,0/0
PI597975,0/0,0/0
PI597976,0/0,0/0
PI597977,0/0,0/0
PI597978,0/0,0/0
PI597979,0/0,0/0
PI597980,0/0,0/0
PI597981,0/0,0/0
PI597982,0/0,0/0
PI598069,0/0,0/0
PI598070,0/0,0/0
PI601264,0/0,0/0
PI601415,0/0,0/0
PI601552,0/0,0/0
PI601553,0/0,0/0
PI601554,0/0,0/0
PI601555,0/0,0/0
PI601556,0/0,0/0
PI601557,0/0,0/0
PI601716,0/0,0/0
PI601717,0/0,0/0
PI601718,0/0,0/0
PI601719,0/0,0/0
PI601720,0/0,0/0
PI601721,0/0,0/0
PI601743,0/0,0/0
PI601744,0/0,0/0
PI601756,0/0,0/0
PI601816,0/0,0/0
PI602599,0/0,0/0
PI602600,0/0,0/0
PI607931,0/0,0/0
PI609456,0/0,0/0
PI613536,0/0,0/0
PI629034,0/0,0/0
PI629040,0/0,0/0
PI629059,0/0,0/0
PI641824,0/0,0/0
PI641836,0/0,0/0
PI641849,0/0,0/0
PI641874,0/0,0/0
PI642791,0/0,0/0
PI642992,0/0,0/0
PI642998,0/0,0/0
PI651492,0/0,0/0
PI651496,0/0,0/0
PI653616,0/0,0/0
PI653617,1/1,0/0
PI655970,0/0,0/0
PI655971,0/0,0/0
PI655972,0/0,0/0
PI655973,0/0,0/0
PI655974,0/0,0/0
PI655975,0/0,0/0
PI655976,0/0,0/0
PI655977,0/0,0/0
PI655978,0/0,0/0
PI655979,0/0,0/0
PI655980,0/0,1/1
PI655982,0/0,0/0
PI655983,0/0,0/0
PI655984,0/0,0/0
PI655985,0/0,0/0
PI655986,0/0,0/0
PI655987,0/0,0/0
PI655988,0/0,0/0
PI655989,0/0,0/0
PI655990,0/0,0/0
PI655991,0/0,0/0
PI655992,0/0,0/0
PI655993,0/0,0/0
PI655995,0/0,0/0
PI655996,0/0,0/0
PI655997,0/0,0/0
PI655998,0/0,0/0
PI655999,1/1,0/0
PI656000,0/0,0/0
PI656001,0/0,0/0
PI656002,0/0,0/0
PI656003,0/0,0/0
PI656004,0/0,0/0
PI656005,0/0,0/0
PI656006,0/0,0/0
PI656007,0/0,0/0
PI656008,0/0,0/0
PI656010,0/0,0/0
PI656011,0/0,0/0
PI656012,0/0,0/0
PI656015,0/0,0/0
PI656016,0/0,0/0
PI656017,0/0,0/0
PI656018,0/0,0/0
PI656019,0/0,0/0
PI656020,0/0,0/0
PI656021,0/0,0/0
PI656022,0/0,0/0
PI656023,0/0,0/0
PI656024,0/0,0/0
PI656025,1/1,1/1
PI656026,0/0,0/0
PI656027,0/0,0/0
PI656028,0/0,0/0
PI656029,0/0,0/0
PI656031,0/0,0/0
PI656033,0/0,0/0
PI656034,0/0,0/0
PI656035,0/0,0/0
PI656036,0/0,0/0
PI656037,0/0,0/0
PI656038,0/0,0/0
PI656039,0/0,0/0
PI656040,0/0,0/0
PI656041,0/0,0/0
PI656042,0/0,0/0
PI656043,0/0,0/0
PI656044,0/0,0/0
PI656046,1/1,0/0
PI656047,1/1,1/1
PI656048,0/0,0/0
PI656049,NA,0/0
PI656050,0/0,0/0
PI656051,0/0,0/0
PI656052,0/0,0/0
PI656053,0/0,0/0
PI656054,0/0,0/0
PI656055,0/0,0/0
PI656056,0/0,0/0
PI656057,0/0,0/0
PI656058,0/0,0/0
PI656059,0/0,0/0
PI656060,0/0,0/0
PI656061,0/0,0/0
PI656062,0/0,0/0
PI656064,0/0,1/1
PI656065,0/0,0/0
PI656066,0/0,0/0
PI656067,0/0,1/1
PI656068,0/0,0/0
PI656069,0/0,0/0
PI656070,0/0,0/0
PI656071,0/0,0/0
PI656072,0/0,0/0
PI656073,0/0,0/0
PI656074,0/0,0/0
PI656075,0/0,0/0
PI656076,0/0,0/0
PI656077,0/0,0/0
PI656078,0/0,0/0
PI656079,0/0,0/0
PI656082,1/1,0/0
PI656083,0/0,0/0
PI656085,0/0,0/0
PI656086,0/0,0/0
PI656087,0/0,0/0
PI656088,0/0,0/0
PI656091,0/0,0/0
PI656092,0/0,0/0
PI656093,0/0,0/0
PI656094,0/0,0/0
PI656095,0/0,0/0
PI656096,0/0,0/0
PI656097,0/0,0/0
PI656098,0/0,0/0
PI656099,0/0,0/0
PI656100,0/0,0/0
PI656101,0/0,0/0
PI656102,0/0,0/0
PI656103,1/1,0/0
PI656104,0/0,0/0
PI656105,0/0,0/0
PI656106,0/0,0/0
PI656107,0/0,0/0
PI656108,1/1,1/1
PI656109,0/0,0/0
PI656111,0/0,0/0
PI656112,0/0,0/0
PI656118,0/0,0/0
PI656120,0/0,0/0
PI656121,0/0,0/0
PI659691,0/0,0/0
PI659694,0/0,0/0
PI659695,0/0,0/0
PI659696,0/0,0/0
PI659753,0/0,1/1
SC0003,0/0,0/0
SC0027,NA,0/0
SC0041,0/0,0/0
SC0092,0/0,0/0
SC0138,0/0,0/0
SC0150,0/0,0/0
SC0156,0/0,0/0
SC0157,0/0,0/0
SC0159,0/0,0/0
SC0178,0/0,0/0
SC0179,0/0,1/1
SC0191,0/0,NA
SC0201,0/0,0/0
SC0236,NA,1/1
SC0247,0/0,0/0
SC0263,NA,0/0
SC0266,0/0,0/0
SC0276,0/0,0/0
SC0287,0/0,0/0
SC0297,0/0,0/0
SC0314,0/0,0/0
SC0343,0/0,0/0
SC0371,0/0,0/0
SC0400,0/0,0/0
SC0409,0/0,1/1
SC0436,0/0,0/0
SC0445,1/1,0/0
SC0448,0/0,0/0
SC0456,0/0,0/0
SC0458,0/0,1/1
SC0470,0/0,1/1
SC0479,0/0,0/0
SC0505,0/0,0/0
SC0517,0/0,0/0
SC0521,0/0,0/0
SC0540,0/0,0/0
SC0542,0/0,0/0
SC0550,0/0,0/0
SC0551,0/0,0/0
SC0556,0/0,0/0
SC0581,0/0,NA
SC0582,0/0,0/0
SC0602,0/0,0/0
SC0616,0/0,1/1
SC0618,0/0,1/1
SC0631,0/0,0/0
SC0636,0/0,1/1
SC0685,0/0,0/0
SC0713,0/0,0/0
SC0741,0/0,1/1
SC0747,0/0,0/0
SC0753,NA,NA
SC0777,0/0,0/0
SC0814,0/0,1/1
SC0823,0/0,0/0
SC0834,0/0,1/1
SC0837,NA,0/0
SC0847,0/0,1/1
SC0848,1/1,0/0
SC0854,0/0,1/1
SC0858,0/0,1/1
SC0860,NA,0/0
SC0864,0/0,1/1
SC0868,0/0,0/0
SC0870,0/0,0/0
SC0871,1/1,1/1
SC0877,0/0,1/1
SC0878,0/0,0/0
SC0893,0/0,0/0
SC0895,0/0,0/0
SC0914,0/0,0/0
SC0921,0/0,0/0
SC0923,0/0,0/0
SC0965,0/0,0/0
SC1021,0/0,0/0
SC1023,0/0,1/1
SC1058,0/0,1/1
SC1082,0/0,0/0
SC1097,0/0,0/0
SC1107,1/1,0/0
SC1114,0/0,0/0
SC1119,0/0,0/0
SC1120,NA,0/0
SC1133,0/0,0/0
SC1166,NA,0/0
SC1170,0/0,0/0
SC1178,0/0,0/0
SC1193,0/0,0/0
SC1216,0/0,0/0
SC1442,0/0,0/0
SC1446,0/0,0/0
PI533755,0/0,0/0
PI533772,0/0,0/0
PI533775,0/0,0/0
PI533780,0/0,0/0
PI533854,0/0,0/0
PI533859,0/0,0/0
PI533926,1/1,0/0
PI533952,0/0,0/0
PI533963,0/0,0/0
PI534088,0/0,0/0
PI534098,0/0,0/0
PI534121,0/0,0/0
PI534130,0/0,0/0
PI534166,0/0,0/0
PI543247,0/0,0/0
PI554646,0/0,0/0
PI554648,0/0,0/0
PI576350,0/0,0/0
PI576366,0/0,0/0
PI576385,0/0,0/0
PI576391,0/0,0/0
PI576420,0/0,0/0
PI585291,0/0,0/0
PI595729,0/0,0/0
PI642793,0/0,0/0
PI656090,0/0,0/0
PI656110,0/0,0/0
PI656115,0/0,0/0
SC0412,0/0,0/0
SC0604,0/0,0/0
SC0615,0/0,0/0
SC0652,0/0,0/0
SC0999,0/0,0/0
SC1024,0/0,NA
PI153852,0/0,0/0
PI533827,0/0,1/1
PI533865,0/0,0/0
PI533883,0/0,0/0
PI533890,0/0,0/0
PI533933,0/0,0/0
PI534018,1/1,1/1
PI534024,0/0,0/0
PI534087,0/0,0/0
PI534093,0/0,1/1
PI534125,0/0,0/0
PI534143,0/0,0/0
PI561472,0/0,0/0
PI574397,0/0,0/0
PI576331,1/1,0/0
PI576353,NA,0/0
PI576430,0/0,0/0
PI603983,0/0,0/0
PI605723,0/0,0/0
PI605724,0/0,0/0
PI605725,0/0,0/0
PI605726,0/0,0/0
PI606788,0/0,0/0
PI613611,0/0,0/0
PI613613,0/0,0/0
PI619402,0/0,0/0
PI656013,1/1,1/1
PI656014,0/0,0/0
PI656032,0/0,0/0
PI656063,0/0,0/0
PI656113,0/0,0/0
PI656114,1/1,0/0
SC0235,0/0,0/0
SC0249,0/0,0/0
SC0438,0/0,0/0
SC0463,0/0,0/0
SC0547,0/0,0/0
SC0759,0/0,0/0
